series_id,frame_index,label,x0,x1,x2,x3,x4,x5,x6,x7,x8,x9,x10,x11,x12,x13,x14,x15,x16,x17,x18,x19,x20,x21,x22,x23,x24,x25,x26,x27,x28,x29,x30,x31,x32,x33,x34,x35,x36,x37,x38,x39,x40,x41,x42,x43,x44,x45,x46,x47,x48,x49,x50,x51,x52,x53,x54,x55,x56,x57,x58,x59,x60,x61,x62,x63,x64,x65,x66,x67,x68,x69,x70,x71,x72,x73,x74,x75,x76,x77,x78,x79,y0,y1,y2,y3,y4,y5,y6,y7,y8,y9,y10,y11,y12,y13,y14,y15,y16,y17,y18,y19,y20,y21,y22,y23,y24,y25,y26,y27,y28,y29,y30,y31,y32,y33,y34,y35,y36,y37,y38,y39,y40,y41,y42,y43,y44,y45,y46,y47,y48,y49,y50,y51,y52,y53,y54,y55,y56,y57,y58,y59,y60,y61,y62,y63,y64,y65,y66,y67,y68,y69,y70,y71,y72,y73,y74,y75,y76,y77,y78,y79
60e90a49-407d-4537-bce9-5df63510425a,1,ONE_HAND_LIFT_HEAVY,0.7863803554748816,0.0850257956188462,0.840559461928903,0.05380062676581295,0.8595834492003394,0.05315131161364607,0.877406290330631,0.05188521616400283,0.7718567955107775,0.04544718437188255,0.7382636145005393,0.03782798731511817,0.6998825541468164,0.028927296030398293,0.8266154916478987,0.0325191202978029,0.5647136837151597,0.0,0.7620241431189259,0.11086845970699402,0.6839243823906598,0.0988972520268099,0.7917099321706907,0.13743506379605275,0.22419201225592805,0.10528403352598324,0.8487268889887127,0.3085018293649925,0.0,0.20127196277902068,0.9241532031752143,0.43124414883440426,0.2392393420180111,0.36999357337909744,1.0,0.4773094757033831,0.27657612233111173,0.43604248712459776,0.9856512336907639,0.4737154008453021,0.36969550660110884,0.4237114613245172,0.9402757787536071,0.45716921612854616,0.37285258966578355,0.40629970733042453,0.5650671417468568,0.49613965460026954,0.20573009455766306,0.4884339479966278,0.957709917910136,0.6466770058275887,0.18987643229445192,0.6920279873190666,0.7642053968050246,0.8574745936445017,0.055470908977935864,0.8874801002871102,0.6476925913363056,0.8786843181151485,0.01819993093817133,0.9121825045832588,0.9422184737335864,0.9745212603726319,0.13860525664414516,1.0,0,0,0,0,0,0,0,0,0,0,0,0,0,0,0,0,0,0,0,0,0,0,0,0,0,0,0,0,0,0,0,0,0,0,0,0,0,0,0,0,0,0,0,0,0,0,0,0,0,0,0,0,0,0,0,0,0,0,0,0,0,0,0,0,0,0,0,0,0,0,0,0,0,0,0,0,0,0,0,0,0,0,0,0,0.3611111111111111,0.7742616033755274,0.8544444444444445,0.29957805907172996,0,0,0,0,0,0
60e90a49-407d-4537-bce9-5df63510425a,2,ONE_HAND_LIFT_HEAVY,0.7819543087278236,0.08200598922940247,0.8416787194541684,0.05141712461351796,0.8618810756712333,0.05090285219221716,0.8793952538105823,0.049792648589772316,0.7661456501903173,0.043082257735734965,0.7310754569463954,0.035342054985619986,0.6923978968863705,0.026094550291423244,0.8385580900139654,0.03193124158437737,0.5583273622119959,0.0,0.7599256159166591,0.10653179493877947,0.678467003797776,0.09525554851699995,0.7795530710067178,0.13249421235502332,0.21663588758550303,0.10200830056187771,0.8255837328083236,0.29602871967707006,0.0,0.21150414962850086,0.9172832176830362,0.40767220547431776,0.24718013752320675,0.35883845160845723,1.0,0.45438884536045393,0.2775139781382469,0.41816117672882686,0.9862799243995835,0.45403505377195297,0.36820815135103807,0.40493328972904324,0.9384108851212037,0.4385632339773665,0.374702881015875,0.39002177232830476,0.5523885539777464,0.47659669965853285,0.19412433497082535,0.47175784134482107,0.8675188618386265,0.6620245672591604,0.19203024179929154,0.6929772842463705,0.7209529521897365,0.8523179202077423,0.0511045673108811,0.8914814462995599,0.6169085013325584,0.8733018386704683,0.010931080640648428,0.9178832097808056,0.9009623114249813,0.958179670792653,0.1534632945936641,1.0,0,0,0,0,0,0,0,0,0,0,0,0,0,0,0,0,0,0,0,0,0,0,0,0,0,0,0,0,0,0,0,0,0,0,0,0,0,0,0,0,0,0,0,0,0,0,0,0,0,0,0,0,0,0,0,0,0,0,0,0,0,0,0,0,0,0,0,0,0,0,0,0,0,0,0,0,0,0,0,0,0,0,0,0,0.3611111111111111,0.7721518987341772,0.8555555555555555,0.29957805907172996,0,0,0,0,0,0
60e90a49-407d-4537-bce9-5df63510425a,3,ONE_HAND_LIFT_HEAVY,0.7772609682579962,0.08190455242348553,0.8406765685185993,0.05060299683654028,0.8615872824714937,0.05012049397677966,0.8790635001877104,0.04902376905189695,0.760501798148948,0.042375086255323643,0.7241998549519808,0.03459955883069891,0.6851071403481931,0.02518966314533407,0.8432424561000352,0.03212125127217362,0.551113861056614,0.0,0.7561491286980639,0.10638707545150554,0.6723307488078393,0.09556458653817211,0.7693031939852384,0.13108849233238415,0.20785901381683766,0.10331357677938828,0.8173646360148784,0.294100041087142,0.0,0.2253950078705495,0.9118037587549547,0.4060411594747488,0.2496249376090753,0.36331709030247156,1.0,0.45301110217187135,0.2750828926286236,0.4193122911665829,0.990713403997648,0.45444001576763615,0.3640217830092282,0.40486730612180216,0.9416358885092353,0.4394981409186612,0.372416216950219,0.3911536100312373,0.5411243494907652,0.4776542130697751,0.1851201459246156,0.47294674419466887,0.8406177874094141,0.6636717559677008,0.20086160407707412,0.6940165702722434,0.6878059510650338,0.8500815184364049,0.056083732153942606,0.8896090322260731,0.5881842597297584,0.8704879300928703,0.015147093069338565,0.9151098248917415,0.8600149390038466,0.9573741563165965,0.15825451646802952,1.0,0.0,0.0,0.39433896597247076,0.1652057770068711,0.6398601157288959,0.38723865238200256,0.6989806431639795,0.559544014385137,0.615745163748796,0.7038077612542888,0.8081274457317452,0.5079219187372493,1.0,0.8398699475213499,0.8637705850629075,0.9396595766450304,0.6980223156230065,0.9406765190014746,0.6392310900384218,0.5221528897823909,0.745636011030626,0.8512512677213094,0.6039228329424107,0.9637011724218506,0.45027887134255573,0.9815443282476998,0.3864505105657583,0.5283966116669766,0.42708971109185256,0.8359024205440331,0.32658954693389414,0.9610444018740498,0.2185469900923524,1.0,0.09225480075759145,0.5283077761178243,0.13015113377444007,0.7952924763548804,0.09618769022358019,0.9163390351698902,0.0434303787858621,0.9752497938116534,0,0,0,0,0,0,0,0,0,0,0,0,0,0,0,0,0,0,0,0,0,0,0,0,0,0,0,0,0,0,0,0,0,0,0,0,0,0,0,0,0,0,0.3611111111111111,0.7721518987341772,0.8555555555555555,0.29957805907172996,0,0,0,0,0,0
60e90a49-407d-4537-bce9-5df63510425a,4,ONE_HAND_LIFT_HEAVY,0.7726914280639381,0.08265347396626664,0.839192616707442,0.050557971529903975,0.8603905905014433,0.05015148397015908,0.877733637941476,0.04911442053201551,0.7553156174589343,0.04194614750529264,0.7175907905422015,0.03395323861160815,0.6780318445600062,0.024375858967908386,0.8448480747313369,0.03271992403137343,0.5443317560994607,0.0,0.7523012002239434,0.10724288466238449,0.6659407942821477,0.09641923405237021,0.7614007056649985,0.1308671017560838,0.204209304285525,0.10423681255678065,0.809260683728102,0.29283633220638816,0.0,0.2297567185101848,0.9080307050612496,0.4047265010740177,0.24482759260178888,0.36593633868267583,1.0,0.4529602684227854,0.2667243078575342,0.4210954849261879,0.9932891147372219,0.4555078749962536,0.35777149485134074,0.4064804527860622,0.9432966461440124,0.44077745480598185,0.36716545666185385,0.3933730104873752,0.5313361127761713,0.47926523801043186,0.17633135387494486,0.4750354352395905,0.849992715862379,0.6623536064129233,0.2185140318041727,0.6950837240715801,0.6819438488806228,0.8513793530575385,0.07445501359877404,0.8905897977490985,0.5770176494551527,0.8726665429585843,0.03568671078635511,0.9156874607962145,0.8571878365822785,0.9576672186912789,0.17041997226052033,1.0,0.0,0.0,0.41186056985729863,0.21004613081269513,0.647445242497511,0.4308611827883648,0.724823796204112,0.6023724514431158,0.6905035635834953,0.7383313895497603,0.8182167464719733,0.49403594975381365,1.0,0.7526413283729148,0.9269070307685014,0.8938228201317001,0.8027258253132951,0.9567048377587895,0.6428722403957079,0.5192829633391388,0.7507852131038734,0.7952564477450873,0.647678337205076,0.9321388800159914,0.5161566238404526,0.9830907712037299,0.39456415240443116,0.537235554829216,0.4628964585407481,0.8005732079317175,0.3881333064681806,0.9397848039119685,0.2963700437743959,1.0,0.1039691287788998,0.5485373000474747,0.14992829374674063,0.7783897638353607,0.13899951010603834,0.9100587592155264,0.10567388075032791,0.9986284338957137,0,0,0,0,0,0,0,0,0,0,0,0,0,0,0,0,0,0,0,0,0,0,0,0,0,0,0,0,0,0,0,0,0,0,0,0,0,0,0,0,0,0,0.3622222222222222,0.7721518987341772,0.8566666666666667,0.29957805907172996,0,0,0,0,0,0
60e90a49-407d-4537-bce9-5df63510425a,5,ONE_HAND_LIFT_HEAVY,0.7695686257331933,0.08383494373937994,0.8383920948603534,0.05125897645983628,0.859705425113662,0.050883293352378775,0.8769181625310861,0.04986540027705546,0.7520356263538817,0.04240501654307307,0.7130068507132957,0.034247199677256424,0.672990221885752,0.02449178129901826,0.8453225637156008,0.03337627954843626,0.539802776485251,0.0,0.7495146481622749,0.10867853202196419,0.6613215289595329,0.09773265780847067,0.7553909386113606,0.13132099199595307,0.20786654291468964,0.10458570226843202,0.7981781433401628,0.2964732577399847,0.0,0.2291827541678855,0.9054766448447742,0.40805285434439936,0.2386123111177597,0.369778965627778,1.0,0.45644255612545037,0.26054818930085366,0.4245941559566847,0.9961196647456458,0.45929290319957006,0.3528464469931328,0.4101060084496832,0.9464038507471815,0.444998344845476,0.36290949107688186,0.3971866378119858,0.5256792239660084,0.47912056071613585,0.17200092235445025,0.4783308001536082,0.8529989330111154,0.6556412117918476,0.23503488169316508,0.6937792376615508,0.6774292592981346,0.8417127745426913,0.09005125844355166,0.8859744100325316,0.5688955797237399,0.8625356813267607,0.05241097337321387,0.9097303060872871,0.8537384282121449,0.9500606992685126,0.17758959689969891,1.0,0.0,0.0,0.3905498459438781,0.2052767694361245,0.6265524514568126,0.4323679705473803,0.6999875927955499,0.6127052404827017,0.6830052317045431,0.7584368353084169,0.8065675468888935,0.4713704448278856,1.0,0.7213172016755653,0.9517070245455861,0.8805623833398446,0.8397671581298207,0.9596579687025221,0.6323962447527864,0.4974002420019968,0.7531545317314254,0.7806002300646786,0.65366632891499,0.9312654642531579,0.5168748319857731,0.9915760515692147,0.385666577059079,0.5195246369970048,0.4461734113608635,0.79228930633329,0.35532579251018426,0.9354068997699353,0.251748381893753,1.0,0.09587150271924565,0.5339545486608499,0.12744163444239956,0.760262024135087,0.10362186976571063,0.8905408961670357,0.05695733989536591,0.9777409710465772,0,0,0,0,0,0,0,0,0,0,0,0,0,0,0,0,0,0,0,0,0,0,0,0,0,0,0,0,0,0,0,0,0,0,0,0,0,0,0,0,0,0,0.3622222222222222,0.7721518987341772,0.8577777777777778,0.2974683544303797,0,0,0,0,0,0
60e90a49-407d-4537-bce9-5df63510425a,6,ONE_HAND_LIFT_HEAVY,0.7676254017330458,0.08977492105144935,0.836247177827289,0.05539101971821864,0.8573226360089516,0.055025710802056586,0.8742976963966845,0.053993714133517286,0.7500095509366422,0.04579112800986028,0.7103491058361489,0.037051610784129656,0.6699712563271083,0.02649278826893841,0.8424714974237252,0.036617110556561,0.537765849030771,0.0,0.7473150510164571,0.11565538762642785,0.6588863876333853,0.1041399998193236,0.7487676194130376,0.13790191347521488,0.20951326981323737,0.10998900055954625,0.7913782197756222,0.31221173218317105,0.0,0.24014211932069182,0.9040264064296286,0.42903032098671173,0.23668976306862405,0.3907692591303115,1.0,0.4807012014307531,0.2592950231669584,0.44795978314672175,0.9989573474787695,0.4837060579348455,0.3519907352816969,0.4329373359395598,0.9513046785960102,0.46798778227857774,0.36176552522820543,0.4181289678326473,0.5210499545994937,0.5032062209616475,0.17136858417121723,0.5050638027295962,0.8689446287287631,0.6434427549161976,0.2847517283065188,0.6961621702408476,0.6673397409620777,0.8381278140323528,0.1597046705835488,0.8864275502223798,0.5526169876159974,0.8590717568550839,0.11955335896632639,0.9121407789709965,0.8379430111614827,0.9545475280787131,0.2648607927752379,1.0,0.0,0.0,0.3969138093750442,0.20113525830251294,0.637800392522693,0.4247056625833324,0.7106641862773805,0.600771870676269,0.6899963316653477,0.7378754254456281,0.8174813018342761,0.4590330864364636,1.0,0.708577211756163,0.9703746599715024,0.865628067723244,0.869917805356204,0.9522644566916464,0.6381519866154769,0.48731509926690586,0.758470097629951,0.7633574475299552,0.665489243724372,0.915384272746515,0.5227180944688697,0.983121328443507,0.3785547196880718,0.5132132008738706,0.4458713818736373,0.7894078238833789,0.3583103019246239,0.9332636069225965,0.2495414581684669,1.0,0.06926621333162072,0.534574827154351,0.10110670499731678,0.766090105905187,0.0829119828274043,0.8960843981919014,0.03880270781877774,0.9825232788723796,0,0,0,0,0,0,0,0,0,0,0,0,0,0,0,0,0,0,0,0,0,0,0,0,0,0,0,0,0,0,0,0,0,0,0,0,0,0,0,0,0,0,0.3622222222222222,0.7721518987341772,0.8577777777777778,0.29957805907172996,0,0,0,0,0,0
60e90a49-407d-4537-bce9-5df63510425a,7,ONE_HAND_LIFT_HEAVY,0.7639456700646614,0.09646471771158759,0.8325029279890155,0.06031953156781993,0.8534061068128741,0.06019770127028853,0.8702501454189822,0.05938169638267476,0.7468991388801851,0.049373653023668786,0.7068770277639824,0.0398640359130644,0.6660874677116192,0.02839626300907691,0.8381797382747302,0.04092350618963848,0.5354686082835771,0.0,0.7434245643932592,0.1236601161571744,0.6551382130535675,0.11139421056873601,0.7398558649157767,0.14646335560678342,0.20713298168567124,0.11621677733117514,0.7809152086581781,0.3327754342923679,0.0,0.25399385178859546,0.9011322245574578,0.4541219677226276,0.23710828213222826,0.41533681424855323,0.9991365683432062,0.5090568257110556,0.25809299466501207,0.4753320651009749,1.0,0.5119889948872485,0.3511330708567149,0.4596543689424835,0.9530140844837843,0.4951351602715846,0.36109071048267544,0.4433517963602998,0.5132278638044413,0.5392156479988034,0.1676549790675103,0.5362255242997328,0.8816047980626766,0.6496068679232908,0.30735462952527565,0.7057322662413429,0.6544380552290767,0.8470539364872219,0.19942608525494868,0.891936764674879,0.5362044758084326,0.8683107531927693,0.15962174138663449,0.9202310650297464,0.8162502667906805,0.9651090347544077,0.3141592883820451,1.0,0.0,0.0,0.3991625904021725,0.20470053794393106,0.6329464432816911,0.438460727829793,0.6959441878433578,0.6231238091466028,0.6715286417943518,0.7650770704051625,0.8195035763184656,0.4620617270503896,1.0,0.7068368246172648,0.9757901135672854,0.866253106650956,0.882685391917918,0.9584886364118588,0.6369585101608349,0.4892853252912861,0.7631585226594856,0.7560502778834742,0.6715968162527909,0.9158824303240253,0.5321834574676597,0.9956920635234974,0.3688170027099347,0.5153451229293119,0.4393537061339969,0.7838075057535813,0.3486930388196729,0.9289837626653049,0.24334077571171295,1.0,0.043698691618518457,0.540748934508898,0.07899942619830813,0.7781345524654467,0.05266022418034417,0.9100305395989255,0.0062902300319851836,0.9958313942550474,0,0,0,0,0,0,0,0,0,0,0,0,0,0,0,0,0,0,0,0,0,0,0,0,0,0,0,0,0,0,0,0,0,0,0,0,0,0,0,0,0,0,0.3622222222222222,0.7721518987341772,0.8588888888888889,0.29957805907172996,0,0,0,0,0,0
60e90a49-407d-4537-bce9-5df63510425a,8,ONE_HAND_LIFT_HEAVY,0.7592570869262171,0.10035166414004966,0.8278256415158085,0.06395794184122282,0.8487137616056892,0.0640184515739652,0.8656354084492998,0.06339615158989935,0.7427130122542341,0.05179886822987556,0.7025720216331269,0.041567360084317495,0.6613446576020381,0.029388880630031165,0.8328884188373963,0.04384703477829715,0.5327510239446961,0.0,0.7385973721390633,0.12772191427068302,0.6502204504260152,0.11489518619372194,0.7291595160704026,0.15016677452635946,0.20150416477621969,0.11900980351138936,0.7708691380368689,0.34154265769250286,0.0,0.2598887012595104,0.9009734741584433,0.46296523950637947,0.2349475422948071,0.4259529114550554,0.9984336444321139,0.5195633151232939,0.25439344013350124,0.4871203954519113,1.0,0.5225078402276002,0.3475902516451285,0.4712914588475956,0.9533521478063678,0.5049297072299227,0.3580234500248577,0.45422891595222603,0.5042733928718098,0.5548631665528725,0.15904498446574986,0.5493733604065613,0.9105257397673286,0.6487100010415062,0.3005004848440461,0.7114488242106585,0.6527589767525194,0.8480964025305932,0.18714731914448146,0.8912819695684336,0.5349932854220109,0.8690883615682413,0.14493268146790958,0.9185241233321435,0.8166540567905786,0.9697488723691953,0.30006788023534847,1.0,0.034257166109051454,0.0,0.4151901166470748,0.18881023113491846,0.6390496428248486,0.42096512469730635,0.6950221539017994,0.607725419848145,0.6633601591463966,0.7488864082967486,0.8205466136178678,0.4503129469077992,1.0,0.701517837082158,0.968703092503843,0.8587270282704289,0.8598618772040871,0.9361866483118698,0.6389151369924948,0.4810637698422605,0.758141558911294,0.7678244216277519,0.6652556741115834,0.9270739196644782,0.5205884347590198,0.9876590144758005,0.3724059589474636,0.5084836251199184,0.43212767881363595,0.8077596567748102,0.33072610543448777,0.9492095192921516,0.21756940048829007,1.0,0.04876458088434759,0.5331038983733893,0.07782801338276517,0.7898494645130689,0.04685211140247762,0.9162372191056316,0.0,0.9846925274341206,0,0,0,0,0,0,0,0,0,0,0,0,0,0,0,0,0,0,0,0,0,0,0,0,0,0,0,0,0,0,0,0,0,0,0,0,0,0,0,0,0,0,0.36333333333333334,0.7721518987341772,0.8588888888888889,0.2974683544303797,0,0,0,0,0,0
60e90a49-407d-4537-bce9-5df63510425a,9,ONE_HAND_LIFT_HEAVY,0.755560991736085,0.10429381572841608,0.8245776073919535,0.0676808242708704,0.8454679377662739,0.06784663884885614,0.8623913983697534,0.06738273863364798,0.7400640797259833,0.05471596767560359,0.6999719951546647,0.04391958607435431,0.6586557342820735,0.0310891786888923,0.8298390798502652,0.04717438500434587,0.5307781949965781,0.0,0.7349616880459081,0.1319611886584938,0.6471826545610614,0.11870787614430572,0.7224477477641694,0.1546696235098842,0.19957615743694354,0.12163563149846923,0.7638675768517582,0.3523004697720506,0.0,0.2671445957000602,0.8996568992173557,0.4754564962228691,0.2383852389608711,0.4386790887892814,0.9976978857170318,0.5333319286172827,0.2586160469420863,0.5016308501140537,1.0,0.536178748481915,0.34920260759908994,0.48527720393700485,0.9529263820556882,0.5179930713259707,0.3597816864882421,0.46795549593588054,0.49068362478809946,0.5719916708439391,0.1497909164875627,0.5647382918846947,0.9253670871812377,0.6440065561873543,0.316146740418283,0.7101198915978025,0.6551741851667117,0.8517227898495341,0.19664269131534948,0.8927689596944243,0.5334135917954088,0.8750977846305706,0.1484969352093818,0.9211222437023534,0.8162873860542499,0.9727818305007708,0.3140169636450709,1.0,0.045308411553860256,0.0,0.41693099028716935,0.18701566951057544,0.6430140938600994,0.41562967344279367,0.7043995009298072,0.5989337666545319,0.6727044640944834,0.737903136405346,0.8191119859571349,0.44711495480237706,1.0,0.6919348759434498,0.9775781043718503,0.8543670294444329,0.8773912363546118,0.9405418279164608,0.6410094272591595,0.47922497108768247,0.7651140416186465,0.7530619878657667,0.6797077651650365,0.9189696987468826,0.5401063640515343,0.9918058522678915,0.3771594928159503,0.5061010890485076,0.44423366548018506,0.7893731409040097,0.34294530739165563,0.9376123324891485,0.22913486567373909,1.0,0.05378489893375308,0.5284170354164268,0.08072834331133753,0.7722903776517261,0.04771423811903572,0.901123807657455,0.0,0.9755877765086794,0,0,0,0,0,0,0,0,0,0,0,0,0,0,0,0,0,0,0,0,0,0,0,0,0,0,0,0,0,0,0,0,0,0,0,0,0,0,0,0,0,0,0.36333333333333334,0.7721518987341772,0.8588888888888889,0.2974683544303797,0,0,0,0,0,0
60e90a49-407d-4537-bce9-5df63510425a,10,ONE_HAND_LIFT_HEAVY,0.7526741121300478,0.11029722249252864,0.8217295921383873,0.07236207957466194,0.8426719027629536,0.07270087438884523,0.8596188893625717,0.07237863685194841,0.7376670120747617,0.05817871402241623,0.6977739329949786,0.04660609704791492,0.6563150038845444,0.032948207190602825,0.8266223548533986,0.05105511491573459,0.5296691031940395,0.0,0.7318228730692673,0.13951190889430792,0.6442414869351721,0.12534309147605222,0.7169533138950519,0.1633375888440745,0.2001176254593772,0.12625120003950507,0.7552023334235751,0.3738467638511065,0.0,0.2805486365178981,0.8980849040066302,0.5018794930374713,0.23908048838422657,0.46308080580685984,0.996302577491217,0.5624708492672921,0.26213009956673583,0.5295240460563422,1.0,0.5652666084741307,0.35100930734785707,0.5123382216031802,0.9529871576647924,0.5461299784997461,0.36130993686188967,0.49443167145714206,0.47639099366544374,0.6031390080254382,0.14206313396129147,0.5927980685113022,0.9462758680063936,0.6500989321524412,0.38027398226490206,0.6984412436935896,0.65705602353339,0.8682459985369564,0.26108599209399247,0.8935406769215277,0.5313276844069509,0.893428552201658,0.20193470023659935,0.9246975997273374,0.8159866898598348,0.9880670443856064,0.40181105866025224,1.0,0.05586988139835686,0.0,0.4186529563211914,0.17783146223007001,0.6427462278104028,0.40372278637135595,0.7075159836647449,0.587806486284037,0.6839465761587109,0.7251655795445495,0.8084251995792096,0.4360584211844238,1.0,0.6792940725715897,0.9872197758094682,0.843841861579734,0.8915145437654485,0.9370148399164551,0.6373745538044979,0.4672137793176781,0.7700331020327398,0.7409317800079068,0.6942114483173413,0.9100112574717971,0.556029187027044,0.9905986836865673,0.38596120544612844,0.49498507972428163,0.44987462367538766,0.7807002879301104,0.3528927107333984,0.9318783045056435,0.23691485924648997,1.0,0.0830848724492933,0.5193744748845015,0.09881197128697707,0.7627478850087642,0.05679888474880577,0.8903210854814488,0.0,0.9657827386867431,0,0,0,0,0,0,0,0,0,0,0,0,0,0,0,0,0,0,0,0,0,0,0,0,0,0,0,0,0,0,0,0,0,0,0,0,0,0,0,0,0,0,0.36333333333333334,0.7721518987341772,0.86,0.2974683544303797,0,0,0,0,0,0
60e90a49-407d-4537-bce9-5df63510425a,11,ONE_HAND_LIFT_HEAVY,0.7377518115223737,0.10721803498296566,0.8057629445112313,0.0709034914150688,0.82624345830627,0.07137952993169148,0.8429016568271309,0.07121190611877024,0.7242615034276575,0.05681627753427174,0.6850616185344889,0.045559492065427656,0.6437946340432542,0.032235119897855075,0.8102729985779238,0.0505415415195334,0.5200470237567256,0.0,0.7169698371867825,0.13555507587219465,0.6309340208132445,0.121709358290667,0.6998276667608178,0.15905397231558915,0.19315568076330217,0.12236809950490449,0.7342777598150443,0.36715190002493403,0.0,0.2771637854172621,0.8809993202320285,0.4863203257582308,0.23347556820713344,0.4476769374241973,0.9783257024643734,0.5444443219089943,0.25810744912061406,0.5114421222883968,0.982653449546542,0.5465505892249802,0.34465523746302257,0.4948156382738526,0.9363423659767751,0.5281845076682099,0.35483029713177155,0.4784948997194461,0.46377486640699506,0.5835811456716494,0.1342558094000915,0.5732349703031434,1.0,0.6380184481725035,0.432691116785609,0.6672058304521308,0.7355874270312207,0.8742114755978807,0.26389957909977135,0.8754014899389772,0.5999547093859076,0.8995351980622041,0.19134793942012482,0.9038973976490848,0.9226117069697268,1.0,0.39067569263369417,0.9891728925016711,0.07776934034687079,0.0,0.4286908371347963,0.17743792694988156,0.6443615482254604,0.4055024783218713,0.7004927582823854,0.5844501834303195,0.6817413379301935,0.7158533534972514,0.8197347197818339,0.4457895841479403,1.0,0.6893245997883939,0.9805269021633696,0.8541082066379925,0.8812336139856884,0.9481493088299561,0.6472438238929568,0.4797716321273317,0.7627931468353167,0.7431673643535662,0.6857920438105901,0.9068027347793086,0.5520821670278749,0.9864015743956575,0.3940824663411173,0.5101759982289487,0.44109459961310993,0.7910712848172597,0.34716677844722943,0.9352322779860616,0.23843625459362686,1.0,0.08780520250757982,0.5377394225682545,0.09469162421776701,0.7808201750350761,0.05345069368615344,0.9059208029532857,0.0,0.9802675840099363,0,0,0,0,0,0,0,0,0,0,0,0,0,0,0,0,0,0,0,0,0,0,0,0,0,0,0,0,0,0,0,0,0,0,0,0,0,0,0,0,0,0,0.36333333333333334,0.7721518987341772,0.8622222222222222,0.2974683544303797,0,0,0,0,0,0
60e90a49-407d-4537-bce9-5df63510425a,12,ONE_HAND_LIFT_HEAVY,0.7119529207628508,0.10684323450412245,0.7780604061680573,0.0710117260828954,0.7978115046188263,0.07155379661442311,0.8139088986705187,0.07146519271787623,0.6994868279089169,0.056912935077851785,0.6612471406179556,0.04538534807513768,0.6208918377405519,0.031793556673681396,0.7830684138255904,0.051416899077196786,0.5018701716640345,0.0,0.6916936859848348,0.1349585596680298,0.6082960838807578,0.12087686400302583,0.6726440258195904,0.15854197504779918,0.18509762839314328,0.12058082274868097,0.7026284308123718,0.3697301616396831,0.0,0.2715091402505635,0.8507988426466547,0.48229213485332373,0.22564940536352465,0.4422222329808072,0.9452570836741726,0.5395728282217842,0.2495294336431055,0.5058416838548574,0.9494268547372461,0.5413579708841342,0.33405750525087424,0.48949821447512476,0.9043650952572224,0.5232232897646933,0.3437184397379658,0.47274533718230205,0.4465189985094932,0.5770840812062009,0.12395730941120818,0.5669163844912465,1.0,0.6242505413350613,0.4605352739396049,0.6203873651167826,0.7542917991198119,0.8739304380421443,0.26317040588653035,0.8528144037459272,0.6193807120728672,0.9013701729726427,0.18140427231031725,0.885485590701562,0.9520847070989599,1.0,0.3855000136798309,0.9667226465698976,0.0941904193270983,0.0,0.4467508944842736,0.180589626341655,0.6607442822070035,0.41104033482452984,0.7139087291862533,0.5862470063282209,0.6885122821713577,0.7119964788568061,0.8343321555400101,0.45975726083205676,1.0,0.6988779946141731,0.976366901185665,0.8582775765143196,0.8766803605562511,0.9473867682130666,0.6545853736783243,0.49311693333127504,0.7620192843234669,0.7508841451265303,0.6856773351275002,0.9089177044070654,0.554544603909442,0.9855241093119662,0.39549126457574935,0.5202241354117939,0.4406365430800558,0.792111820708903,0.3493389950586149,0.9338127037590573,0.24378873685007865,1.0,0.08434663660546003,0.5416816402610845,0.09370363274235734,0.7780502243974871,0.052986218481404085,0.9005600154229518,0.0,0.9739985402764858,0,0,0,0,0,0,0,0,0,0,0,0,0,0,0,0,0,0,0,0,0,0,0,0,0,0,0,0,0,0,0,0,0,0,0,0,0,0,0,0,0,0,0.36333333333333334,0.7721518987341772,0.8622222222222222,0.2974683544303797,0,0,0,0,0,0
60e90a49-407d-4537-bce9-5df63510425a,13,ONE_HAND_LIFT_HEAVY,0.7107683875292727,0.11073175098469293,0.7777180960138853,0.07429957506243352,0.7973749154554516,0.07495783658704028,0.8135037514742315,0.07481942044161029,0.699192939884463,0.058974148953562046,0.6602642517027087,0.046344650779632506,0.6192045721771595,0.03182572465489787,0.7831425101458445,0.05432358051270006,0.500484180221552,0.0,0.6899226089525172,0.14000212808877888,0.6062265476763439,0.12482741385509466,0.668167309547635,0.16466041739174608,0.18070084563496822,0.12418886830721668,0.696379010094285,0.3842976824237989,0.0,0.2779820961807656,0.848168661861498,0.4970990401767845,0.2271909229821353,0.45537185212075654,0.9440463185449103,0.5547892723586906,0.24946201643559984,0.520412504847538,0.9486762981465122,0.556388811237907,0.3361876197859874,0.5038943216036827,0.9021995843729163,0.5370168295482225,0.34636428024490845,0.48641612012504637,0.44091256054247335,0.5926590735659932,0.11590945401025883,0.5814155919081065,1.0,0.617896950749395,0.46981218594355506,0.5572209253438012,0.7706467710315222,0.8843382321708708,0.3053532680619168,0.825182596343464,0.6385057609966752,0.9192856927792292,0.21672704541959525,0.8630660013368812,0.9743188018100263,1.0,0.45082394409319076,0.9386688048393709,0.09473749297358067,0.0,0.4479955030916245,0.1739363996178518,0.6776121416526139,0.3977005595741777,0.7783552557616639,0.5660219280287521,0.8211557054525014,0.6808279878076521,0.8321472737492973,0.46601337518766206,1.0,0.710043765069833,0.968726250702642,0.86630781129157,0.8659629005059022,0.9472249670169692,0.6534569983136593,0.49510468131568175,0.7718650927487353,0.7515017515126701,0.6908532883642495,0.9105795004776853,0.5633749297358066,0.98464128110641,0.39213490725126476,0.5151547245348256,0.44997414277684095,0.781815931941222,0.35276222596964585,0.929894363313771,0.24609893198426083,1.0,0.07436762225969645,0.5290681952595423,0.0892017987633502,0.7702590418998225,0.04935019673974143,0.9043450252490788,0.0,0.9884729539147445,0,0,0,0,0,0,0,0,0,0,0,0,0,0,0,0,0,0,0,0,0,0,0,0,0,0,0,0,0,0,0,0,0,0,0,0,0,0,0,0,0,0,0.36444444444444446,0.7721518987341772,0.8633333333333333,0.2974683544303797,0,0,0,0,0,0
60e90a49-407d-4537-bce9-5df63510425a,14,ONE_HAND_LIFT_HEAVY,0.7189420728034007,0.12544120576420661,0.7870490016358407,0.08451760776248701,0.8069083338926296,0.08530767848731516,0.8232584523152038,0.08525708335234107,0.7073642345227882,0.06682068171793895,0.667777173108817,0.0519411100454888,0.6260632357947493,0.03515008039435844,0.7927807108265483,0.06266420174803382,0.5059799558978,0.0,0.6976270202389799,0.1584597620851403,0.6128877641866524,0.14094603270329326,0.6717331501536784,0.18608823754081424,0.18170304518656105,0.14074707690019045,0.6998911595870533,0.4329607638875418,0.0,0.31093658925914247,0.8541390893146369,0.55921363227183,0.231527453093906,0.5118698032796404,0.9514301678778464,0.6218878674284387,0.25400873957788356,0.5847105836540791,0.9582351195506007,0.6237798204608491,0.3421963607194464,0.5667935915147865,0.9102430472728037,0.6011394206335309,0.35331914742215603,0.5467596304334419,0.43406361261222653,0.6658900630057925,0.11529341224398042,0.650291457141225,1.0,0.6658078693227463,0.42873257522400826,0.6704457121024445,0.7714149172820948,0.8826409055111105,0.3019646260571711,0.893057349491848,0.642592059501582,0.9097330350780004,0.23801906405331077,0.9335778720264154,0.964488187257262,1.0,0.45696922306866894,0.9930394365130721,0.12490113661528862,0.0,0.46754826442259967,0.1823619608339448,0.6804735406128057,0.4121960658371307,0.7484980947321225,0.5856337727303652,0.7430402904428971,0.7121710466154919,0.8493360198719494,0.48148248398440613,1.0,0.717193179847968,0.9666193576961805,0.8699695453158823,0.8606083548150968,0.952858519227857,0.6727804692860782,0.5106616998878525,0.7642704182207536,0.7675143695924281,0.6814880834848784,0.9208287946368152,0.5507876889040646,0.9936113198078348,0.4174974827336803,0.5309064200639526,0.44723558885486475,0.8035771634494044,0.3407347690387697,0.9407139549463805,0.2259888793010345,1.0,0.10802045231157593,0.543837773025914,0.10752408993868015,0.7845201247449612,0.0578311255207714,0.9040790841501768,0.0,0.9720011500063279,0,0,0,0,0,0,0,0,0,0,0,0,0,0,0,0,0,0,0,0,0,0,0,0,0,0,0,0,0,0,0,0,0,0,0,0,0,0,0,0,0,0,0.36444444444444446,0.770042194092827,0.8633333333333333,0.2974683544303797,0,0,0,0,0,0
60e90a49-407d-4537-bce9-5df63510425a,15,ONE_HAND_LIFT_HEAVY,0.749723822324493,0.11881720567452835,0.8224603006527682,0.08062734921978065,0.8431559076558616,0.08140733564421498,0.8604890010622708,0.08137547799620803,0.7381455799052147,0.06346076041901623,0.6957981948611218,0.048737818519501964,0.6516371405180978,0.032418888599865886,0.8276950506159515,0.06013669535708341,0.5262344388786868,0.0,0.7267922689773214,0.14973740732542573,0.6378948873920807,0.13295854513534966,0.6972146266582862,0.17495604170526777,0.18579341188393705,0.13512516574367145,0.728541005223079,0.4038386662585281,0.0,0.29774683779032346,0.8878559487801286,0.524136801749606,0.24206872463419984,0.48080544148664217,0.9910814663665882,0.581392709176891,0.2642667042401284,0.5487076138626652,0.9986828775782772,0.5832864359702099,0.3563581130030349,0.5319791929486002,0.9478540899123319,0.5624242848646769,0.3678185846886163,0.5129795621667188,0.4503618638417535,0.6235765429332649,0.11567717323077589,0.6073673115185584,1.0,0.6525746163971013,0.3881857068344797,0.6796143461400578,0.766420529369899,0.8685485319960735,0.27573821030075885,0.8930295315888866,0.6301118333911223,0.8957086796412448,0.2282619628540496,0.9271957570822281,0.9825264305112353,0.9897285132311173,0.42494036132485496,1.0,0.1218504269658976,0.0,0.45685460774222714,0.18489158194117822,0.6558979671112262,0.4156981089025483,0.7064359814509599,0.5884092210405621,0.7024647925961853,0.7149945522010336,0.8470922206835405,0.4830851076887975,1.0,0.722448180926133,0.9580078875118785,0.8745598257859596,0.8433031863880067,0.9569165385645682,0.6726781328938215,0.5116826225682564,0.761596990718896,0.7659540363172157,0.6726605758278705,0.9196678900447159,0.5375534667524037,0.9954894101864094,0.42200273451302184,0.5309365665364345,0.4404958115424541,0.8063312882726831,0.3270727762329998,0.9411081740089807,0.20875680610634753,1.0,0.11625411219404069,0.542691393199674,0.1098633401879045,0.7838794249377059,0.0584573484002221,0.9002348799209798,0.0,0.9668843138769773,0,0,0,0,0,0,0,0,0,0,0,0,0,0,0,0,0,0,0,0,0,0,0,0,0,0,0,0,0,0,0,0,0,0,0,0,0,0,0,0,0,0,0.36444444444444446,0.770042194092827,0.8644444444444445,0.2974683544303797,0,0,0,0,0,0
60e90a49-407d-4537-bce9-5df63510425a,16,ONE_HAND_LIFT_HEAVY,0.7543930837765577,0.12524289428929322,0.8283658288483551,0.0853579872423162,0.8484799248139911,0.0861470842442715,0.8657520973963253,0.0860518100087667,0.7441969647668203,0.06736493573874626,0.7003867051091339,0.05177372754146315,0.654713470926352,0.034410030865499236,0.8304954007148315,0.06314625441275314,0.5283989236907334,0.0,0.7295001182264073,0.1575283647142792,0.6400172657588532,0.14000914339267545,0.6959714939670326,0.18228358170560738,0.18564667279249064,0.14252331442011837,0.7296038068475538,0.41803363932333654,0.0,0.30597264411334896,0.8878249462422603,0.54679489560621,0.24001970297592756,0.503078874545391,0.9925218056101316,0.606518612373328,0.2620604831761471,0.5743064902737239,1.0,0.6084472541975806,0.355161961626231,0.5572837585274633,0.9480133046397344,0.5862216637736865,0.36686744489430817,0.5372717681719298,0.44174880159470964,0.6477203576233822,0.11238200341809006,0.6288349451540517,0.9054137432532914,0.6584681925248941,0.3423537445274856,0.7122160640481768,0.6720448636077739,0.882241044916052,0.25976736121652194,0.9027381296606639,0.5432821959582389,0.9124223090608182,0.20696462571828422,0.9384769964196062,0.8738924024247317,1.0,0.4137274327595326,0.9967201772388935,0.11331294811392975,0.0,0.45362253222920684,0.18467772217062797,0.6498947930200308,0.4202517513385845,0.6921766252400513,0.5985561488895769,0.6793461856454809,0.7300760155470711,0.8400482071068299,0.47524227805867986,1.0,0.720082135199899,0.957538812845313,0.8741422453823134,0.8415672559132447,0.9576984372671092,0.6652362016999348,0.5011823685206205,0.7612578030332856,0.7613571870807966,0.6712675581919273,0.9169339536110251,0.5329324094366943,0.9913830415391142,0.41358919845842246,0.5194549782730827,0.4375330822364248,0.8028260757403777,0.32717730328919453,0.9403606152329195,0.209206595012183,1.0,0.10934526699825457,0.5321421507928319,0.1017565847320831,0.7782672066866164,0.054207841747704474,0.9013116408122084,0.0,0.9742680780563868,0,0,0,0,0,0,0,0,0,0,0,0,0,0,0,0,0,0,0,0,0,0,0,0,0,0,0,0,0,0,0,0,0,0,0,0,0,0,0,0,0,0,0.36444444444444446,0.770042194092827,0.8655555555555555,0.2974683544303797,0,0,0,0,0,0
60e90a49-407d-4537-bce9-5df63510425a,17,ONE_HAND_LIFT_HEAVY,0.7630647115416946,0.12140650771296058,0.8373769595630146,0.08198308083624926,0.8565117744613879,0.08263897362915103,0.8736241435300932,0.0823655605180128,0.753965549219971,0.06414577348308434,0.7072894171394855,0.04812339056252963,0.6583647973378253,0.030532261317023513,0.832116821573334,0.059886760601611105,0.5269574479393201,0.0,0.7329286850848146,0.15341591360996149,0.6429755095975608,0.1359785254528699,0.6917665000276587,0.17933852403138495,0.17962911341467516,0.1412098735189733,0.7279896046761603,0.40452907477099376,0.0,0.2988102327982794,0.8861388812661817,0.5285583943153157,0.23302185686255156,0.4882115084544563,0.9931981348289989,0.5872712402084025,0.2549691795568755,0.5568306565703776,1.0,0.5892650652029017,0.3496304041529232,0.541221962215685,0.9471949220838807,0.5678641234539421,0.36139412746636757,0.5220702875198812,0.42959153015392326,0.6233745277947764,0.10313128760359802,0.6044430617702281,0.8854581524220866,0.6568974759808658,0.32887316381637677,0.7125740239674612,0.6441363062976095,0.8785061681587829,0.22126051978788508,0.879293654616266,0.5129313533336298,0.8960956268557485,0.15428074966945168,0.9170133244723389,0.8479547222038434,1.0,0.397904665422207,0.9913756159799713,0.1065135784284089,0.0,0.44870206603166923,0.18241307621936234,0.647291734224455,0.41390405647256523,0.689656650709288,0.5887315137890928,0.6747409903101521,0.7173751375160855,0.8321551255063399,0.47389554824493935,1.0,0.7217905045209242,0.9589354907855757,0.876441156199531,0.8408820344833272,0.9574447168538937,0.6604101284468212,0.5009344551746184,0.7667467283709734,0.7616748548632867,0.6780761007568304,0.9173527883894873,0.5380058589778117,0.9888409962193906,0.40759248775715473,0.5201723853201601,0.44149651264406986,0.799780822964152,0.3344849760639321,0.939346167814358,0.2161424182298852,1.0,0.09815051966824775,0.5336377340956083,0.0967182029536723,0.7797323833540027,0.05319907883238157,0.9076507213428148,0.0,0.984762987866051,0,0,0,0,0,0,0,0,0,0,0,0,0,0,0,0,0,0,0,0,0,0,0,0,0,0,0,0,0,0,0,0,0,0,0,0,0,0,0,0,0,0,0.36444444444444446,0.770042194092827,0.8655555555555555,0.29535864978902954,0,0,0,0,0,0
60e90a49-407d-4537-bce9-5df63510425a,18,ONE_HAND_LIFT_HEAVY,0.7712178899339867,0.10860034619127965,0.8482514733736909,0.07243200796134296,0.8673377474237269,0.07332164072038018,0.8848299425520089,0.0733174870390469,0.7644229828038763,0.055337396988138575,0.7147027659809876,0.0402271169744838,0.6618704988496984,0.02395008141892644,0.8362933518748299,0.05476123172363283,0.5242553174641057,0.0,0.7369497023777446,0.13843380117781245,0.644503243258819,0.12181099422561542,0.6884962580828512,0.1642344379281311,0.1699047929930036,0.1307932849601023,0.7254059930064654,0.3641246633542864,0.0,0.2781913625370541,0.8857936047234184,0.47546625863068387,0.2300803374423337,0.43847054771299887,0.9937820583744794,0.5279900105769884,0.25163152778837883,0.4994949891026816,1.0,0.529744308858353,0.3459813351769247,0.48528930864547687,0.9471182409744932,0.51103815982526,0.3590966871445795,0.46939294443950064,0.42224746431029525,0.5581356237454584,0.09155274549134343,0.5406291210896081,0.8783445247337391,0.6217113284479721,0.29571692748161704,0.6900513056397466,0.6123442902521425,0.8558847754350564,0.12892110530137374,0.8934140989579362,0.47827118874470737,0.8838945837214429,0.05957152337590149,0.9298054040929202,0.8115696211274518,0.9769417410525528,0.28732662164590683,1.0,0.15940984413135004,0.0,0.5013605867894684,0.19106802202294926,0.690110983312581,0.43601828248300606,0.7113862016430623,0.6189010985784613,0.6572972121457996,0.7563294693103405,0.8673724598243862,0.5164882189259078,1.0,0.7777160401850562,0.9230529366447778,0.9212160625720697,0.7742138052623743,0.9697569797937018,0.6828041682941198,0.5429493018554797,0.7415996443700191,0.8305515939920596,0.6269715560753815,0.9660099075379643,0.475885999874839,0.9937624642450035,0.42438870702174997,0.5559352376730131,0.4239905654473536,0.8558672692320961,0.30694341642155965,0.9760510335827223,0.19276418150076716,1.0,0.11807001681042203,0.5598830590496016,0.096548792303891,0.8225407131695093,0.04892070185130437,0.9421908591988972,0.0,0.9978346986964887,0,0,0,0,0,0,0,0,0,0,0,0,0,0,0,0,0,0,0,0,0,0,0,0,0,0,0,0,0,0,0,0,0,0,0,0,0,0,0,0,0,0,0.36444444444444446,0.7679324894514767,0.8666666666666667,0.29535864978902954,0,0,0,0,0,0
60e90a49-407d-4537-bce9-5df63510425a,19,ONE_HAND_LIFT_HEAVY,0.7785704322180819,0.13715571844600735,0.8587932213044079,0.09089144479960158,0.8782706977854312,0.09231217760988325,0.8962413297667615,0.09262120810709054,0.7737572619045753,0.06898519434290802,0.7222567649593499,0.04988739962479621,0.6670986436832206,0.029303932759240023,0.8456756137704541,0.07016493511212527,0.5250305231168529,0.0,0.7430924165867532,0.17507304111655173,0.6481424055373065,0.1538014276759741,0.6871860227522324,0.20712515317182317,0.16347583574454574,0.1678763181988853,0.7241919294483314,0.454576554294887,0.0,0.35658343570377266,0.8856725956034621,0.5991341345892215,0.2337232246830533,0.5537282884680418,0.9938685086739836,0.663167960364031,0.25593026153491705,0.6296729667490691,1.0,0.6656027874556535,0.3473489276439244,0.6108384549828516,0.9441332363997208,0.643875461363568,0.3605764698954635,0.5921688504651209,0.4054410296516995,0.6884908899833801,0.08907936279061332,0.6842891670210751,0.88535107573696,0.6769484061515407,0.3620654024248778,0.716302895492647,0.6149913787448053,0.886102202802593,0.30708125116007995,0.9020248506125138,0.49089389015976803,0.9159990908492798,0.2518114039693374,0.9436556286284215,0.8333235190662848,1.0,0.5228660854083045,0.9876816559963147,0.14828876715300754,0.0,0.5023094863589521,0.18884908763306818,0.6908466670282584,0.42473779511263,0.7309616531973748,0.5980459718104247,0.7155480826598687,0.718141707471402,0.8604675381027282,0.5146555823177584,1.0,0.7692893707898674,0.9247675869176113,0.9159186313642962,0.7894559852470575,0.966838193677411,0.6659402288875631,0.5506254418297929,0.7263849867115041,0.8459832340197628,0.6046894831046266,0.9671742254023664,0.4691999783044964,0.9802186357408683,0.40618972717904217,0.57176651061838,0.4079817757769702,0.8787422473475377,0.28874979660465366,0.9828082312194985,0.18545641915712968,0.9893908924275658,0.10747735531811033,0.579273073622103,0.08938764441069588,0.8404724620888712,0.04140912295926669,0.9535341561783476,0.0,1.0,0,0,0,0,0,0,0,0,0,0,0,0,0,0,0,0,0,0,0,0,0,0,0,0,0,0,0,0,0,0,0,0,0,0,0,0,0,0,0,0,0,0,0.36444444444444446,0.770042194092827,0.8677777777777778,0.29535864978902954,0,0,0,0,0,0
60e90a49-407d-4537-bce9-5df63510425a,20,ONE_HAND_LIFT_HEAVY,0.7855516260103138,0.12640509187901175,0.8651045505334142,0.08255725019358413,0.8840677882186407,0.08387312601401682,0.9015641790507354,0.08423138930184432,0.7814150638735514,0.06312386897742439,0.7295400406657297,0.046078038571324566,0.6725927159508905,0.027377127861400997,0.8490462007248717,0.06431047753286363,0.5271725615471431,0.0,0.749065892209936,0.1616883503242663,0.6537010427485263,0.14262875397073824,0.6857189473719744,0.1925518931384978,0.16402534462911933,0.1557111449711391,0.7218128768809587,0.42204402562707033,0.0,0.33032323890707627,0.8867579826467381,0.5522052594169896,0.23326420684386004,0.5086610123435059,0.9969819142148892,0.6129410232423967,0.2563606309826951,0.5819586400714162,1.0,0.6154802261736304,0.3484222619552632,0.5655160657010311,0.944299877687747,0.5959629017467949,0.36193579675686866,0.5484252280074463,0.4028463760353502,0.6394838664580722,0.09093122720710604,0.63573345274739,0.8949269108335799,0.6600468909942503,0.38353026693777154,0.6867843346341715,0.6262135299631263,0.8717435379698107,0.274615650342238,0.8980409924790579,0.5010591768509152,0.9261888932362203,0.21681630319935996,0.936096303874845,0.8420790157408106,0.9839768777106331,0.46610847870337757,1.0,0.16464579290495607,0.0,0.5162865490700564,0.18247442742081635,0.7116270196018577,0.41794566699644375,0.7614307829841048,0.5923260722954565,0.756414756993655,0.7103591599300041,0.8679741839827312,0.5113799091478975,1.0,0.7771672445193127,0.9117883697097878,0.9255372247029778,0.7628153413426946,0.9711645587671685,0.669022959684277,0.5464309800321459,0.7273444824804308,0.8462414324803693,0.6000196236617753,0.9717743492844432,0.4575834550727166,0.9844351156150937,0.4052438785077295,0.5657285102691397,0.4126899679480191,0.8755165764978862,0.29201425986089,0.9852558446304268,0.18561040490155464,0.994160568761494,0.10325861805812965,0.5694689549037258,0.08987419052395176,0.8324435293872979,0.04281882999367682,0.9504034570145964,0.0,1.0,0,0,0,0,0,0,0,0,0,0,0,0,0,0,0,0,0,0,0,0,0,0,0,0,0,0,0,0,0,0,0,0,0,0,0,0,0,0,0,0,0,0,0.36444444444444446,0.7679324894514767,0.8677777777777778,0.29535864978902954,0,0,0,0,0,0
60e90a49-407d-4537-bce9-5df63510425a,21,ONE_HAND_LIFT_HEAVY,0.7953823211175785,0.12181598424111323,0.8743312435213861,0.07823446247547301,0.8928333925360917,0.07931545987765966,0.9098787903014072,0.07959064479119038,0.7912403235286903,0.06066267731122338,0.7389090218644417,0.044633765823004164,0.6795238099564201,0.02663240055257767,0.8538606406434961,0.06140841584730331,0.5300687175955746,0.0,0.7570766222994231,0.15610416823376674,0.661838840704001,0.13857261207963958,0.6873269909160862,0.18721087163967745,0.16220700312608735,0.15156845645113382,0.7164883618884438,0.41052403227665646,0.0,0.3220277064149996,0.8858846391099782,0.5366114542543269,0.23170543917393527,0.492880440768238,1.0,0.5959503994532757,0.2546584697343689,0.5645627347922404,0.9986688464183543,0.597713184871941,0.3483039091081703,0.5491150002862498,0.9429014378548191,0.5791253283850196,0.3618764064440461,0.5325706850920838,0.4030417801890915,0.6159561552567661,0.08699444099725911,0.6151194329224258,0.8951386661845654,0.6514198119274522,0.3553748533936808,0.6878773074238312,0.5861743086677381,0.8788196443878734,0.19935620407054547,0.8946429181153518,0.44614040411106376,0.9175176415890434,0.12923841026512237,0.9298720296446985,0.782899548211789,0.9977050723210804,0.3803715147215002,1.0,0.15629281195251757,0.0,0.5106060488976664,0.16725068856751857,0.7156232095565386,0.3961513734776253,0.7846544299228019,0.5665779453284926,0.7951992104661805,0.6850222183177155,0.862969737848719,0.5006824105689279,1.0,0.7763347439793303,0.9139593597622567,0.9288374245497983,0.7652163545660379,0.9747561388463825,0.6675347270136038,0.5381923857463123,0.726335788115264,0.8428908183523415,0.5979537473602171,0.97206987090255,0.4552845887458313,0.9872957317084378,0.4037573508225967,0.5593355346419394,0.41000893082858,0.8718758994200705,0.2896822987444955,0.9855372333719169,0.1830113340935761,0.9995839004772279,0.1006313400327427,0.5634586692240369,0.08552510291427619,0.8281067876050863,0.04109285081100534,0.9479044867805696,0.0,1.0,0,0,0,0,0,0,0,0,0,0,0,0,0,0,0,0,0,0,0,0,0,0,0,0,0,0,0,0,0,0,0,0,0,0,0,0,0,0,0,0,0,0,0.36444444444444446,0.7679324894514767,0.8688888888888889,0.29535864978902954,0,0,0,0,0,0
60e90a49-407d-4537-bce9-5df63510425a,22,ONE_HAND_LIFT_HEAVY,0.8149537413180651,0.12532237418989617,0.8918868058113183,0.07973030564140246,0.9098418669610593,0.08069270453465444,0.9264438873205526,0.08094740837967888,0.8107428717443249,0.06271977138797726,0.7580619160874866,0.04655593940890723,0.696807474080171,0.02795238876718843,0.8685599397992555,0.06275967507957454,0.5438977214627047,0.0,0.774807611990243,0.1607561564892716,0.6797995645454883,0.14407692189934934,0.6967774936297308,0.19382248033211005,0.17577676464354744,0.15755824092323492,0.7240716957104202,0.4243013321249286,0.0,0.33157446639049354,0.890601105725136,0.5551046161853656,0.23669311941743834,0.508357990121441,1.0,0.6197859577758459,0.26036268503991666,0.5864982500719123,0.99710089044244,0.6208221156054105,0.35569198454207973,0.5709176650083218,0.9380138043830958,0.6005791414652507,0.3697768001588503,0.5532164837627035,0.4017002144063444,0.6341629554360069,0.08999162622957323,0.6317769769562738,0.9250730888788903,0.6395422192832837,0.4386843286881316,0.5819102087185204,0.6098106642307166,0.8843251126911296,0.29752852697514093,0.8458310838998802,0.46822014598634415,0.9166285293356632,0.20903038841518495,0.8872772900303075,0.8163639755829987,1.0,0.5200139109290042,0.9581139165556268,0.17966615853492435,0.0,0.5280128053557595,0.1722273714806878,0.7256295621531565,0.4068020880449048,0.776396608629232,0.5811590280506885,0.7711870778356856,0.7033511786034716,0.8659589143342185,0.5131463040270496,1.0,0.7924656874012888,0.9145826545833737,0.9385954635444859,0.7677645435912747,0.9785597235713279,0.6713974857830259,0.555855201204185,0.7321499202934161,0.8580144294580426,0.6051467679879181,0.9838977332552293,0.4608435277491144,0.9931448951899335,0.4124398931724746,0.5790101807018975,0.4188501984764765,0.8868355293890837,0.29443056374292964,0.9955636460704567,0.18756817010463736,1.0,0.11386872766935334,0.5855012123414132,0.09715377214268514,0.8500619146837902,0.04394594989218091,0.9549980350429695,0.0,0.9864195516931997,0,0,0,0,0,0,0,0,0,0,0,0,0,0,0,0,0,0,0,0,0,0,0,0,0,0,0,0,0,0,0,0,0,0,0,0,0,0,0,0,0,0,0.36444444444444446,0.7679324894514767,0.8688888888888889,0.29535864978902954,0,0,0,0,0,0
60e90a49-407d-4537-bce9-5df63510425a,23,ONE_HAND_LIFT_HEAVY,0.8340265921549591,0.135419057815027,0.912900155101171,0.08644351123110194,0.9315077964977919,0.08745913490033916,0.9486939534222896,0.08771243971119544,0.8292871266028108,0.06799481547856938,0.7754004806952322,0.05058289075482632,0.7129977149216798,0.030558774653620734,0.8885085424041865,0.0678973348417291,0.5578001681249334,0.0,0.7935162974627343,0.17302277112913805,0.6958577331549473,0.15577011788870787,0.7073638720829732,0.20840601169026035,0.18743514758290808,0.17032839473927855,0.7324871834337742,0.45386926574861247,0.0,0.3567897914221443,0.896686518037911,0.5967923916782997,0.23988302293366168,0.5458145088036168,1.0,0.6680545900836381,0.26496110630942094,0.6347616356538225,0.9987838173831709,0.6677803117271437,0.3631221510519648,0.61576244226626,0.9388437266904252,0.6450668308706026,0.37775943926782773,0.5966374076048686,0.39537585394442404,0.6834619189357397,0.0869816838540865,0.6801969983727542,0.9503065320088562,0.6431841364907365,0.509758113212015,0.5579436492972877,0.6253089591645848,0.8947626275518924,0.4065128284060099,0.8785802045187214,0.4804267058168859,0.9314406079593562,0.30274114680148234,0.9294454559770492,0.8499307372633523,1.0,0.6853593966446052,0.9978375231563588,0.18087462184287845,0.0,0.5317880838004899,0.16617424853118168,0.7287556342141742,0.39915976468912046,0.7889665303702671,0.5794886600102733,0.7943827865493762,0.7107385897094608,0.8674085230294417,0.5091229833040257,1.0,0.792034824210475,0.9163324644074594,0.940471896547199,0.7758966791919861,0.9793529325749594,0.6679366352516543,0.5563981238119162,0.7399717526438305,0.8648484689420384,0.6149281610448034,0.9880822313290415,0.47514516002476004,0.9936620536835751,0.40789313083582535,0.5846129330998722,0.4229049877507607,0.9014041415614654,0.2964751833026739,1.0,0.19086363675992363,0.9926969641297134,0.10911740089449962,0.5962161290685424,0.10148342211489002,0.8679979453415869,0.044479777857211356,0.9597234459771063,0.0,0.9745094877976537,0,0,0,0,0,0,0,0,0,0,0,0,0,0,0,0,0,0,0,0,0,0,0,0,0,0,0,0,0,0,0,0,0,0,0,0,0,0,0,0,0,0,0.36444444444444446,0.770042194092827,0.8688888888888889,0.29535864978902954,0,0,0,0,0,0
60e90a49-407d-4537-bce9-5df63510425a,24,ONE_HAND_LIFT_HEAVY,0.8438651113099387,0.14146129247624412,0.9234584098028954,0.0910431572898709,0.9420766279274477,0.0919685520010416,0.9592630464508879,0.09221510940309278,0.8391356145982303,0.0729063741524058,0.7838841151517052,0.05481488326363073,0.7203751088259339,0.03285819072826991,0.8980839400655488,0.07196631713820745,0.5642438376184424,0.0,0.8037404769771351,0.1804818093488362,0.7045821445883667,0.16254383246919346,0.7152021087511726,0.2166494306184526,0.18897632478240842,0.17770617163655497,0.7328392656028052,0.4731566775755618,0.0,0.37390782159188957,0.8970464460645408,0.6241412421168492,0.24009038883114314,0.5709729992323692,1.0,0.6985561638606773,0.26606222552351,0.6644902000718301,0.9993435474963404,0.696964863809517,0.36602170971872866,0.6441573803643349,0.9387555377629005,0.6730729597716494,0.38081480177401345,0.6223127952515024,0.3859923839933631,0.7126048965595772,0.07630838315410716,0.692338133107544,0.9627987739145744,0.6530831104567143,0.48587831270966325,0.5462246102718874,0.6386515954303961,0.899346416458766,0.45389325532433145,0.8757255980648674,0.4902243562689767,0.9380898674105848,0.36154953660048283,0.9295816031385707,0.8612415682510437,1.0,0.7701924259561609,0.9946388791637715,0.18334399684086847,0.0,0.5338640990810682,0.1594758086619957,0.7302114611307058,0.39118103723015146,0.7905413789048128,0.5719184723990139,0.7948549744992917,0.703824484214641,0.8659710391363314,0.5034332763357416,1.0,0.7947050837743621,0.9099766194055697,0.9424370950357656,0.7685785094898024,0.9764776244442168,0.6649810052900348,0.5525240431417455,0.7363948569165883,0.8651701364879982,0.6095570202743309,0.9895861884111282,0.47123712152190733,0.9931602889978266,0.40642205695284067,0.5812325316495416,0.42105677697372895,0.8986632470632,0.2959366102130148,1.0,0.19316665174135259,0.9929122870954705,0.11177909384282242,0.5921264688725478,0.10257035487361855,0.8636594419730366,0.04431523558079792,0.9589405630928559,0.0,0.9755876907885062,0,0,0,0,0,0,0,0,0,0,0,0,0,0,0,0,0,0,0,0,0,0,0,0,0,0,0,0,0,0,0,0,0,0,0,0,0,0,0,0,0,0,0.36444444444444446,0.770042194092827,0.87,0.29535864978902954,0,0,0,0,0,0
60e90a49-407d-4537-bce9-5df63510425a,25,ONE_HAND_LIFT_HEAVY,0.8553019713996058,0.16753433572065465,0.9358778877717207,0.10795639543245031,0.954541661959497,0.10906225731296919,0.9718414029605574,0.10934104179250438,0.8500223113692487,0.08640913078493974,0.7937393288769665,0.06499924497368194,0.7291796036919963,0.03909792331808899,0.9085669504751596,0.08521992838036069,0.5708254911270159,0.0,0.8143716229902846,0.21282940719647941,0.7130917896868557,0.19223556102050796,0.7223200575148457,0.2542100267495038,0.191078110466998,0.20953799580061552,0.7356170428833624,0.5573802024908677,0.0,0.4427549831736992,0.8904409627386597,0.7360809100583887,0.23904816966781042,0.6750993039376421,0.9992045190798511,0.8260180631058187,0.265503078919731,0.786946026404349,1.0,0.8237583052894987,0.36766133778133187,0.762920082261915,0.9373081289929414,0.794275318549199,0.3827636611910899,0.7371085368309028,0.389077790994772,0.8314165731872177,0.06405639644681907,0.8217689188023125,0.9425577615875751,0.7037109183996318,0.45611453350040404,0.5874567118244313,0.6498239826175605,0.948904708487934,0.5615812250750748,0.9258177294560934,0.5245797943416005,1.0,0.4996274875084637,0.9913327293122789,0.9047406675591214,0.97419147467426,0.9317235182014255,0.9841374004084333,0.17523169586264425,0.0,0.5313667921206986,0.15724993881971908,0.7311375593607756,0.38766205221321554,0.7912591600053422,0.5697391000909395,0.7972461416864263,0.7020203088320156,0.8676613222811177,0.5017912226690313,1.0,0.7972825380903897,0.9105674769727263,0.9462897558529135,0.7704924672845223,0.9825145246518766,0.6652172675542594,0.5510711836345015,0.7341523970915683,0.8657931230343002,0.6088691402786262,0.9909143506279665,0.47218007579788107,0.999009030511588,0.4037080095721645,0.5800434455525713,0.4169354185413615,0.898384085271716,0.294854195266026,1.0,0.1932342399740772,0.9970157618531129,0.10406335319141483,0.5907326225342836,0.0959394930606186,0.8627182474342048,0.04195484968505127,0.958573396698984,0.0,0.978920749632163,0,0,0,0,0,0,0,0,0,0,0,0,0,0,0,0,0,0,0,0,0,0,0,0,0,0,0,0,0,0,0,0,0,0,0,0,0,0,0,0,0,0,0.36444444444444446,0.770042194092827,0.8711111111111111,0.29535864978902954,0,0,0,0,0,0
60e90a49-407d-4537-bce9-5df63510425a,26,ONE_HAND_LIFT_HEAVY,0.8629974059223132,0.1542164154788652,0.9446747134251995,0.10081957163284253,0.9636108823652565,0.10182928789880838,0.9811812225463434,0.10211454776457085,0.8582015524587908,0.08160984016798277,0.8013903040115488,0.061898452769767326,0.7362365336263053,0.03695790639264025,0.9175859425315088,0.08011028639615145,0.5766299720653125,0.0,0.822677293545512,0.1953095500354916,0.7204671931919917,0.1764296451322373,0.7284313705942053,0.2328085621404004,0.19652755484749576,0.19054593146011917,0.7378540935981512,0.5121286447056514,0.0,0.39919716563737406,0.897124930462368,0.6762667951243903,0.24049203731803073,0.6189024589525876,1.0,0.758741658352502,0.2686311006187105,0.7236652258088839,0.996828186717764,0.7563576372362073,0.37127886434828034,0.7018505214534501,0.9377411385628291,0.729556480826186,0.3870045879882838,0.6777467395500507,0.38243504337752504,0.7607805021564008,0.05653259944130625,0.7566198874819678,0.9149803998588312,0.6683592107376818,0.45736146807649436,0.5844741252036285,0.66172110374915,0.9161880698718639,0.5406112233239686,0.9042972792725448,0.5302411435476057,0.9651967778080831,0.46551706089602357,0.9643473035729483,0.9138049895618781,0.9961090303416007,0.9204496966265027,1.0,0.2222460108290496,0.0,0.5641039914189737,0.15762143825192249,0.744220974271908,0.39497535288890506,0.7773900234864916,0.5766170239683401,0.7505646820545648,0.7131030057581894,0.8786088803345059,0.5320207903893311,1.0,0.8283755027336438,0.889498947710977,0.9569988023026698,0.7469036154638314,0.9602964471342762,0.675958139664338,0.5791313550494571,0.7302832295317474,0.8914618043639818,0.5943195661529042,0.9943137785191734,0.47059371367033703,0.9715764681640535,0.42074754269638626,0.6006198329890238,0.41587040252463725,0.918534612392266,0.2836298940003468,1.0,0.19458354832286753,0.9697075754924309,0.12648985070984015,0.5995728894656421,0.10046523378372303,0.8800749678227742,0.033540508310192965,0.9589139059402303,0.0,0.9519186262767674,0,0,0,0,0,0,0,0,0,0,0,0,0,0,0,0,0,0,0,0,0,0,0,0,0,0,0,0,0,0,0,0,0,0,0,0,0,0,0,0,0,0,0.36444444444444446,0.770042194092827,0.8711111111111111,0.29535864978902954,0,0,0,0,0,0
60e90a49-407d-4537-bce9-5df63510425a,27,ONE_HAND_LIFT_HEAVY,0.8734912322398156,0.14754281788858814,0.9564465554754257,0.09797633574961083,0.9760165471008913,0.09894192821353535,0.9942207041749247,0.099273638290812,0.8685284790274523,0.08029343617635451,0.8114898409042457,0.061674387537213576,0.7457775413550017,0.03701692577014225,0.9309735880851081,0.07870563173248382,0.5839603183751159,0.0,0.8347087732684043,0.18569004299459616,0.7307038893133392,0.16801494466355554,0.7394040717986277,0.22260357084875848,0.19532913144550992,0.18031410632256395,0.7453970661588224,0.4888553120907395,0.0,0.37998557965541724,0.8959091776125538,0.6465631485863913,0.24265647169947968,0.5904647303794748,1.0,0.7297642146890534,0.27343390595020367,0.6983564135286249,0.9972137587175232,0.7230507424564897,0.3752607479142717,0.6780965245811952,0.9343647135266583,0.6971360224278164,0.39071079498915184,0.6505327226093117,0.3854369293509583,0.7253728702805355,0.042925099428471176,0.7021042183675907,0.9280323006100863,0.6688834462641786,0.45224883281838274,0.6083035918838015,0.6756441302265612,0.9019972721446675,0.49132684859433284,0.8899204458888067,0.5403023196746478,0.9382894058910515,0.41241853699636766,0.9397268476825388,0.9183403835149175,1.0,0.8286204050989796,0.9986769344855139,0.2292276926692575,0.0,0.5669391950760684,0.1764160182598702,0.736443890659753,0.42605598361694075,0.7529935603121285,0.6230859226550293,0.7015385169133114,0.7699192060446783,0.8755942922536367,0.5389497589499657,1.0,0.8430436484837213,0.8816719263273454,0.971215598656381,0.731066015534437,0.9678783655058683,0.6723190816113723,0.5829174229977462,0.7223121475400985,0.9112969551957314,0.5804092901734152,1.0,0.46348391030805275,0.9570262344031232,0.4144256207052427,0.6018856898141292,0.4022830561998537,0.9346147237042676,0.26594015949422567,0.9925654711947409,0.18223374489604716,0.9351275554040023,0.1196058483333351,0.5988752911946414,0.09936471203490115,0.8932315017970158,0.03227466120974666,0.9576010651590946,0.0,0.9323674492708031,0,0,0,0,0,0,0,0,0,0,0,0,0,0,0,0,0,0,0,0,0,0,0,0,0,0,0,0,0,0,0,0,0,0,0,0,0,0,0,0,0,0,0.36444444444444446,0.770042194092827,0.8722222222222222,0.29535864978902954,0,0,0,0,0,0
60e90a49-407d-4537-bce9-5df63510425a,28,ONE_HAND_LIFT_HEAVY,0.8736791174713137,0.1468690066143525,0.9574457248819145,0.09922352469365417,0.9774624599404216,0.10042543062234495,0.9961462550483622,0.10104368155781084,0.8692908589694486,0.08150235163819247,0.8125285037453246,0.06298600033079067,0.747204671617562,0.038081895278238256,0.9355641085726147,0.08118346594955775,0.5865918381993015,0.0,0.8381370530812082,0.1835989869636708,0.7332615332616361,0.16639864913569358,0.7435284119159996,0.22332159402560092,0.19674008468361454,0.17601479798689537,0.7434324669909588,0.48688958327369186,0.0,0.3748859507308401,0.8961564668808665,0.6418545998755478,0.2433433385284209,0.583470139614365,1.0,0.7259945424201736,0.2747955254167881,0.6920705012460912,0.9966576183485795,0.7182270229246763,0.37668029016008914,0.6724607254461361,0.9352487507224807,0.6919577302861177,0.39193038874157043,0.6433934820933983,0.384061104313226,0.7182721561754705,0.03192007916356603,0.6971348747208818,0.931171991695748,0.673569349773151,0.38473451936351216,0.5614382748554672,0.6410124170224303,0.9050533170716863,0.4761551138773659,0.8786519816993993,0.4998946663624552,0.9394107866542221,0.4051818490722023,0.9285663730611935,0.8325879381538499,1.0,0.79656486301354,0.9987164998679107,0.2512394998206996,0.0,0.5934281915203086,0.18030321152807322,0.7582417349929814,0.42701690858077834,0.7669740337084713,0.6225150937363437,0.7026194780507774,0.768125968887711,0.8862198931390894,0.5488987806965907,1.0,0.8730109219003216,0.8630092210112541,0.988365139039051,0.712180049315538,0.9662445970951544,0.6768552300175281,0.5913508180676109,0.7037354774626299,0.929509925553463,0.5566848364769962,1.0,0.4533982975455418,0.9396875950321028,0.4122068121450355,0.6041888001075695,0.3887475524704842,0.945899420954007,0.25211325860192246,0.9913756778793799,0.17609201335814273,0.9242620036539233,0.11514998291621753,0.5937167998386458,0.0894449727664409,0.8919004700693338,0.02575472765911983,0.9405139101591419,0.0,0.9007851166339502,0,0,0,0,0,0,0,0,0,0,0,0,0,0,0,0,0,0,0,0,0,0,0,0,0,0,0,0,0,0,0,0,0,0,0,0,0,0,0,0,0,0,0.36444444444444446,0.7721518987341772,0.8722222222222222,0.29535864978902954,0,0,0,0,0,0
60e90a49-407d-4537-bce9-5df63510425a,29,ONE_HAND_LIFT_HEAVY,0.8706485613460966,0.14632815690994458,0.9550447414425898,0.10073235549070514,0.9750681296596535,0.10197252770654548,0.9937660652136122,0.10264019960907948,0.867684282798312,0.08288452646618942,0.8115133579526902,0.06423916810348393,0.7469582163879493,0.03931459909504259,0.9354654920630172,0.08150110660719413,0.5879020913729255,0.0,0.8373600717637574,0.18105411267813648,0.7328272764178784,0.1643529082642093,0.743969693327549,0.21993982679751278,0.1975362932616246,0.172393191646349,0.7381381142824424,0.481008304073534,0.0,0.3677580962495469,0.8953867335058648,0.6337000575135457,0.24433258725574297,0.5745400984624549,1.0,0.7163902574443579,0.27507772429656097,0.681859578088963,0.9955583537047421,0.7092374966256371,0.377249000945536,0.6632474960771595,0.9358394765661311,0.6833969087311813,0.3925186592475019,0.6339565856993197,0.38637344906047355,0.7080513142166928,0.030567687842099102,0.6904878968764047,0.9400691123361754,0.6659309917118599,0.30078799824407826,0.539744556512957,0.620462987656448,0.9051799267001044,0.3926182165014343,0.8689905775224072,0.48044396345165513,0.9394228238384914,0.3067694290107775,0.9189402799809657,0.7711392805982514,1.0,0.7540804288493194,0.9876014645271342,0.2507556213974952,0.0,0.6061999267792223,0.16733305562181863,0.777286446493491,0.3963762207735334,0.8058233931870621,0.5871319877379685,0.7688915991928686,0.7299014203242895,0.8979027781325296,0.5568800258564452,1.0,0.891429830568284,0.8512596527972891,0.9785814005284431,0.7174305892569793,0.9296685699004235,0.6796516478931999,0.6022929793184042,0.6993456957250985,0.9473234267069072,0.5531297625433153,1.0,0.46543298170331965,0.9261231986828088,0.4092434846278937,0.6116853251618105,0.3851881178003116,0.9562861504634657,0.25329280648429586,0.9897033115317926,0.1862510961831541,0.9146674009010987,0.11016321422185896,0.594482244067279,0.08714656075196035,0.8892097208524556,0.023938298723744818,0.9286700743689282,0.0,0.8836088097055032,0,0,0,0,0,0,0,0,0,0,0,0,0,0,0,0,0,0,0,0,0,0,0,0,0,0,0,0,0,0,0,0,0,0,0,0,0,0,0,0,0,0,0.36444444444444446,0.7721518987341772,0.8733333333333333,0.29535864978902954,0,0,0,0,0,0
60e90a49-407d-4537-bce9-5df63510425a,30,ONE_HAND_LIFT_HEAVY,0.8708233519112996,0.14622810231420438,0.9560560540627351,0.10067653347608314,0.9761407915191166,0.10185325846721127,0.9948636677617244,0.10246293611599165,0.8687870254401158,0.08270328413108419,0.8129512329033531,0.06395552811329465,0.7486031612455574,0.039114851615318316,0.9354403821073264,0.08099868393847966,0.5897469384630623,0.0,0.8382072154851844,0.18048545544530095,0.7335174320045661,0.16384669076814243,0.7438899214770376,0.21998651988702264,0.19762038933300094,0.17270042089241236,0.7376943063804983,0.4825740895139729,0.0,0.3728176680065579,0.8942951566515386,0.637241248117442,0.2473228927421797,0.5740474651279197,1.0,0.7179057447291131,0.2759325814045687,0.6827977134731722,0.9951908144452458,0.710141336756652,0.37807243105157357,0.6640812645648446,0.9362782913995077,0.6844895215135234,0.39359444207525307,0.6341658066137508,0.38789381413465046,0.7081903193153787,0.030274904073609814,0.6895876532349884,0.9468478447240292,0.672782559975302,0.31883095102446046,0.5566560750910354,0.61786293303941,0.9033731008091372,0.36317833476907196,0.8724515921088212,0.47387778989527946,0.936470866760737,0.27184570469335234,0.9187736279927057,0.7778169721630499,1.0,0.7006618190338337,0.9955611843745757,0.26568880915949983,0.0,0.6243064422518863,0.17767936023497827,0.7892819078773808,0.409192210806262,0.8032860233208463,0.603003774797205,0.7486487627288556,0.7454502437733255,0.9065889305123199,0.5750027793680291,1.0,0.906053008581818,0.8441006700786156,0.9765298690076925,0.7094486360998259,0.9173991603736895,0.6849300902231836,0.6170928957770618,0.6975961589194323,0.9564282133747541,0.5493610510209466,1.0,0.46193320318683057,0.9216412079192801,0.41383105576953516,0.6207035025576121,0.39103677518071017,0.9593171735666868,0.25803408431382896,0.9934236789495611,0.189580541339102,0.9185544279388009,0.11750224238906769,0.5964318057821142,0.09612831741676779,0.8916398587883222,0.02975254577111803,0.944368327785807,0.0,0.9122708801754108,0,0,0,0,0,0,0,0,0,0,0,0,0,0,0,0,0,0,0,0,0,0,0,0,0,0,0,0,0,0,0,0,0,0,0,0,0,0,0,0,0,0,0.36444444444444446,0.7721518987341772,0.8733333333333333,0.29535864978902954,0,0,0,0,0,0
60e90a49-407d-4537-bce9-5df63510425a,31,ONE_HAND_LIFT_HEAVY,0.8750592049160586,0.138958734577901,0.9608420833360457,0.09408908943005899,0.981100514910265,0.09515397218136595,1.0,0.09565120840087578,0.8728006301303876,0.0753555823281363,0.8168153678906906,0.056285781047476995,0.7521134755466446,0.03401380428733195,0.9391502353224536,0.0740345688859173,0.5932615106204311,0.0,0.8422760205443337,0.17158085151138783,0.7368247417311661,0.15603106793523164,0.7438225740305561,0.21076758780186444,0.1972649216568263,0.16623154226173972,0.7379157526087268,0.4645087799960671,0.0,0.3642468969818051,0.8923096752354852,0.6124302435605171,0.25027919723471703,0.5523374437061646,0.9974443265481483,0.6886556744180298,0.27629446878315833,0.6558899837113182,0.9922863708265254,0.681255093691113,0.37905180999746124,0.637929144849184,0.9339813434536093,0.6567383635389863,0.3948266815953756,0.6092606079549712,0.38876935795702355,0.679004423958415,0.028121000657470755,0.6618759146530948,0.9537822795357345,0.65535276825875,0.34782312083791717,0.5475808815031348,0.6253528534881753,0.8796674875931113,0.285808396096837,0.846821486954498,0.47972503401271976,0.9042752473835862,0.17719969535018454,0.8802373307860655,0.7859176273768219,0.9968465318205699,0.5560372089389984,1.0,0.27739779920502466,0.0,0.6385227974654138,0.18943600123517373,0.8013653535906101,0.43007501192138453,0.8137235485490576,0.6286418351059382,0.7581234470628412,0.7704314582596533,0.919550762912997,0.6010458185004387,1.0,0.949373377763691,0.8247756972627626,0.9800267349030809,0.7054705138649655,0.8904880608710586,0.6920888925049004,0.6364326485624788,0.695218050843738,0.984421636425714,0.5367603844058079,0.999016103353203,0.4666364063602311,0.8992688897346375,0.41545116939312743,0.6338338071293347,0.3924733197233323,0.9848915572122439,0.2564882129326412,1.0,0.1992855284723434,0.9061300595518539,0.11582596184418012,0.6042100333798767,0.09701996644959893,0.9143577524896216,0.027349893000555604,0.9512546925792084,0.0,0.89865701371051,0,0,0,0,0,0,0,0,0,0,0,0,0,0,0,0,0,0,0,0,0,0,0,0,0,0,0,0,0,0,0,0,0,0,0,0,0,0,0,0,0,0,0.36444444444444446,0.770042194092827,0.8744444444444445,0.29535864978902954,0,0,0,0,0,0
60e90a49-407d-4537-bce9-5df63510425a,32,ONE_HAND_LIFT_HEAVY,0.8735810136490323,0.1406151638313882,0.9593152989046678,0.09494148025974677,0.9803970451407156,0.09599597263013353,1.0,0.09644039732634008,0.8671373903770931,0.07570720944830882,0.8104224545841878,0.05634350958576092,0.7474799399475052,0.033975304603498895,0.9391288931533295,0.07443668432671371,0.5914070881950968,0.0,0.8419733210009064,0.17373953049715943,0.7355904258536832,0.15797738904853922,0.7412932131410529,0.2117355637617955,0.19417758956743716,0.17085852797177412,0.7350810847472895,0.4705162944504361,0.0,0.37771238887372366,0.8825438458893554,0.622214766335891,0.25046541207266737,0.5637039604396203,0.9886211363727424,0.6999530827135024,0.2739529766863184,0.6680977521098335,0.9838204982429696,0.6932977015294607,0.3770679707195641,0.6500252157334503,0.9261510388856402,0.6680538546359872,0.3930639001806655,0.6231838462537735,0.3828789111570318,0.6877256409075854,0.023649139658712653,0.6739550569681403,0.9372486519482363,0.6602134203452342,0.34639123315279,0.5550245304682717,0.6228505870778197,0.8827152416138998,0.3009239630980404,0.8582650038676831,0.47906555678315343,0.9133148185661417,0.19765079835617685,0.8979853680249252,0.7899788904953283,0.9880162874518564,0.577767483297147,1.0,0.2913719989070309,0.0,0.6510814584682512,0.20551980508340373,0.8138219708297744,0.45671328982791387,0.8056182482804025,0.6535999194995777,0.7225773415463791,0.7845327016469594,0.9234663470951335,0.6294003048458615,1.0,0.9696457321579391,0.8265008423176968,0.9869236301731419,0.7086936222673084,0.8822681323902027,0.6922141014524871,0.6601290316195101,0.6854379083842346,0.9981516245249156,0.5283279079324167,0.9982068860853041,0.46685485241690317,0.8851903966955237,0.4136414588124934,0.6533450564822635,0.38690459541856626,1.0,0.25369253575278244,0.9972657899598818,0.20635492664413316,0.8867929819467906,0.11376237389439078,0.6189641179265203,0.09424706694865842,0.9356631717166385,0.024620849460723036,0.9463855640308277,0.0,0.8641984269425675,0,0,0,0,0,0,0,0,0,0,0,0,0,0,0,0,0,0,0,0,0,0,0,0,0,0,0,0,0,0,0,0,0,0,0,0,0,0,0,0,0,0,0.36444444444444446,0.7721518987341772,0.8744444444444445,0.29535864978902954,0,0,0,0,0,0
60e90a49-407d-4537-bce9-5df63510425a,33,ONE_HAND_LIFT_HEAVY,0.8730773622165072,0.14713298705736755,0.9585698272404592,0.09856271176875851,0.9800209947260046,0.09953491798871507,1.0,0.09981171930171076,0.8638725908604648,0.07824526339468015,0.8063897060975678,0.05819307902663378,0.7441620449000246,0.03523205114036717,0.9389631474263793,0.07688884604200615,0.5884097615719518,0.0,0.8419386132353263,0.18199186274993906,0.7347900962482409,0.16558769333022955,0.7381117561763968,0.21827804125998052,0.19071659730391013,0.17968606298021492,0.7317257944283552,0.4942010767630643,0.0,0.39916903173621576,0.8621831509017686,0.6547620156114184,0.25201924595656394,0.5972383825510773,0.9649510426299467,0.7364771240754283,0.27087811061177663,0.7041036915463361,0.9641520722733291,0.729525018791232,0.37418972408099294,0.6848113705176347,0.9046941749787271,0.702744483921054,0.3905050679243462,0.6577661673175996,0.3752497441580896,0.7203482197512111,0.018802435725735363,0.7102593464335065,0.8818494238843618,0.6592462658549795,0.3459074918896598,0.5702711815785575,0.620039231290316,0.8905296423356462,0.36142175588370473,0.8786685383439105,0.47913276645991,0.9317328768572752,0.25942435636081923,0.9266504423287489,0.8028101606879688,0.9803641305753527,0.717213803148998,1.0,0.2828490256561974,0.0,0.644449351090073,0.20414065267218545,0.8098495956005517,0.45755140683079487,0.7929252937823856,0.654087357712319,0.7101452270423368,0.7842108853209162,0.9151479027352978,0.6203278564578123,1.0,0.9745219684536572,0.8216639764713048,0.9737478149888273,0.7134898432435489,0.8537573152160604,0.6787439035532332,0.6544021143758326,0.6779966673482795,0.998812471595882,0.519870827115429,0.9762987410555278,0.4778983410703642,0.8483168736691669,0.3957958990110813,0.6513317987233864,0.3694718660674275,1.0,0.24326617271489295,0.964470300695341,0.21686165144639696,0.8343788240263705,0.09525684477065179,0.6190897861873599,0.07679238797983005,0.9355718586175525,0.013337132962361919,0.9097470194680695,0.0,0.7962628604395252,0,0,0,0,0,0,0,0,0,0,0,0,0,0,0,0,0,0,0,0,0,0,0,0,0,0,0,0,0,0,0,0,0,0,0,0,0,0,0,0,0,0,0.36444444444444446,0.770042194092827,0.8755555555555555,0.29535864978902954,0,0,0,0,0,0
60e90a49-407d-4537-bce9-5df63510425a,34,ONE_HAND_LIFT_HEAVY,0.8697739392124965,0.13944536466150873,0.957108515160228,0.09311080984289066,0.9792842508730143,0.09401719492453048,1.0,0.09426013302654428,0.8587774215688362,0.07377591984859887,0.7996420365115213,0.05477868631819117,0.7367639874287017,0.03345190115503797,0.938636639842759,0.07239373116878513,0.5801835250026072,0.0,0.8383675204992302,0.17263020726075273,0.7297774477073926,0.1570159944014245,0.7273727005143906,0.20097718025738168,0.1773988794912844,0.17111955549500701,0.7245917736842942,0.46802730734258297,0.0014217218949213863,0.3888334314391195,0.8488127032306447,0.626040908170055,0.24602552470457367,0.573866364078015,0.9522677622943508,0.702599288246357,0.2592877431997312,0.673537518902575,0.9505307609041569,0.697785957544056,0.3629996068437747,0.6533182421587155,0.8915734952881884,0.6698755139494831,0.3796431305583169,0.6278350873516106,0.35201898790970504,0.6800159679197367,0.0,0.6771717270501952,0.8832290979799746,0.636752780771497,0.44946972414122044,0.5612889372719354,0.6006157920535016,0.8553278495715795,0.3503903133204509,0.8648649634179095,0.4536015023472154,0.9005955151737381,0.23430817573625173,0.9069741945815837,0.8075199818485241,0.9515244037121946,0.7109795141084879,1.0,0.28008779879328344,0.0,0.6738867505832004,0.20485676612603188,0.8454332337499296,0.4579427485536134,0.8149885082819623,0.6567682311919133,0.7095357713463974,0.7928052917245755,0.9386786764021792,0.6269385183964672,1.0,0.9832769325875129,0.8290749080834846,0.9509295293631365,0.7504051677698945,0.8168114031660797,0.6840989310003021,0.6573192163460818,0.6783283771350992,1.0,0.5293989274396498,0.9588190214163598,0.49901048324942826,0.8267995778344461,0.3809725634513977,0.6506790558033392,0.35750327063139553,0.9978996980309871,0.2470093392463133,0.9497571171614669,0.22791160853040396,0.8150754558177514,0.06418018278780695,0.6114287518708598,0.056200875920457326,0.9285662524224522,0.008681099942914704,0.8947460468535752,0.0,0.7760741275427399,0.0,0.0,0.17219482559507845,0.23838910543095,0.3503314049270143,0.44262355101443074,0.524936647200162,0.6798945859477971,0.5721400931546137,0.8896933332582321,0.9138062581072427,0.41865403462920614,0.9848161263662586,0.7615482319278126,0.8137980482411731,0.9182611609908865,0.644554395835956,1.0,0.9367982616976909,0.4231798262907096,1.0,0.7725170104428348,0.8142008790029939,0.9150991618695716,0.62134127318603,0.9925558190359247,0.8882527763030426,0.44662973560589847,0.9362826821085125,0.7639125145039372,0.78162741438478,0.900339645596999,0.5967521769828195,0.9748251078642319,0.8048076975704269,0.47590797463078327,0.86407088945689,0.7289735155290699,0.766955836393789,0.8719605098626773,0.6279025981489489,0.9636979125595647,0.36444444444444446,0.7721518987341772,0.8766666666666667,0.29535864978902954,0,0,0,0,0,0
60e90a49-407d-4537-bce9-5df63510425a,35,ONE_HAND_LIFT_HEAVY,0.8691294906295336,0.13747788580655607,0.9566306472935145,0.09179684208977067,0.9790574825472257,0.09254010938191427,1.0,0.09262791317972319,0.8570809751367299,0.07315910157732637,0.7976473860476291,0.05463590578323786,0.734659388837692,0.03396742482062632,0.9391218661170235,0.07069055628843841,0.5804459122277376,0.0,0.83802645797833,0.17005365744868933,0.7304310041142065,0.15465790559483727,0.721456373881418,0.19201600806859156,0.18488712312370162,0.1684981532033239,0.7214428456477238,0.46025474472918837,0.014651888784931929,0.38462733477035427,0.8414564063491788,0.6235898865542358,0.24833453914989662,0.5689477323388435,0.9445369475001718,0.6972870936324005,0.25942417343844953,0.6670889836854029,0.942543426982982,0.6950137304114243,0.3618797101927665,0.6465440203081745,0.8847440485241509,0.6687911632125718,0.3796604088665126,0.6214989420160599,0.34824352119360147,0.6655006973812939,0.0,0.6684634018519819,0.8976716286424092,0.6354815709600828,0.4868189007823107,0.5569948073751992,0.6033348719444455,0.8804551144764594,0.35994598446850545,0.8655237899281848,0.45749564255592706,0.9279540965890934,0.2344862274464052,0.9073619886431933,0.8367074551931372,0.9845730652122212,0.7301377120077144,1.0,0.2928458967677149,0.0,0.6952252966582075,0.214399254482931,0.8657557712886201,0.4724617352200998,0.818410870765393,0.6728162117604994,0.6933282290476266,0.804916562111457,0.9424552371561707,0.6258909438605261,1.0,0.9825884229676853,0.8336339863638326,0.9532757531413076,0.7575013688421981,0.8214374986349174,0.6831965248447699,0.6529988537351489,0.6674281443043669,1.0,0.5285730189275093,0.9515786016539542,0.5072792869752109,0.8124777036521115,0.37824915427135564,0.6443286584818341,0.3439394937669401,0.9970805435091236,0.2447603446983208,0.9391921461847662,0.23298375792054127,0.797385351269102,0.06440942126942223,0.6036682093110358,0.04614304571364957,0.9248901260244186,0.00449048399079411,0.8817777864064476,0.0,0.7566221669987356,0.0,0.0,0.17006544383937192,0.21046873540456218,0.3702926571692206,0.40737347506865695,0.5606483580370049,0.6091236198554001,0.6216066009205874,0.8026379210491901,0.8941004538932951,0.34915239038242385,1.0,0.6767597660993517,0.9159161337465132,0.8681368281428065,0.7993876974115814,1.0,0.879722010357941,0.38015282007211315,0.9741499501304076,0.7039707063724849,0.8634810575553766,0.876471313542698,0.7230493522286641,0.9966558932874998,0.8066563905082431,0.42387131727913013,0.8891358959725637,0.70858071627403,0.8026668231202897,0.8642472023464793,0.6706942807311362,0.9753522521344369,0.7089215900666173,0.4583481233769873,0.7917115137421395,0.684717619145478,0.7508696510195265,0.8323492816709325,0.6549834923648854,0.9424791226857474,0.36444444444444446,0.7721518987341772,0.8777777777777778,0.2974683544303797,0,0,0,0,0,0
60e90a49-407d-4537-bce9-5df63510425a,36,ONE_HAND_LIFT_HEAVY,0.8751244905719053,0.13930579061212597,0.9587615099063267,0.09327131756786276,0.9801086867044984,0.09392842475958446,1.0,0.0939295697031071,0.8633644271212396,0.07491082245812745,0.8062661452283296,0.05646334177076363,0.7453639593424441,0.03557173809356659,0.9402377309331141,0.07099086726760133,0.5969301689883565,0.0,0.8450039787330512,0.17195039019976552,0.7419609339373516,0.15660624880044569,0.733526019868839,0.19385653435839925,0.21502667515114612,0.1700621071600851,0.7276662411360492,0.46356328720516576,0.0,0.434460570404837,0.8412175837787903,0.632873799202818,0.2768474322472067,0.5790365059216178,0.9374402046728227,0.7079224969651464,0.2872488465594086,0.678062610935235,0.9342154056021084,0.7056496032921344,0.3856350097149032,0.6564722301481105,0.8793169906927699,0.6783187167231958,0.40227382307247045,0.6310088067247956,0.36604945127456656,0.6720945024331556,0.03587680431297276,0.6733729825266553,0.8893967090847085,0.6463545450190287,0.5036082992843507,0.5629056979319609,0.5953760458057359,0.890863260298993,0.381866907786165,0.8708130093303859,0.4568907867176955,0.9327759065316317,0.25891033673540054,0.9134592630601147,0.7994431080373021,0.9891326781645109,0.7388380531516923,1.0,0.3068404496252545,0.0,0.7048406507843471,0.2168504216028155,0.8768571088351617,0.48234502975783006,0.8299939767880905,0.687115141460429,0.7069944403788727,0.8204253879792863,0.9694712174865056,0.6326836811120328,1.0,0.9940935338127874,0.8279292058724582,0.9735723087082927,0.7516748806629464,0.8476833992381351,0.7073135203188025,0.6531734974107869,0.670192731220238,1.0,0.5278287419348499,0.9578179738904236,0.5100735617991947,0.8250924143707367,0.3955862920483198,0.6399826043537437,0.35460764150212665,0.9919577350224291,0.25087313450953597,0.9406067536985883,0.23844173380640402,0.8050334624584236,0.07238952724144987,0.5976455476004477,0.05270946268556637,0.920873970153581,0.006568884850292548,0.8825987162657346,0.0,0.7626025819649027,0.0,0.0,0.14190581559933,0.1758893036219881,0.33175184963130994,0.38206683429476007,0.5038772722496585,0.6104525108271619,0.5667876060795233,0.8178277346941457,0.8958421153477678,0.32532037036893896,1.0,0.6561689122286832,0.9099815191391256,0.8543452030822338,0.7761430010692939,0.9910677363328095,0.9026138983490843,0.3651004802367096,0.9708904808114273,0.6978790897995497,0.8506251970158664,0.8781614810429013,0.692699750910136,1.0,0.8306213648641131,0.41289844844817764,0.8749581244707613,0.7123944047360475,0.7629974843778007,0.8668539278075837,0.6124643826218099,0.9765160925288524,0.7184518106917034,0.4496315711771403,0.7512772809029044,0.685660996013873,0.6827349201738067,0.8288748022202349,0.5650507760107301,0.9352178997740653,0.36444444444444446,0.7721518987341772,0.8788888888888889,0.29535864978902954,0,0,0,0,0,0
60e90a49-407d-4537-bce9-5df63510425a,37,ONE_HAND_LIFT_HEAVY,0.8794216737558034,0.15936474107563184,0.9604232561196714,0.1075092437301903,0.980986057959991,0.1081307463227097,1.0,0.10804552518654723,0.868288860306708,0.08805102007301839,0.8128759456906736,0.06807323248252958,0.7531655589437574,0.04386375670547322,0.941926453200572,0.08136620047021074,0.6077384677592402,0.0,0.8502309350985288,0.1961895864428882,0.7500164323385353,0.17910340900184743,0.740490535356638,0.22110502132179302,0.23415762717543062,0.19342605128803997,0.7300162942301648,0.5292044527000972,0.0,0.5023433900877601,0.8379730499417771,0.7267179905050725,0.2930465248737012,0.6650766251665453,0.9295181833736448,0.8123362460402322,0.2996739363673355,0.7792800378003701,0.9266923326580516,0.8104612420215969,0.3978712896482917,0.7543199070074748,0.8730576911912179,0.7760442760643476,0.41457472979992444,0.7251240911150189,0.3810154187765491,0.7697763518645859,0.05125661993062356,0.7703083931175939,0.891218174652357,0.7137125222067617,0.42177989464377375,0.6028597043570348,0.5978204964586712,0.9056410170857604,0.45798116764489166,0.9050682420759897,0.46837561282392487,0.943399263282046,0.36548180767488675,0.958890185858192,0.7725618565652499,0.9738344697599646,0.8490421800866655,1.0,0.3004173273766292,0.0,0.7079443999430174,0.20198575121680504,0.8839516955822149,0.46623103672878036,0.8510197313878295,0.6740237189541772,0.7419751471855507,0.8093140965951222,0.9794313885301529,0.6131267264951817,1.0,0.9740254289325228,0.8176475533686283,1.0,0.7140314945551272,0.9159133693879676,0.7099819944371919,0.6327079217078642,0.6610283488361774,0.9784270686463035,0.5187190128000635,0.9675174068022938,0.4849731784839363,0.8648231027401626,0.3923496208556262,0.6183880189589963,0.3514389270459434,0.9647215922074732,0.24793029441780845,0.9398616161160795,0.2188411517021212,0.8299745213226527,0.06378546523711995,0.5783780233583042,0.05602509102033858,0.890568381256772,0.014377593700154834,0.8701178175080019,0.0,0.769473155671765,0.0,0.0,0.07591632944190516,0.1404952347915733,0.24357040961891177,0.33992684620927044,0.4312658301551719,0.5575816617889368,0.5154138402864712,0.7517155803958215,0.9158883810300155,0.3319112136996804,1.0,0.6668584799151267,0.9044280765087775,0.858554479150035,0.7722233543916853,0.9888445737247729,0.932680718507089,0.39076573199582765,0.9753413490931323,0.7169825236517893,0.8238827913476375,0.887161128802056,0.6495254592564558,1.0,0.853834172756121,0.44664012079371784,0.8712771841975021,0.7419703867360328,0.7284258639261696,0.8874075142705005,0.5653468805496521,0.9895650891242699,0.7221243704329092,0.48995290309351547,0.7381947072694984,0.7213323618397538,0.6356254912806778,0.8516694641683397,0.4911496695682553,0.94697120126694,0.36444444444444446,0.7721518987341772,0.8777777777777778,0.2974683544303797,0,0,0,0,0,0
60e90a49-407d-4537-bce9-5df63510425a,38,ONE_HAND_LIFT_HEAVY,0.8804502634059161,0.17035974179028648,0.9604365555082471,0.11491372495085278,0.9810097999310553,0.1154472127098237,1.0,0.11522240992605187,0.8686688673938201,0.09439155402761477,0.8140452254242495,0.0731312719436818,0.7548439257574994,0.047235465613923444,0.9437107420830685,0.08634281017180845,0.6112392603104945,0.0,0.8527371090165394,0.20938164044079216,0.7533019139132882,0.19131729591217098,0.7444419312735858,0.23628105456110254,0.24388406644328434,0.20510748350521674,0.7314728720654473,0.56314698282124,0.0,0.5330533437868986,0.8374208382840407,0.7773641542243898,0.2986594273837292,0.7112504671601406,0.9253839009201666,0.8689309670786413,0.30475655437352095,0.8318159455689838,0.9210767538421752,0.867066273037166,0.4029324060323868,0.8062079374370651,0.8675252761525892,0.8304125477333603,0.419054889593421,0.7753885852756485,0.39031288301758144,0.8233416475862294,0.05576419376564206,0.8199769031707618,0.8961492509414049,0.740486743076778,0.35399050021415424,0.5731803056081779,0.5994001148403696,0.9196529980269628,0.5019608220584693,0.9206936882243775,0.4714156646418052,0.9605601051829812,0.423819979742098,0.9907891173411706,0.751276377001633,0.9689976186095304,0.9162250395064548,1.0,0.3199596005882229,0.0,0.7250782621706735,0.20421428837347827,0.8934687617627048,0.4635519898737947,0.8640821641740448,0.6625412307806857,0.7652228396952275,0.7915073898961319,0.9930060856289847,0.606880235285358,1.0,0.9444465954357619,0.8245676584940465,1.0,0.7145856371674588,0.9572867726443542,0.7210406589218875,0.6229648933397863,0.6731072711927412,0.9520822009605003,0.5284151881214507,0.9700621719221175,0.4761706594596111,0.9005666207512751,0.40354874231113624,0.6073597408882767,0.3652745079244101,0.9359428167231302,0.2566321198702917,0.9349227504560516,0.21685109029315291,0.8507330330218532,0.07168323868617746,0.5665872454487919,0.06130283427123249,0.8638807192584044,0.018717458951812947,0.8578883883697555,0.0,0.7740970179814601,0.0,0.0,0.058689685287420856,0.12529888453432061,0.23174261563893828,0.3327778911236522,0.4222404167056548,0.5500209571305036,0.4858410529927326,0.7476052957089528,0.920069554910951,0.3378963821419639,1.0,0.667757348013853,0.8848694675774306,0.8595846646731071,0.729493777486666,0.9865234126574239,0.9356539097345685,0.40136789026146474,0.9972911013380743,0.715454240468347,0.8424830791304077,0.8844028583647975,0.6608979757337575,0.9988894001309501,0.8468622313714482,0.4613104054073665,0.9053444995477371,0.7476496855576773,0.7616652630922305,0.8958264152038646,0.5918078038738654,1.0,0.7011337762390443,0.5074604823639984,0.7517497894638345,0.7363908833494531,0.6532874832350831,0.8669969157591646,0.5167680359315056,0.9623207012913177,0.36444444444444446,0.7721518987341772,0.8788888888888889,0.2974683544303797,0,0,0,0,0,0
60e90a49-407d-4537-bce9-5df63510425a,39,ONE_HAND_LIFT_HEAVY,0.876913220899602,0.14088290069337883,0.958469606248148,0.09499498122338923,0.9801484987235453,0.09547083970392697,1.0,0.0952975119320267,0.8604916040637155,0.07709806509056738,0.8032625705252041,0.058193236725091066,0.7451044670070884,0.03676602585992468,0.9451546306870594,0.07143010222735886,0.6044258393268004,0.0,0.8516123277624712,0.1731698093012689,0.749336868678398,0.15812748979694016,0.7428857279502165,0.19834467513005433,0.243769310094386,0.16914638181586292,0.7296604574500688,0.4659918225256637,0.0,0.44437828969429216,0.8368414873454875,0.6457854685617169,0.29819410752104514,0.5896894085800234,0.9256215442586474,0.7232237844747214,0.3047682432902902,0.6888485364072383,0.9197264224351087,0.7193754091092751,0.4029012598859805,0.6688374771777915,0.8662317114759964,0.69066649193273,0.41761797232001685,0.6420566890509626,0.38866864983464283,0.6822076409434377,0.055027828898650565,0.6792408385233644,0.9575682355649818,0.6261163229189074,0.4486134850339939,0.5043019096970006,0.6849731062702566,0.898913666880958,0.48822856137986204,0.8122723206233075,0.5392826847886137,0.9436441177160689,0.42276445077377606,0.8688793418853197,0.8924393118579925,1.0,0.8960536888601561,0.9386694967323912,0.31712595790149534,0.0,0.732826480193991,0.21275543767626628,0.897083857027612,0.4729289553482154,0.8555136863378281,0.6715325443494645,0.7463108428111632,0.7979354064903621,0.9883363757947221,0.6178704428238787,1.0,0.9609146294422147,0.8221326923828692,1.0,0.7145124815941944,0.9276339566840484,0.7160110073528454,0.6358150690319715,0.6658465249009966,0.9702878824558197,0.5248808583176472,0.9741528671763987,0.481827561738669,0.8851685296754439,0.3961237343972669,0.6201130460526041,0.35244615080262937,0.9555211325735363,0.25054403000368414,0.9445942849151204,0.21840450244798695,0.8484637160782984,0.06163146217022068,0.5779797721065155,0.04496761881295437,0.8816151759746165,0.009771809472815085,0.875992896332901,0.0,0.7919642521216562,0.0,0.0,0.03506947601610223,0.1057240299462509,0.19630673599113882,0.3060355894420974,0.3884854145829372,0.5294786455808971,0.46468006315250004,0.7314468892163432,0.8995858716946197,0.298338393699279,0.9880192102631079,0.6488432699645738,0.858548319101978,0.8503485643918448,0.687947295766964,0.9823635862954618,0.9325293237557553,0.3657010509922589,1.0,0.6999131305077764,0.8224836125875167,0.8766302441524948,0.6209213321540458,0.997057345837692,0.8548831596088513,0.4296128742449915,0.909653901154765,0.7348001669100402,0.7449416004695107,0.8926055393380448,0.5549567273118031,1.0,0.715608752076841,0.47976481825474354,0.7588599485852683,0.7243971128642677,0.642150160774362,0.8599294844989617,0.48926324838605684,0.9548943797345314,0.36444444444444446,0.7742616033755274,0.88,0.2974683544303797,0,0,0,0,0,0
60e90a49-407d-4537-bce9-5df63510425a,40,ONE_HAND_LIFT_HEAVY,0.8719790626679856,0.12478013955739754,0.9566199809498418,0.08408852944362205,0.9794748181836487,0.08452746573430092,1.0,0.0844270103447219,0.8537170110979788,0.06780684216094962,0.7952865004624902,0.05070508303452562,0.737741462794205,0.031848697645405905,0.9481312671617736,0.0639699975419677,0.5978000304333542,0.0,0.8488818291210496,0.15346142227857112,0.7435788553949237,0.14023989925970026,0.7450890532448609,0.18194632440115446,0.24287091032687308,0.14925056486030083,0.7321918361635418,0.41693907106355077,0.0,0.3939418004427624,0.8406250613318748,0.578004346844706,0.29939946377143684,0.5238492038248588,0.9331694758045913,0.6465287859817438,0.30642819219504264,0.6111870462161108,0.923393844051235,0.642251094754976,0.40481382255417403,0.5940440788206662,0.8700363237629696,0.6186820389338454,0.41978147628275697,0.5707516914971049,0.3912070036476694,0.6094770395029835,0.05624231678878666,0.6053699123036184,0.9979940494381426,0.5883303749343909,0.5030360711712278,0.4601823190272687,0.7139200989364384,0.8886560212335567,0.4804888809930959,0.775955280677298,0.557268104341035,0.9332584325285959,0.37510510849592704,0.8220529790426478,0.9374755150411883,1.0,0.8150398883396668,0.9030827360249319,0.32957725957798806,0.0,0.7388157910197329,0.2120200828297498,0.9020510747697593,0.47679682403908874,0.8647284699424016,0.6771424351700287,0.7637680273915302,0.8042316402259665,0.9942577896426364,0.6321045279442714,1.0,0.9698365250889219,0.8288922363247974,1.0,0.7323439075230358,0.9185725406456536,0.7250377761536708,0.6509989107826365,0.6786841443554319,0.9775141229031027,0.5353685848101087,0.9767072097574183,0.49039792448529257,0.8837868149315086,0.40723516155033807,0.6358771738193991,0.3724634752181382,0.9706188231529458,0.26155433303645076,0.9641173647093574,0.22433512794542373,0.8690100737221695,0.07380038680901364,0.5939546128663031,0.06026442132572562,0.895968203468265,0.015253811102781688,0.8996789270285904,0.0,0.8242575475994142,0.0,0.0,0.02683075969389216,0.07904239753742161,0.19977697183679863,0.2549742249580149,0.38873269805119876,0.46798616145546523,0.5105020323525596,0.6567555520476092,0.8915803499385999,0.27671021133298873,1.0,0.6284196584709987,0.8834004046175589,0.8384624123285865,0.713919214617441,0.9854515525476436,0.9007103548068128,0.34373398897460544,0.9904522384514703,0.6618307191781916,0.8416887476901256,0.857038509495864,0.644517701597077,1.0,0.8131094741487787,0.4098297829823131,0.8721849853532486,0.70051039099865,0.7254193148453543,0.8639185454837446,0.5408096057084429,0.9848055226432113,0.6775945974628019,0.46496314299023334,0.7350849915859088,0.7027432090440536,0.6336172843457476,0.8448460637571292,0.4846112251893802,0.9527129834217595,0.36444444444444446,0.7742616033755274,0.8788888888888889,0.2974683544303797,0,0,0,0,0,0
60e90a49-407d-4537-bce9-5df63510425a,41,ONE_HAND_LIFT_HEAVY,0.8235167311197178,0.12484743262111957,0.9045411030055782,0.08353557490191299,0.9265674118777905,0.0841775351540226,0.9461552712314364,0.08421741254995405,0.8054737565992843,0.06624425332853524,0.7499117347230749,0.0490065495743088,0.6952398827138759,0.030689852346399416,0.8992388817274387,0.06383729320354511,0.5621870098731017,0.0,0.8025590625645622,0.15371411456040834,0.7011090386553416,0.1404958548489117,0.7061333698033818,0.18487026366446008,0.22954112725428064,0.1488952302054325,0.6915882706116395,0.42048281324003045,0.0,0.39459739174953135,0.7945463213263458,0.5844932769151373,0.2815992116261859,0.5264623958487576,0.8819730781205898,0.654792298967255,0.2883197395107388,0.613864926264254,0.8732032923918241,0.6511254435091846,0.38283487700573143,0.5971180655327133,0.8222431892669423,0.6275543371344208,0.39610061465610974,0.5734811367712677,0.3715490459105533,0.6148936204641142,0.049232625562206166,0.6081784205748274,1.0,0.5960157599637472,0.46538473476284287,0.45223904310266544,0.6905630354719718,0.8932142577103864,0.4605880989308262,0.7744809843101645,0.5362602972114963,0.9370083050573617,0.3589654242601478,0.8228405821013737,0.890448969575638,1.0,0.7860638827216355,0.9056499715222187,0.3286028802412887,0.0,0.7427321152713016,0.21860984885999685,0.9114753204318821,0.4886822410301321,0.8695212994874749,0.6908995485529754,0.7546376816748886,0.8166785071756604,0.998265500532917,0.6415858431703139,1.0,0.9858740518169787,0.8257604588658057,1.0,0.7391706413142834,0.9014560316800552,0.7242430385869817,0.6557617008533745,0.6702957185249997,0.9883250761704753,0.5262243752304465,0.9738357244402922,0.4929345525809423,0.8634281119937988,0.4028698082091738,0.6359230645056893,0.36555257975674327,0.978742452162914,0.2575050001719087,0.9609278799926072,0.23286870562236284,0.8490393590996326,0.06940013349599453,0.5897942090942907,0.055264496349014966,0.902455781352719,0.008027543329883303,0.9131215974783226,0.0,0.8378346763407915,0.0,0.0,0.04550431504865247,0.09292968978032863,0.23985184726349215,0.3014335579126448,0.39998141714323193,0.5225522909035649,0.47143432326519014,0.6971802339318923,0.8610895019612201,0.2780728000200148,1.0,0.6034323477603379,0.9273920418004966,0.8133289103162241,0.794562874731505,0.965513439084213,0.8395060603797098,0.3391845649057684,0.9754323702433808,0.646447424627248,0.8630826044420316,0.8456036538074857,0.6811090686162877,1.0,0.7293807718444214,0.3996995931256677,0.7912616848821172,0.6967326814325016,0.6401411568374893,0.8551820185822315,0.4517109892091901,0.9727771327544493,0.5736145296077741,0.4483373378317147,0.623859294980989,0.6913490789035983,0.5193252601144486,0.8317360125944795,0.36583815060494485,0.9383860126408099,0.36444444444444446,0.7721518987341772,0.8777777777777778,0.2974683544303797,0,0,0,0,0,0
60e90a49-407d-4537-bce9-5df63510425a,42,ONE_HAND_LIFT_HEAVY,0.8048265984845425,0.1214430184808125,0.883109701351112,0.08065520771219818,0.9054651726057175,0.08129338368019158,0.925073587416737,0.08133429517309095,0.7848140712380203,0.06372204639666544,0.7313871093629577,0.04705834317334611,0.6784811203497496,0.029323955585226994,0.8820634540166171,0.061772076305918,0.5452681205951804,0.0,0.7860586706254231,0.14996845537074627,0.6854160338718392,0.13718070319410455,0.6939351350550451,0.1812942040761114,0.22532028479531144,0.14518912116021204,0.678921318520179,0.4143996595817221,0.0,0.3915639526913684,0.7798034116075143,0.5788116589469576,0.27571174332575216,0.5190120526990931,0.8653473945023981,0.649084878134789,0.281107636099978,0.6046994552652319,0.8567355697089172,0.6485339403071806,0.37541877973339094,0.588895055847437,0.8067902838083307,0.6229118114729093,0.3879326434664865,0.5653354510919889,0.36569809527064184,0.6066253008422975,0.04443181576487778,0.5988930016085446,1.0,0.5948486392542336,0.4460638946927443,0.44466219683561653,0.6794011871011899,0.8918829729859328,0.44964235690990445,0.7632363368136261,0.5264827473145403,0.9350677477806192,0.34951949812629,0.8107955817862034,0.8732124118677618,1.0,0.7631420781416277,0.8870398753301451,0.35140173713274675,0.0,0.7493547412190962,0.21889572511161923,0.9076663343395781,0.4842911964783633,0.8691024968533141,0.6845945499022085,0.7632487925642103,0.8086615385492636,0.9988119596066266,0.6263339662699884,1.0,0.9600805141042236,0.8251079484070879,1.0,0.7216627470597158,0.934617833607986,0.73198920342239,0.6372965051632805,0.6834046041775946,0.9627650778626128,0.5350686133854867,0.979606134733777,0.4765720981881805,0.9008710957026832,0.4170380740313592,0.6164784012742365,0.3827006960341915,0.9528562929679407,0.26585240740290433,0.9765779224852172,0.21876501695794498,0.9010634476230662,0.08643514932139272,0.5717014591755858,0.07379166681140843,0.8749955808476789,0.021470414204609274,0.9221879460730367,0.0,0.8851856709223579,0.0,0.0,0.07986955681254675,0.05780846694998777,0.2639894435152422,0.25874145748305705,0.4111649955034082,0.5006206741851305,0.4907437446944419,0.7041886118720813,0.7950428226829945,0.20155315721682185,1.0,0.5382508863511565,0.9600971600030257,0.7750398642332313,0.8506879365266139,0.9505592157682708,0.7521529009320973,0.28609882675831466,0.9564830768454937,0.5985166749727725,0.8904344464149135,0.822384667774373,0.7572260651039259,1.0,0.6446381294177964,0.3697797139519234,0.7692214592491112,0.6620101723576179,0.6595819430319636,0.840680092446451,0.5087637314147875,0.972879126366828,0.5074458517889712,0.44110700260551206,0.6158532177947369,0.6770809332747338,0.5411038922835122,0.8272830710735379,0.4227720858302726,0.9435709217950526,0.36444444444444446,0.7721518987341772,0.8777777777777778,0.2974683544303797,0,0,0,0,0,0
60e90a49-407d-4537-bce9-5df63510425a,43,ONE_HAND_LIFT_HEAVY,0.8066025067251669,0.12010391988284638,0.8835437485376155,0.07946457191607792,0.906554413194059,0.08012951045072389,0.9265079436003654,0.08017270517010712,0.7843555250626874,0.06268602487425093,0.7320829976155026,0.04645128688423238,0.6797941347032063,0.02907489674389046,0.8850427676890266,0.0616141237952528,0.5425637359400892,0.0,0.7888396102358024,0.14874312986497804,0.687299320012242,0.13602052361592698,0.6986022607322805,0.1811425295938702,0.22763062246289809,0.14389334383736413,0.6841427316068669,0.4142100708786324,0.0,0.38975513932478417,0.7858691980872131,0.5795395123153592,0.27393301786667473,0.5183491249234913,0.8716058867250803,0.652318170351898,0.27632640373294204,0.6038683282958012,0.860448523826477,0.6522607219170846,0.3742808191370935,0.5885598379238742,0.8110551221051995,0.6254662299537819,0.3871824733912089,0.5649898832493344,0.3686383573056284,0.6070238732661514,0.04355827749246767,0.598228192716411,1.0,0.6016670235063549,0.441067407335873,0.4496291988065142,0.6792228738791589,0.894830017533425,0.41335765395815527,0.7692604210444565,0.5300418812498169,0.9380514016618694,0.30700464743982425,0.8153915141995595,0.8753104338939761,1.0,0.7003547198203484,0.8902596151675682,0.35560037311192894,0.0,0.7502043341937689,0.22510131500230007,0.9047410150676265,0.49011655545119637,0.8559582465586427,0.6895548590882457,0.7437487589872412,0.8125213592836951,1.0,0.6269373110303373,0.9922987943128138,0.9636763541497873,0.812291913907193,1.0,0.7109456170892652,0.9235473959145306,0.7312335782265177,0.638367839696128,0.6718623734166986,0.9685061441779489,0.5228727309669048,0.9748772585162584,0.47751515767211405,0.88005778238221,0.41557188176784865,0.6180725843178123,0.3705352401446271,0.9598257312842756,0.2514037874554967,0.9670101303482687,0.21424497938187176,0.8732996090243118,0.08445236127209002,0.5736721533306659,0.061198668249006036,0.8827810190557449,0.010167069178091681,0.9149161333725512,0.0,0.8598861708573742,0.0,0.0,0.060354308228697535,0.03763971512877641,0.24640192998657895,0.23541521694690568,0.3815927897228949,0.47974969491357433,0.47323777647626897,0.6645329544961789,0.8256163857916856,0.229157589786264,1.0,0.5641383554034884,0.9470392000984088,0.7876804965630027,0.8303385371245183,0.9590647320091928,0.7411629491046823,0.33754534998730096,0.8864094942414356,0.6442083136309105,0.7671384534036393,0.8479120938117529,0.5943172617397419,1.0,0.5977321923303597,0.4273574250086209,0.623446986874549,0.7121367613140088,0.48335037738654996,0.846503843779231,0.3342427575013724,0.9360371596298904,0.43071821865470095,0.4969099029711598,0.4570407239652852,0.7269440354829451,0.3509336897590638,0.834645222171059,0.22397354713981202,0.9082169943979731,0.36333333333333334,0.7721518987341772,0.88,0.29957805907172996,0,0,0,0,0,0
60e90a49-407d-4537-bce9-5df63510425a,44,ONE_HAND_LIFT_HEAVY,0.8092312235480073,0.11957795985493588,0.8854834005235633,0.0790581595124058,0.9085063920480333,0.07973686621553701,0.9282795629952278,0.07979436169978533,0.7873013490894524,0.06254701637028869,0.7354334768311708,0.04694670136111554,0.6822865898305741,0.02974019597050089,0.8866716449160738,0.06149611916314199,0.5416090073233518,0.0,0.7914271640559097,0.14830755691342032,0.6897028904910192,0.1356465800518727,0.6969483008395653,0.18058719544962917,0.22873716658537677,0.14395247032746888,0.6829563539849999,0.4137972208746577,0.0,0.39601738557281496,0.7877123572333682,0.5814051425120229,0.27304713643751793,0.5196696709749823,0.8736839812117478,0.6551573056679038,0.2738776246246646,0.6050586168222254,0.8618102512402256,0.6554880333427228,0.37322468324173597,0.590514777950842,0.8120891582683922,0.6282246117558522,0.3889325527890098,0.5695801927813025,0.3685036568348258,0.6063217300513081,0.041371431061129595,0.5979215937629072,1.0,0.6007992928515835,0.44212373572031116,0.4586520940665121,0.6882413668320301,0.8965865583682484,0.41030449216409826,0.7761729776152991,0.5353235841943406,0.9427866038175756,0.30021506521547064,0.8204258137770826,0.9084238515432775,1.0,0.7001448694782884,0.8954510564070782,0.3406378348538211,0.0,0.7393243039933092,0.22132248604673163,0.9024009135957789,0.4945598019739539,0.8566476768581404,0.7017319395831363,0.7456727995574178,0.8331228518273264,1.0,0.6391511367577964,0.999613806763594,0.9946520354428783,0.8258232964554332,1.0,0.7452783138282056,0.8979653454419323,0.7271686941811578,0.6502554157600984,0.6727367714008509,0.9959251726421341,0.530088125505694,0.9704663702582537,0.5086081998538152,0.8526314129852111,0.4047850052775793,0.6294713524422161,0.35051063986059133,0.9850660612367168,0.2479585659673726,0.9458171727682654,0.23440507879645128,0.8209480339293035,0.06848177487777458,0.5825103269952385,0.03605694336345878,0.9061552044902721,0.0,0.8809928105193454,0.0003530232651808889,0.7731033014851953,0.0,0.0,0.07135152550920348,0.03559253506302619,0.264981929229821,0.25200720175426233,0.4020378645672821,0.4987832677363794,0.5015829434342869,0.6892525415883966,0.7574226739136526,0.20977981752809866,1.0,0.5299446210678411,0.9828993079875605,0.7646292408132649,0.8840406382203794,0.9425214594717052,0.6862900288571989,0.29945813411262007,0.9127612557084022,0.5948221944972267,0.8801358109433223,0.8153092559451869,0.7705274843806909,0.9969833711450724,0.5544924775165999,0.3858455828554023,0.7136588406690387,0.6710682204708022,0.6407156165074385,0.8559649147528652,0.506895609783431,1.0,0.3979316672736951,0.4614423236388587,0.5087639733281035,0.6996530280645122,0.46530832376096154,0.8550901682613357,0.37601735634438127,0.9804097975942846,0.36333333333333334,0.7721518987341772,0.8788888888888889,0.29957805907172996,0,0,0,0,0,0
60e90a49-407d-4537-bce9-5df63510425a,45,ONE_HAND_LIFT_HEAVY,0.8070315631065672,0.11800240676953337,0.8835710160074811,0.07784645118332564,0.9078531056242289,0.07851847723288788,0.9280230623246604,0.07858248100469169,0.780400069153576,0.06168448222453147,0.7265548258194305,0.04646703652587635,0.6704900866777208,0.029721388951788733,0.8892508919239624,0.0606426927495546,0.5305012455502032,0.0,0.7905466865221252,0.14749410323572545,0.6853030969800319,0.13486638406150478,0.6926555758999788,0.17536868110835013,0.2240541480358027,0.14494758806760413,0.6798621643497599,0.41323353479927905,0.0,0.40765444447640264,0.783729804012479,0.5832605711744308,0.26831071762551767,0.5266720741404946,0.8683790853653744,0.657132472165882,0.26902631961525464,0.610673812245464,0.85719491878384,0.657703165687277,0.36962021524050515,0.5965495542222686,0.8072651037696558,0.6297563158724122,0.3859938469034129,0.5760683472450496,0.3651014121474543,0.6046749699519777,0.033711385979112475,0.5983942508185014,1.0,0.6034932450809605,0.4876135042002939,0.5050894384261351,0.690653167312362,0.8951696833244638,0.3903692349099825,0.808909514796379,0.536095170644307,0.9412282180132747,0.2633992420610909,0.8499924000603875,0.9298663391039896,1.0,0.6686426351441617,0.9356332961771694,0.32865844986680465,0.0,0.7451194575143324,0.22489559991248323,0.9086778345987587,0.500250386440271,0.8484357764230509,0.7088605995215013,0.7172900574968838,0.8413979619965515,1.0,0.6489621600530155,0.9931113689899264,1.0,0.8194650435439401,0.9816159482734789,0.7461030354673669,0.8650938396247205,0.7182748305628623,0.6654568604699841,0.6567408552945296,0.9963713712725397,0.5223420389343895,0.9513199788632771,0.5118668739789254,0.8278186443904354,0.3890140437722067,0.6505379359152889,0.33454916156851405,0.9814366494660924,0.2503008696836895,0.9192689347834158,0.24608690144262083,0.7871083367626533,0.05204955894356796,0.6094571827339198,0.03717757346658046,0.9129689907846732,0.00688624078418531,0.85677105753912,0.0,0.7308369462964528,0.0,0.0,0.06776231921634718,0.06533809358917718,0.25838386338324465,0.29568331345068977,0.3585207708459781,0.5527208465989825,0.41081274319734906,0.7517397765400726,0.8004274184202411,0.21497244471847154,1.0,0.5605895972706323,0.9692321593076451,0.8050549314564407,0.8657305103289511,0.9896736894551794,0.7222998096652348,0.29839487907046924,0.9327582041355089,0.6096810925286489,0.887390174483356,0.8285200691677187,0.7634132975056128,1.0,0.5990104163597543,0.3841717513044932,0.6688882210476073,0.6814615968277504,0.5411066130036555,0.8080194173281852,0.39998978595686924,0.8892643494250677,0.456290770237064,0.461790045797019,0.5268187380549711,0.7078336891946607,0.43410076153548494,0.808866103150214,0.3205598867026908,0.8644445143985438,0.36444444444444446,0.7721518987341772,0.88,0.29957805907172996,0,0,0,0,0,0
60e90a49-407d-4537-bce9-5df63510425a,46,ONE_HAND_LIFT_HEAVY,0.802387657661784,0.11545774587827945,0.8797607390746217,0.07566123615726385,0.905623894402349,0.07614262477359997,0.9266538007801233,0.07599651606107073,0.7704333014368282,0.060793291668486925,0.7140579410537731,0.046137758008448215,0.6559567032795631,0.02957768589127033,0.890031083618772,0.05964115342252744,0.5182076227283025,0.0,0.7871914693973046,0.1466345466132486,0.6776736430471602,0.1341997135260466,0.6880011784788957,0.1714051256986433,0.22210365910269725,0.147484406867641,0.6745984568363536,0.41300792200463105,0.0,0.4169444508396383,0.781166867412459,0.5857199180044848,0.2649089340336535,0.5308716076196832,0.8652852550255564,0.6597795173970652,0.26519984006357844,0.6156995926772201,0.8543434746063794,0.6601640425536472,0.36676763788017397,0.6011447460345573,0.8039129955769905,0.6316222967210335,0.384313851707247,0.5805168424865913,0.3625768579920552,0.60149602522203,0.029331497943232473,0.5988874911661582,1.0,0.6055354375862385,0.5073930982234925,0.5386356532213297,0.6900484141907675,0.89411500518309,0.3682097890498019,0.8307953723888863,0.5356869900633927,0.9394138041439826,0.23639741972540945,0.8700509978522725,0.9318202918715903,1.0,0.6326614435623733,0.9589503938413496,0.3398181205313482,0.0,0.751461065165168,0.2258855143756783,0.908751673518995,0.5013136816637448,0.8429301537263689,0.7094408662108159,0.7095008403201762,0.8375256160048641,1.0,0.6471473103391787,0.9900763884273194,1.0,0.8141919158350504,0.9899394666830483,0.734489683526876,0.8784529429462068,0.7176761586448531,0.662131787158368,0.6535340923117825,0.994728734187384,0.5199362401131821,0.9571438922466005,0.5029233172232404,0.8381737934684503,0.3899097486635586,0.6463124766679741,0.32864471073046136,0.9784833434931016,0.24772591319540055,0.9232787856162884,0.24109830321790404,0.7960091800200675,0.054433282376064644,0.6053914503581121,0.03403178024440499,0.9081462439573006,0.007118983639868208,0.8581113542104758,0.0,0.73781969797923,0.0,0.0,0.015006038260810194,0.045917734398634925,0.182897426378025,0.2636305861407774,0.30078006648487876,0.5106265357602244,0.3723387912383342,0.7150151372362954,0.747594297150709,0.22951358433649718,1.0,0.5585161373168243,0.9553595432258395,0.7923858939675229,0.81851719090719,0.968313008882108,0.6881014257123228,0.3088855903522155,0.8942408220569346,0.616836393790142,0.8170663013838926,0.8328450821937784,0.6580466759694289,1.0,0.5774604312555742,0.39173556956708155,0.7164940534866155,0.6769522246622688,0.6315103333205314,0.8484654912365087,0.48189588587473703,0.9747041655149599,0.44989950456390104,0.4620720275626111,0.5667750566487012,0.6954901700463367,0.4958713658417933,0.8365167597826157,0.36781329612228436,0.9421988277619743,0.36444444444444446,0.7742616033755274,0.88,0.30168776371308015,0,0,0,0,0,0
60e90a49-407d-4537-bce9-5df63510425a,47,ONE_HAND_LIFT_HEAVY,0.7986065123671283,0.10643208521296639,0.8769894476497173,0.06937832085956508,0.9033633787362676,0.07006119989954494,0.92453157297134,0.07010022302407934,0.7657574670787802,0.05524471947514154,0.7080208874331643,0.04219048438286608,0.6490042654848908,0.027201476622725484,0.8884431104159877,0.05568592179247928,0.5119045670302176,0.0,0.7830225367804443,0.13765822537341502,0.6708969324124767,0.1253043297336082,0.6861832814222979,0.1622430502238125,0.2223712008587519,0.14017565277521207,0.6731179707423154,0.3915486219286115,0.0,0.39231867483417415,0.7820768283324627,0.5585175468812716,0.2616886637509183,0.5029889739161693,0.8653874676393103,0.62951148150318,0.26196595251169547,0.5845738665827063,0.8542138218774383,0.6294823551763264,0.3638336088859391,0.5698385091320393,0.8033427432936051,0.6051190032232536,0.3829129605957294,0.5500114287501716,0.3630267928404935,0.5695999604128092,0.031500052828717394,0.56870888967032,1.0,0.6131728428282125,0.5402847492669706,0.5674340488042886,0.6949521044431184,0.8842761806514272,0.31743263346443784,0.8402038432649792,0.5426052444779109,0.9208220290409478,0.18125235311012333,0.8775478965907711,0.9336084394992136,1.0,0.5272829322567189,0.9671381191700074,0.3415469460070399,0.0,0.759010183892813,0.22140855486779348,0.9247827639846419,0.4927466252554641,0.8611898283259786,0.6998095153453026,0.7225923106204797,0.8284170094345649,1.0,0.6377395291962071,0.992554761334104,1.0,0.8165113470277789,0.9843438357126392,0.7381959424212945,0.8642833535614997,0.7187480908138185,0.6554770983961755,0.6601166894594125,0.9979789026639682,0.5227128536987692,0.9580830601968804,0.5057792534318356,0.8320862493567522,0.39161579419795384,0.6411603971253917,0.3341099315277719,0.9842136983105546,0.24765845657864438,0.9291505003346674,0.23969861880660004,0.7967483900455997,0.05639559747540968,0.600782094045698,0.03883343437334048,0.9116962180404561,0.008762283410170733,0.8628804088853692,0.0,0.7394212773858887,0.0,0.0,0.022094598141634732,0.030863101866664255,0.19900257231350726,0.239155970646193,0.32118431413722504,0.4751113316955317,0.4197637671268833,0.6646199798986794,0.7514242217439235,0.2256627613426054,1.0,0.5506529537522653,0.9553467373615413,0.7856122932350803,0.824920993227991,0.9642291460104305,0.671894587642396,0.3098486295941636,0.8395065357761562,0.6159958124133004,0.7407653945088981,0.8312890961076019,0.5640065095280592,1.0,0.5351462019003622,0.394313745662897,0.6027172030027823,0.6791148635586121,0.4948207254974014,0.8430288100086035,0.3409732794372408,0.9653212650039174,0.38152133970287155,0.46689443641120204,0.4296078534306263,0.7010872575942405,0.343627487007192,0.833528731434825,0.21720615255393985,0.9319053632539267,0.36333333333333334,0.7742616033755274,0.8811111111111111,0.29957805907172996,0,0,0,0,0,0
60e90a49-407d-4537-bce9-5df63510425a,48,ONE_HAND_LIFT_HEAVY,0.8011701210372681,0.1042011725172312,0.881565971345127,0.06605613943815838,0.9082377450484357,0.066965380355643,0.9294384433432501,0.06728411391679967,0.7666031785056721,0.05152081776350136,0.7069667825244402,0.03870059363280698,0.6488275178327775,0.024815584110583332,0.8906007289270401,0.05491380386741495,0.5128274318826501,0.0,0.7829689322770462,0.13778525782653667,0.6696027130257668,0.1250613974238278,0.6908736205816575,0.16549791627089325,0.22430809522774411,0.14268212653581966,0.6786632056749071,0.3993960339643398,0.0,0.3951184829218564,0.7871040328849185,0.570220009363871,0.2600680954875933,0.5107043564465696,0.8692436213886892,0.6428044663469832,0.2605468177090243,0.5945890076600583,0.8580128880217254,0.6404368204712545,0.3630958136541272,0.5790766836337207,0.8068800578464346,0.6165365357640221,0.3829283058505302,0.5584931209143248,0.365903934242156,0.5787269035827597,0.03376465805716233,0.5780895404687875,1.0,0.6255341933401691,0.5332410868593499,0.5926091048797749,0.6705524119629585,0.8859802320706911,0.28946753646196793,0.8491260205103408,0.5187829761780727,0.9214237785013407,0.16056033486569418,0.8864152989613155,0.8968600969287571,1.0,0.4889118089228725,0.9717506065116398,0.3256605269968965,0.0,0.7530969437789244,0.21400169628009588,0.9219572542212703,0.48061785573042487,0.8640051669155936,0.6896522149320297,0.7225572907885958,0.8178031584481261,0.9999608207227508,0.6336995900656435,1.0,0.9921340569524454,0.8171028230450135,0.9953360238749835,0.7244580793605941,0.8920646492369122,0.7164940008215775,0.6563770125458019,0.6649922472521079,1.0,0.5235918611581394,0.976719032167379,0.4905221766581739,0.8608550014056253,0.38642046250543166,0.6442457509613048,0.3335106294566428,0.9879171808714242,0.2441569450611553,0.9526232781089335,0.22208832671243123,0.8327861718230087,0.04558805720649379,0.6053250171136872,0.03538957261344775,0.9121206201269669,0.010034643979094888,0.8833767727159382,0.0,0.7760695856025844,0.1162052221322997,0.0,0.0,0.10627324544994388,0.10495165481109171,0.3550881401439292,0.2494121906546833,0.5828044191113361,0.34754014567448993,0.7671812759963907,0.6158303871874601,0.2878177336649134,0.8481918473399498,0.5915072954950593,0.8193444647953316,0.8183278681309007,0.7122119521233548,0.9875591452276679,0.7317715210631682,0.2890072404762429,0.919248626315117,0.5891392856356874,0.8801039315074328,0.8161161117102049,0.7704860075818887,1.0,0.7858329428802658,0.31621294482713086,0.9714976359841547,0.5936354233147737,0.9331643736422882,0.8013149497128018,0.8162222600843378,0.9713175906159907,0.8190505601226733,0.3437168511630978,0.9969949312092686,0.5682167301217016,1.0,0.7520852131428949,0.9254547003450185,0.9081890006382183,0.36444444444444446,0.7742616033755274,0.8811111111111111,0.30168776371308015,0,0,0,0,0,0
60e90a49-407d-4537-bce9-5df63510425a,49,ONE_HAND_LIFT_HEAVY,0.8316234904157392,0.10104831339438482,0.9176205879911068,0.06240761427680075,0.9475363569149442,0.063213528910276,0.9713209436834812,0.06352843935221206,0.789335619234993,0.04844625838879299,0.7269667514975039,0.036282958315731015,0.6684973784678435,0.023431236449035674,0.9302053566260636,0.05348995799994751,0.5266496900230397,0.0,0.8155237027416415,0.13752331866449824,0.6945136526838523,0.12452664222237085,0.7240140412190393,0.16851092416200963,0.23410980132717438,0.14602775254425837,0.7123574618005876,0.40761200155097954,0.0,0.40201176526364535,0.8248199996490481,0.5812368405902866,0.27136465552891986,0.5204301555466568,0.9090935043254822,0.6550998612415118,0.2720827974114416,0.6074221610597458,0.8955590703126903,0.65149353744405,0.37913543784000103,0.5902431786953655,0.8428274990198228,0.6272374700407809,0.3999887904914034,0.5696586236410939,0.383160122854119,0.5888928444135528,0.03618497470134386,0.5882434987118912,1.0,0.6339374985713548,0.5385812690682777,0.5992569775031769,0.6289710273488438,0.8919374884121,0.24870259104648357,0.8439491901804029,0.47567628301075876,0.9357276862551209,0.12304635681803956,0.8815725087179105,0.8316473237167273,1.0,0.4484230342830249,0.9639801505093596,0.3213562960057559,0.0,0.7588305785024533,0.21416991853818768,0.922198987903449,0.4784435940346793,0.8441441094585067,0.6843915326067502,0.6880800725744936,0.8070243599669978,1.0,0.6328769667489605,0.9959297163193952,0.9884968476060497,0.8065634677902559,0.9920835960824357,0.7132898431803799,0.8946500777234664,0.7123958967497889,0.6593454084817593,0.654600996696128,1.0,0.5141250754981675,0.9730077136125399,0.4895866670837615,0.8566308613553846,0.3802051625105577,0.6506035523810922,0.3229360425244181,0.9873729627105945,0.23762973051666014,0.9435985984774375,0.22357564134339816,0.822429361334153,0.03856121547838767,0.6125454445159219,0.02831752784709305,0.9099876142487333,0.005210877511291638,0.869427751305544,0.0,0.7567733709125731,0.18115049203936315,0.0,0.0,0.11162646876932591,0.07082166573325865,0.3392955432719792,0.20766461316905352,0.5511574826744193,0.3125918644920165,0.7294414798096683,0.6689952339044266,0.3027338395526908,0.9133416387596722,0.6128101974935554,0.8504383207799481,0.8330549339385863,0.708250945789949,0.993378982333327,0.8067205376430114,0.2973836832452444,0.989807184574766,0.6017486032213573,0.9077091881636246,0.8285931054708668,0.7439978055387289,1.0,0.8506463374212794,0.3187301162264343,1.0,0.607460041186109,0.9247779822385791,0.8158122355471398,0.76557210291109,0.9763126743980941,0.8522533231229927,0.34287435686552037,0.9791137576720423,0.580292723149866,0.9473580743602346,0.7663559644413842,0.835470266192724,0.9133444693091232,0.36444444444444446,0.7742616033755274,0.8822222222222222,0.30168776371308015,0,0,0,0,0,0
60e90a49-407d-4537-bce9-5df63510425a,50,ONE_HAND_LIFT_HEAVY,0.8334916888364371,0.08404734584095996,0.9213010874153961,0.049284344804665356,0.9535785009901386,0.050237889985545126,0.9789157324130642,0.05080550476328831,0.7861326901555692,0.036922496981853285,0.7256360627329932,0.027689525483574954,0.6689762882593037,0.018356264397359774,0.9392162271139012,0.04514551916444339,0.5235517182931926,0.0,0.821772679754113,0.11860042540161962,0.6961129821332881,0.10711810838982895,0.7325696650162602,0.15203149476095507,0.23824519643276373,0.1291288468962895,0.7246701380298505,0.36524435602476735,0.0,0.3538959375243046,0.8354793355280266,0.5150793826888587,0.2756162178494463,0.4595825720332184,0.9186565066477728,0.5817477621104815,0.27666136416993115,0.5379594688996009,0.9055283529167768,0.5780128975119354,0.38457252436393724,0.5222471220461692,0.8530454789986388,0.5568023269800245,0.4052777915223921,0.5029463511429486,0.3908813023296946,0.5263838923804437,0.04937743915727149,0.5246125923457137,1.0,0.6374009628641248,0.5440824873377009,0.6380647332621606,0.721214127872639,0.8897418045259239,0.20054544478332229,0.8619450060853405,0.5894183080368094,0.9255082386238231,0.07465597815273085,0.898016279424449,0.9665284718808002,1.0,0.3494641881442349,0.9687231948983569,0.3407858676695654,0.0,0.7646834106467036,0.21679846928104732,0.9149817888455196,0.48434642276510215,0.8293359750382612,0.6878040851838882,0.6720354969213065,0.8052054164759442,0.9976402614813321,0.6350304538336295,1.0,0.9889594146744892,0.8098506329414277,0.9981236502531877,0.7132769400514896,0.9036129891207568,0.7145665507954775,0.6604173463952772,0.6595736098423282,1.0,0.5133350733784954,0.9760990489575901,0.4884729917308308,0.8615986898218583,0.38654865996749277,0.6501265042170065,0.3288198934617803,0.9899131262018498,0.23568318523176215,0.9482549748166774,0.2218355894600719,0.8278084593495401,0.0468673255110394,0.61110161648925,0.03128759387345917,0.9105160439854625,0.002447531706391107,0.873571474384639,0.0,0.7625098946575024,0.1736238074021724,0.0,0.0,0.11539287144573489,0.06924145620392298,0.3390479241756775,0.2209875269685683,0.5459148311306902,0.35746220010842295,0.7172692564410627,0.6749637309793404,0.29353731144039513,0.9057707797894312,0.5995749566146041,0.8622062538546122,0.8270703510879722,0.7500192044738743,0.9927956214123616,0.8007321842839366,0.2881879588839941,1.0,0.5918590308370044,0.9476255588501897,0.8234425310372447,0.8129572036530202,1.0,0.8291065200834901,0.3109502069149646,0.9798627373947321,0.6006685355760245,0.9275782829225039,0.8156166065945801,0.7934147310385999,0.9827376852222667,0.8146164701957539,0.33775677479642235,0.9418708010789623,0.5764357228674409,0.9321171231478657,0.7676518488853291,0.85159221549395,0.9199401949005473,0.36444444444444446,0.7742616033755274,0.8822222222222222,0.30168776371308015,0,0,0,0,0,0
60e90a49-407d-4537-bce9-5df63510425a,51,ONE_HAND_LIFT_HEAVY,0.8235368586360867,0.0815872432438261,0.912820569157302,0.04578024398921655,0.9482671538028349,0.04675493623130571,0.9758336099369083,0.04731446382373429,0.774397939296828,0.033899516676178146,0.7176090674706087,0.025643989963784173,0.6633547475505217,0.01737850800177426,0.9399986032500331,0.04385247256477451,0.5184387997261951,0.0,0.8189145055622821,0.11752656928430458,0.6885786395079883,0.10670180783076624,0.7343985775121686,0.15606832999576298,0.24113684984754763,0.1306916656778416,0.7279565260265001,0.37248770053738955,0.0,0.3578703200336085,0.8383374385750431,0.5223485895208442,0.27680471735299667,0.4654068790916726,0.9197642997509129,0.5904838785728173,0.2785148205895593,0.5450283507064656,0.9070232721038952,0.5861388495789214,0.38619194954123043,0.5291656890737659,0.8552143108804469,0.5643809776130793,0.40650236806663387,0.509125889830242,0.3949697645482364,0.537876650721084,0.05645694753634493,0.5339855432749971,0.9981939028986747,0.6326923397972146,0.5431073920245577,0.6215385821728767,0.7466253709953622,0.8893010293917276,0.19991886295136407,0.8540990775763654,0.613502805662644,0.9256039703332616,0.0714659937156714,0.8915062235916904,1.0,1.0,0.35611866724943053,0.9625890705168875,0.34283571774462746,0.0,0.7645192077141151,0.2142352410353645,0.9205457426152204,0.47959053354028985,0.8345047743075961,0.6833653149768175,0.67428690979356,0.8037014365116001,1.0,0.6306170221880408,0.9964609945416336,0.9899999479539289,0.804003037127235,0.9911401572672129,0.7090399198875417,0.8898096595105988,0.7195441018142839,0.6588299963127361,0.6596854269608512,1.0,0.5106264192457958,0.9695042051223743,0.4873296317365692,0.8501881865827631,0.39381220586645105,0.6511912344807623,0.3378392673283153,0.9897525289386164,0.24037263576569926,0.9430864200990717,0.22501539720076538,0.8188292276323001,0.05716240168123328,0.6155837147042562,0.04408535926018213,0.9145067213497388,0.008875134578586843,0.8727986013218901,0.0,0.7579657512830358,0.1556688105133623,0.0,0.0,0.10919504005623577,0.07841370823562191,0.33297046446858586,0.2204485825071397,0.5396679055486887,0.32719589495925144,0.717948334453277,0.7057582019550024,0.2888364942808092,0.9157491467180571,0.5997057877761979,0.8580928277879681,0.8281272868483718,0.73242007012004,0.9925229072099088,0.8263809236341684,0.2877959615793449,1.0,0.6003969835234745,0.9246534630476677,0.8292543525568367,0.7745803245954167,1.0,0.8491467180570712,0.3139385444720899,0.9996935150572337,0.6108119253166734,0.9303536186119947,0.8238583251696742,0.7821727924957627,0.9863309898200862,0.8278065429891569,0.34196455565300904,0.9512062039982354,0.5850047913646469,0.9296454526457545,0.7781678291646146,0.833111983096891,0.9314797464689726,0.36444444444444446,0.7742616033755274,0.8833333333333333,0.30168776371308015,0,0,0,0,0,0
60e90a49-407d-4537-bce9-5df63510425a,52,ONE_HAND_LIFT_HEAVY,0.8152732843942103,0.07707209776586815,0.9045801318651423,0.04143703215331427,0.9420492182659103,0.042404144638262316,0.9711510281343281,0.04300857223213165,0.7627385314992281,0.02969574633667599,0.7076198469006189,0.022069068662271017,0.6537178478449973,0.014751594024889203,0.9374994321528429,0.0433152959779072,0.5069331866492189,0.0,0.8166680468056619,0.11424470174870079,0.6823030790425072,0.10374615476685183,0.7337288751123039,0.16350073374034166,0.24174480027225512,0.13290226565426264,0.7318585488188909,0.3776607310938753,0.0,0.35959160925671013,0.8412919762353045,0.5244580546777224,0.2765115831734492,0.4671696149020799,0.9214974343691991,0.592339726748575,0.2797255331857666,0.5470601237336341,0.9062723812900916,0.5884735435893521,0.38658463362761014,0.531424343612955,0.8543183251221553,0.5668512904344953,0.4064158032577683,0.511277103464342,0.3978600663660819,0.5440828019051251,0.05065014930161938,0.5345921694584707,0.989439989782645,0.6407555151302526,0.543337186473738,0.6231773874093043,0.7532485400162865,0.8909750327579308,0.2207963670242135,0.8566618307894113,0.6222989619883762,0.9264365479831521,0.09479867579340903,0.8946935918325818,1.0,1.0,0.3775185481595392,0.9644077670952858,0.33376619233355115,0.0,0.7644412042381583,0.20827280403398407,0.9243315991402687,0.47294993797892076,0.8485946655543884,0.678040102212006,0.6993693807595553,0.8042621075760769,1.0,0.6435966206036718,0.9826198643288342,0.9812621883698199,0.8006997427659572,0.9801017684324588,0.7132779793716494,0.88108032323834,0.7194140215594503,0.6763355126521418,0.6539416361124929,1.0,0.5096152596385962,0.9671708090622064,0.4876930584619602,0.8492412517010252,0.39395092347848487,0.6726641499151665,0.3314408060393874,0.9924505375952297,0.24100242109579104,0.9393793456340487,0.23325704144221215,0.8146607375676648,0.05620746983083051,0.6356455657700674,0.03640269357245741,0.9244586423165942,0.003934723759941677,0.8741502795305092,0.0,0.7548044553788831,0.15858278592709643,0.0,0.0,0.11843629161767101,0.06114037812937934,0.3614044692898411,0.18914962238468708,0.5838681755664192,0.30968255280914947,0.7604564381114297,0.6515277830550297,0.30369913919123653,0.8772766996041689,0.6172620584711584,0.8460125208699792,0.8406389956233632,0.7481476845777838,1.0,0.8030522135029603,0.2916309704962146,0.9644847154642355,0.6055363513544965,0.9076110886362265,0.8291216470074511,0.7761084277837256,0.9989316085387087,0.8628873099351159,0.3099354864450604,0.9915916613956233,0.6032732233835869,0.9372190794634935,0.8106608621830429,0.8024353337967381,0.9720101386359833,0.8884989931003346,0.3333691680400226,1.0,0.5723707761686639,0.9767172612329101,0.7620213434468481,0.8778064115258162,0.9144910012401763,0.36444444444444446,0.7763713080168776,0.8833333333333333,0.30168776371308015,0,0,0,0,0,0
60e90a49-407d-4537-bce9-5df63510425a,53,ONE_HAND_LIFT_HEAVY,0.8127188017736144,0.07686840904872265,0.9036520070073724,0.04073967444824465,0.9416986720753924,0.04154945557145977,0.9716314691606247,0.042054750069661015,0.7591858748914353,0.028766712651717086,0.7048974445641553,0.021033592437663774,0.6502754288092585,0.013628404627247478,0.9398810991380038,0.04379797218694677,0.5007639470014853,0.0,0.8170470986771156,0.11513619125984088,0.679349581160633,0.10440618795797282,0.7351495379815848,0.17035242375008014,0.23627798681714038,0.1373151859209903,0.7372134029636623,0.3847503530037246,0.0,0.36468669913859547,0.8459908305575683,0.5317551951265433,0.27785457805730135,0.47329846177182405,0.9257536003973927,0.6003032004294659,0.281382685617298,0.5544972681633711,0.9092873664391756,0.5965532047602904,0.38786658349547126,0.5388802913123756,0.8572160841175666,0.5748213410311425,0.40768062260966165,0.5185384205357303,0.40005284367287947,0.5525998686941475,0.04649152046107533,0.5402315085540784,0.9867495919164249,0.6445111177841404,0.5432225651316455,0.6273432074233322,0.7541361085701058,0.8920639883708938,0.22556116525234932,0.8562340925256804,0.6189041095178626,0.9272586649831269,0.09997638402229722,0.894662008455573,1.0,1.0,0.39468585943323214,0.9609624938259054,0.35395837300596955,0.0,0.77423677733213,0.2232952312977402,0.9286436630430026,0.4920153145110159,0.8634212577516881,0.6968338822541762,0.7312377507655586,0.8206132292927072,1.0,0.6584074206247644,0.9884394430967247,0.9832451975934797,0.8182920323941613,0.9989305956582184,0.7258395124080236,0.9106242317411224,0.7227630842818297,0.6848197052369172,0.660614741543371,1.0,0.5242110517220783,0.9850491665655339,0.49188430927032706,0.8771242395513789,0.4019073617825068,0.6768324163291234,0.34131793187385345,0.9977434366810496,0.2489765938346062,0.9695720420055617,0.22809922633923976,0.8581697485137483,0.0664063747470315,0.6384227767904812,0.04568276951864131,0.9293119724822637,0.01074916524830832,0.9065340605282858,0.0,0.8070634357037662,0.12895448532432763,0.0,0.0,0.13166844747997458,0.09338161263087558,0.38497924712334636,0.2365309338161263,0.6096340836027832,0.3499067673789669,0.777446057651794,0.6878084238946404,0.2844214917395869,0.9006993575301708,0.6062435547361487,0.8588981845599556,0.8380577262855028,0.7566741463458682,1.0,0.8284203730207821,0.2667530302924491,0.9791637507957506,0.5932796994266479,0.9120407785488218,0.8210655083232653,0.7793705330738773,0.9911052449025674,0.8805200258252103,0.2846810481890409,0.9998284339177115,0.5912148871336821,0.9443832425086574,0.8036531115347817,0.8178938908930015,0.9661389406837858,0.8973018976111681,0.31064018492524076,1.0,0.5625484485973477,0.9776309432974098,0.7606936093244782,0.8870666263335877,0.918060473160932,0.36333333333333334,0.7763713080168776,0.8833333333333333,0.30168776371308015,0,0,0,0,0,0
60e90a49-407d-4537-bce9-5df63510425a,54,ONE_HAND_LIFT_HEAVY,0.7831018143620794,0.09177822944854283,0.8716370686910975,0.0507829965806161,0.908873960296963,0.05191731588361379,0.9390431812793291,0.052533930560078226,0.7355299585261107,0.03588495292933105,0.6850599058828547,0.026569238860061538,0.6322125550789395,0.017464828910130018,0.9120869301655655,0.05293041521354792,0.48710928159141137,0.0,0.7883983788171945,0.1346765341722373,0.6577513120198124,0.1215902796509366,0.7189109562856373,0.19972186417686108,0.22703057817211283,0.157340637549502,0.7252536334711396,0.44538386442845385,0.0,0.4188235059529358,0.8316019968796851,0.6144191512084869,0.2727422267554056,0.5462967407190856,0.9075143437514755,0.6926664531379111,0.27598235849300873,0.6397620253073526,0.891099182453128,0.6887060195550426,0.3796038733332893,0.6217227499271182,0.8405154053490097,0.6639888039598452,0.3990388252263193,0.5984038407717631,0.3935033886335448,0.6384001120998726,0.044189822371530706,0.6203447103771543,1.0,0.6577412627503663,0.5281138036618261,0.5518929084463408,0.686297928640947,0.8995793040404496,0.23026004824151014,0.8403629385922499,0.5355010704822577,0.9349467702667945,0.10623540049541218,0.8833942311605503,0.8878768201625346,1.0,0.40433335888749045,0.9602987971546376,0.3502050148508152,0.0,0.7735541526488109,0.2216270271572809,0.9335405245626073,0.49630673831497946,0.8756140355042511,0.7093351647027639,0.745770900949455,0.8451962697896335,1.0,0.6654529828027984,0.9722345550334885,0.9797087480019598,0.8081728155293704,1.0,0.7191142218813882,0.9175393784589186,0.7195914423216181,0.6891394973372852,0.6460757522157511,0.9980939299742162,0.5196562588291717,0.985305670016145,0.4909660508702744,0.8774894174156807,0.3967969248959493,0.6793239997750949,0.328425006351068,0.9928970175988177,0.24634190351599874,0.9623854390065624,0.2293139184546605,0.8501730965404789,0.06271293884693095,0.6375591379711961,0.03607287939618556,0.9262833642577732,0.007688947242211928,0.9011277380177836,0.0,0.8016016450195587,0.12352559708846533,0.0,0.0,0.1331170613094201,0.12336405030105398,0.38875870675852064,0.27765969476888425,0.608738137451649,0.3725892026742917,0.7814523076042007,0.7045263102021412,0.31011212897098583,0.9121808585519408,0.621015293351246,0.8524731659247053,0.842492083680331,0.7223795380223442,1.0,0.8274264904421997,0.2854325400707756,0.9671875396655059,0.5964705264740342,0.8927952440625786,0.8140183882921987,0.7562882086999868,0.982586482958735,0.8705756373597716,0.29434511097164917,1.0,0.5851275798134445,0.9544230356487604,0.7927141224279418,0.8405094724112704,0.9592885215154473,0.8786091283166132,0.30742881277874157,0.9989545615043237,0.5495321795113477,0.97960817980619,0.7377723583831857,0.8934691249472089,0.8940143794249662,0.36333333333333334,0.7763713080168776,0.8844444444444445,0.30168776371308015,0,0,0,0,0,0
60e90a49-407d-4537-bce9-5df63510425a,55,ONE_HAND_LIFT_HEAVY,0.7633988252133513,0.08462629424806357,0.8568019603968305,0.04387847934909016,0.8997385041140505,0.04518524062252356,0.9339368509755387,0.04597162221624207,0.7125122009224015,0.03015304067018788,0.6599686789693558,0.02220666143314602,0.6054818852033844,0.014693985007502618,0.9128566330596898,0.048435145479665966,0.46078253498815996,0.0,0.7788502378054081,0.12879261723272023,0.6393977736955031,0.1157904500456208,0.7142886604450991,0.1967201324409809,0.20488621652757374,0.15326099822240763,0.7228328955924747,0.43598820387800696,0.0,0.3571312557424089,0.8302289452999266,0.6006394343126811,0.2542947638431359,0.5338626301679026,0.9083748906518027,0.6766459183581395,0.2578346302836618,0.6253791781249453,0.8908274907698505,0.6730520926386233,0.364214926280193,0.6078895589139967,0.8395445893950718,0.6489998720812905,0.38410500768406847,0.5849334583858145,0.38194323526563223,0.6243596500865972,0.020101011498561732,0.6039650553686314,1.0,0.6455740922681368,0.5010106631950219,0.5687930896296143,0.6448320952067441,0.8942339447423022,0.20394146898714136,0.8388642517100502,0.4936764045190207,0.9279148878800473,0.07963916334891205,0.8802853914179816,0.8279726720222375,1.0,0.3764201560412807,0.9527381238624656,0.3483146864306105,0.0,0.7777348298137674,0.2167645687343756,0.9479328829707383,0.48731347875082576,0.8981932303764251,0.7026872336567231,0.7740030851610844,0.8362013134204629,1.0,0.6539213178244369,0.9762868135959858,0.9768653744025492,0.8142035615288687,1.0,0.7210257865092171,0.9178359325414815,0.715128518827166,0.6804107353341191,0.6468400739965838,0.9911515744206831,0.5226605672677411,0.9846913332383457,0.48551333652487927,0.8843446822014689,0.3920223171805647,0.6734339986788078,0.33394445527993993,0.9906277929614135,0.2551617345461208,0.9751555962851185,0.22930666619384504,0.8728133945572063,0.06041360071396065,0.6362989456368275,0.041978285667003554,0.9258221830757872,0.014807591151143341,0.9163763066202091,0.0,0.8300066059609083,0.12738646101113968,0.0,0.0,0.13045505616584116,0.1099293059125964,0.39633936122981983,0.24044772922022278,0.632069715586796,0.3401799485861183,0.8084222718828517,0.6135689802913453,0.32837608915102645,0.8183547557840617,0.6278904511869359,0.8086203941730934,0.8464014921338059,0.7267994858611825,1.0,0.754620822622108,0.2972511105434036,0.9080569837189374,0.5944674972282921,0.8888410454155955,0.8121761690159011,0.8101263924592973,0.9834404399016818,0.8228941730934018,0.30132868364332643,0.958716795201371,0.5804675815576626,0.9460904027420737,0.7821921171880619,0.8745437017994858,0.9463702406611423,0.8539845758354756,0.3117086370637505,0.9860282776349615,0.545705278770577,1.0,0.7272998975646173,0.9510068551842331,0.8765132781554686,0.36333333333333334,0.7763713080168776,0.8833333333333333,0.30168776371308015,0,0,0,0,0,0
60e90a49-407d-4537-bce9-5df63510425a,56,ONE_HAND_LIFT_HEAVY,0.7316588945176894,0.07680763568796622,0.8299172551591004,0.03803579618334712,0.8759644092885005,0.03994169057200522,0.9127331026961454,0.04114092565364281,0.6783446141985705,0.024659038524095536,0.620509577963077,0.017629516536155732,0.564094934573756,0.011303400625087185,0.8988761443968091,0.04577035086323281,0.4334260754579473,0.0,0.7556266257723923,0.12388788392936576,0.6047765358696662,0.11112808562648673,0.7062161499264834,0.19809844500058937,0.18868258238395552,0.15136141253993765,0.717951752420403,0.4360253209396808,0.0,0.34389893284343886,0.8171394416901556,0.597334429147179,0.24068909210601264,0.5306657738124051,0.8948152409895048,0.6727831853546505,0.24307184597229806,0.6214218174154488,0.8767522448371282,0.6708419514417097,0.3497469640761035,0.6043742617758339,0.8260675509810751,0.6459248320710145,0.37007593028448693,0.5816209077545804,0.3812099270920493,0.620663499961945,0.009409029703402934,0.5957873083253858,1.0,0.6457736093405275,0.45548859199039926,0.5367015126969243,0.6327911252627311,0.8957766854795194,0.17945510078650906,0.8104190624804626,0.48769387347969717,0.9306236077519542,0.05774348188979614,0.8539743571479488,0.8246344133538256,1.0,0.34847170567566715,0.9184547429642536,0.36110790430056383,0.0,0.7781120557092259,0.21922076542256386,0.9418444907251342,0.488941603378631,0.8918070864869109,0.7043223838391268,0.7699835606064105,0.8367117600305662,1.0,0.6561674931399651,0.9727964978550285,0.9846408774306386,0.8093111155236824,1.0,0.7174179069327139,0.9136422238976439,0.7197799153094162,0.6811247392369475,0.6467100432688534,0.993888388305556,0.5121078904471422,0.9850184602873961,0.46568622923718445,0.8861816524970936,0.39888733935803244,0.6720096275455684,0.33818741832253535,0.9920960956543237,0.24687374453367075,0.9847471236890335,0.21056277216201114,0.89092023562151,0.0679037002488998,0.6335950669044949,0.0510152249102991,0.9259267432048367,0.018516252372398442,0.924675489192508,0.0,0.8473756152577799,0.0988708908901571,0.0,0.0,0.15746393929113292,0.13319477293846496,0.42659405548499874,0.25573016944182725,0.6584899211627206,0.309173661163778,0.834746922369684,0.6446615798903447,0.3127006087786717,0.8221690882395427,0.6051577817603503,0.8161990612676983,0.8341377653395956,0.7570442653029105,1.0,0.7613218144224986,0.27614992577869313,0.9035567907170284,0.5770104389083603,0.8990463911413338,0.8036458615788392,0.8445292000940026,0.9888699569554256,0.8105093172522784,0.27641856024537803,0.9479104905598544,0.5608343559520191,0.9540098788962026,0.7776223705667431,0.9007992376303585,0.9570020897995836,0.8279407611191483,0.2875359913431597,0.9734528919811046,0.5265803084629946,1.0,0.7185278326747795,0.9645851704443779,0.8789101764537476,0.36333333333333334,0.7742616033755274,0.8844444444444445,0.3037974683544304,0,0,0,0,0,0
60e90a49-407d-4537-bce9-5df63510425a,57,ONE_HAND_LIFT_HEAVY,0.7102070785232731,0.09366905883176903,0.8036779366609286,0.04795032538310783,0.8514643900958272,0.050789480562375956,0.8897573770832063,0.05244020238761593,0.6577225383885936,0.03002058544523414,0.5991279948421712,0.020718093107816027,0.5418491127522647,0.011735035169023977,0.8895998920695788,0.059336616043811026,0.4167668352647084,0.0,0.7328286202418834,0.15563916860434515,0.5844017191032954,0.13739077936006935,0.7016707162195295,0.25261418536688196,0.1826883236667285,0.18658711152696283,0.7165651143452761,0.5498563166737527,0.0,0.4239417864583826,0.8129054687773637,0.7508772178896217,0.23203717372776367,0.6631582094624091,0.8902044062075559,0.8448008755871876,0.23032507553183623,0.7795731891921457,0.8714569439345567,0.8427381766174217,0.34019097976693774,0.7587846013450527,0.8214065461357147,0.8113469182856713,0.3606614370572356,0.7291764837269846,0.38065217475907,0.7799245179623703,0.0069083253012517075,0.7417577828890917,1.0,0.6754348274172655,0.36861585721012835,0.48559677983956445,0.6242677400900545,0.9307756707901564,0.1839142160709954,0.8309570827045917,0.47695490921261385,0.9783751580856795,0.061439392268705234,0.8916031017292736,0.8055949988778869,1.0,0.39960278491620477,0.9293895904687449,0.3424866350586839,0.0,0.7562638642225767,0.21425689093523678,0.920483958685463,0.4850446406735557,0.860685295969418,0.698768386968445,0.7299040702988014,0.8284570435417761,1.0,0.6616039664656912,0.9753857159298366,0.9887403764946799,0.8091910628090184,1.0,0.720555945452535,0.9135938839994652,0.7234952170547708,0.6897098193177705,0.6550220360746225,0.9985945850765152,0.5151341458736237,0.9904384503262454,0.4664009098766296,0.8943427973300377,0.40504065334196876,0.6826998640236606,0.34810792147800795,0.9993201183026762,0.24724633691160972,0.9971337361537282,0.20525255169394566,0.9098855124873235,0.07441265342320773,0.6450226790273615,0.06510514806933296,0.9344916865305164,0.024535301723846124,0.9348136928499924,0.0,0.8614410883324475,0.09687410491755623,0.0,0.0,0.1634136889409023,0.126615423419418,0.433197824675408,0.2512643373504277,0.6611321132421216,0.307517196270472,0.8349976773610716,0.5930244488429657,0.3187186732470492,0.7741912729728921,0.6099006013196695,0.7620373893304035,0.8340083101711053,0.6903324683541598,1.0,0.7169145466126874,0.2779505855359906,0.8699624225686889,0.5764481846202806,0.8634173659887909,0.8038512176530824,0.8022118956723966,0.990233367467143,0.7813711701158959,0.2745782677989852,0.9299003492691852,0.5566531414653927,0.9330253893475036,0.7732244644456592,0.8754494115434107,0.9531943343008857,0.8145325051193372,0.2835800976791576,0.9732234083029451,0.518016492019618,1.0,0.7083278796231423,0.9627303701740361,0.8688863908757504,0.36333333333333334,0.7742616033755274,0.8844444444444445,0.3037974683544304,0,0,0,0,0,0
60e90a49-407d-4537-bce9-5df63510425a,58,ONE_HAND_LIFT_HEAVY,0.6673877922625544,0.08345260102707414,0.760271265184661,0.04015743428031353,0.8077426725003374,0.04345548816871361,0.8463826576037203,0.0457322557670947,0.6199498068440507,0.02288448071068557,0.562870483614852,0.013862717832725585,0.5076364009190267,0.005324538851702284,0.8532655580816032,0.05600971568774084,0.3925718451425293,0.0,0.6896533093834866,0.14532403403338404,0.5439609772964801,0.12509006522788926,0.6756417444018951,0.2444846518434791,0.16900272325638843,0.17994162660660049,0.6937760134813379,0.524509591964106,0.0,0.407678422225172,0.7842737157887304,0.7140497009352114,0.21898303449215176,0.631432577306777,0.8595398282215002,0.8025791778099866,0.21366643991710366,0.7412703182824022,0.8406753032534583,0.8016097293961162,0.321581473915717,0.7217684284959524,0.7928246956157255,0.7717968484112261,0.3416632595597306,0.6936925786498773,0.37432926901285035,0.7411798331430608,0.0028240246648575285,0.7038950863025131,1.0,0.6674545386911344,0.32647464069575843,0.4792410108977577,0.6375576182199095,0.9279882524647569,0.1749060857254072,0.8044714760237341,0.4912616816441161,0.9757822811667295,0.05763719249027561,0.8622366219062119,0.822524951456579,1.0,0.3853941786091314,0.8954287653429096,0.32817347616252307,0.0,0.7477166896835657,0.21157058560521957,0.9115743898259651,0.47682800450484075,0.8449226530397576,0.686523446122923,0.7036045481844926,0.8119598224713852,1.0,0.6523462177238032,0.9798152540398334,0.9749649012539223,0.8082449133784171,0.9982027194404108,0.7086863627983573,0.9251612053900757,0.7267775323395914,0.6825475950234835,0.6638707072352237,0.9912536092106816,0.5186391640171784,0.9937942045528432,0.4569787577208406,0.9064306361281488,0.4074454861429219,0.6775619275131626,0.35070628514035784,0.9926864568207159,0.24646065693736124,1.0,0.19629399649147808,0.9208369756560395,0.07075292970627722,0.6419165320111,0.062405769267745916,0.9265009379733514,0.0245325081181225,0.9298410382004397,0.0,0.8600192170150052,0.14234672528038478,0.0,0.0,0.1552430421957163,0.1130528948953644,0.4311555726561498,0.23817647572757497,0.6615005771450558,0.2811343225931052,0.8354623573169168,0.6430364787624903,0.3462421444145184,0.7894435528742028,0.6377491342824163,0.7598301367091401,0.8482634346543543,0.6803475437878502,1.0,0.7763796219231247,0.31134923688598176,0.8907407492562158,0.6075541875080159,0.8612261977569217,0.8202616390919585,0.7855027613131067,0.9909131717327178,0.8361881463564922,0.31054123380787485,0.9529841034814157,0.5910221880210337,0.9358644220555573,0.7946415287931256,0.8631529091502697,0.9607053995126331,0.8592075192326263,0.31905861228677695,0.9883270719045013,0.5570039758881621,1.0,0.7397537514428626,0.9496824834804041,0.8904296524304219,0.36333333333333334,0.7763713080168776,0.8844444444444445,0.30168776371308015,0,0,0,0,0,0
60e90a49-407d-4537-bce9-5df63510425a,59,ONE_HAND_LIFT_HEAVY,0.6335477751040517,0.07893695323944562,0.7224178935419906,0.03749308174110489,0.7676870858705336,0.040236904251592626,0.8052336129845227,0.042147622743553395,0.5906318870181418,0.02235984232210408,0.5344703963288938,0.013121558337169211,0.47835517235198166,0.003542799162667027,0.814975541623327,0.05335946807442546,0.3680054299194959,0.0,0.6550869886862143,0.1395267504285513,0.5160979090837301,0.11951223298995504,0.648520749045961,0.238734856535679,0.157663148297167,0.17441213467415834,0.6718282715289187,0.5072361402303538,0.0010367619308770473,0.39867550922303907,0.7558125282505515,0.6905919515900055,0.20425954123769027,0.6081634198105221,0.8291530187939746,0.7766700414511465,0.19637700151977672,0.7146311028358984,0.8091565941692315,0.7776195747948994,0.30198234694801995,0.696083795992282,0.7641589462623036,0.7498590619617233,0.3209994191226378,0.6679403705599121,0.3644218187032821,0.7155916373757356,0.0,0.6796064292527718,1.0,0.6681548347373413,0.2923404609908634,0.4566308748272376,0.6422560908552268,0.9255187086133598,0.15682526055910537,0.7647927716227104,0.5003352519888631,0.9701965768832044,0.04899620612958846,0.8198688994560175,0.8093053259041751,1.0,0.35402222449383974,0.8504054990602405,0.31945553772957347,0.0,0.7454419066077105,0.2096042586731156,0.919762364569211,0.47772632532449777,0.8601981369419055,0.6885568235977645,0.7303549109557668,0.8151702782648429,1.0,0.6471561801231138,0.9905327922623474,0.9722309329579396,0.810790499186322,1.0,0.6956314579223702,0.9320974840406161,0.720098193795791,0.6795258540212749,0.6573885882512711,0.9894376362404794,0.508011333948675,0.985805493665834,0.4423704157238973,0.898272704605144,0.400852117749691,0.6783510088771877,0.34631957407923175,0.9805118646912458,0.24690008217342968,0.9627936259631943,0.20082771891623144,0.8704747281815477,0.07018462551243304,0.649627129206064,0.06649142473074966,0.9271290856083076,0.028821697468275762,0.9012977501675339,0.0,0.8084865898613995,0.12562577855077914,0.0,0.0,0.1652592492573589,0.12191651157970758,0.45002295436132866,0.24315569733578055,0.6863273021874156,0.31076648925145883,0.8614393734809613,0.5609561191153313,0.3637820685930327,0.7297384496717,0.6387294085876316,0.735043812511084,0.8504320820955982,0.6823619654841597,1.0,0.6942226457585943,0.31690521199027816,0.8385934698953244,0.5963246016743181,0.8517190614870828,0.8093100189035917,0.8142823871782435,0.9859640831758034,0.771256172318527,0.2999540912773427,0.9120993468185985,0.5611868755063462,0.9333314815487471,0.7660910072913854,0.9031530905928631,0.9375452335943829,0.8211389757209674,0.29285714285714287,0.9660546518609366,0.5173224412638401,1.0,0.6954779908182555,0.9811053871974736,0.8443343235214691,0.36333333333333334,0.7742616033755274,0.8844444444444445,0.30168776371308015,0,0,0,0,0,0
60e90a49-407d-4537-bce9-5df63510425a,60,ONE_HAND_LIFT_HEAVY,0.617791948421689,0.08522292415697297,0.7069817783932769,0.04145869098412943,0.7522603174971076,0.04616301349232114,0.7932579668827996,0.050059764165923316,0.5794508118987053,0.02120342898145267,0.523185034100325,0.010044499550268796,0.4696986597442331,0.0,0.8130568705732834,0.06531870082899799,0.3649152465440948,0.00323856519029787,0.6387714708433047,0.15356239925003945,0.501148749268451,0.1294828979899771,0.6520151640697883,0.26985636900174176,0.15796509617817542,0.1977646847970447,0.6817566158107301,0.561375106497132,0.007888416319482672,0.4344617115017159,0.7666696604646761,0.7635795433872701,0.20890022347253528,0.6684985959415553,0.8389706066979953,0.8562708225675805,0.2009420323446074,0.785914727986256,0.8170477964680909,0.8580538333737707,0.3082457888850903,0.7660455732325839,0.7752138151223498,0.8286859397733011,0.325779063501353,0.7343656563345171,0.37044677123713393,0.7859946830522788,0.0,0.7447867660633481,1.0,0.67693064693723,0.2847744124912842,0.44443568888700946,0.634693869667418,0.9369869376138085,0.1412420785070412,0.8096178757453355,0.49631497265986396,0.985675465980499,0.03322729493932247,0.8786264130341388,0.770967692090772,1.0,0.35207330169564854,0.9025522285934588,0.314319859934092,0.0,0.7470036620634971,0.21040579633433562,0.932022659877259,0.4791401588332414,0.8821127218894231,0.6924481939386044,0.7580093316161204,0.8236425783834513,1.0,0.6457778492570342,0.9779978275117677,0.9725313360762367,0.8004095186151075,1.0,0.6926376023796538,0.9353022249275763,0.719267770632909,0.6796071717219013,0.6475355550157437,0.9976246266848803,0.5015170751158431,0.9887013010808071,0.44874027765682933,0.8961252588012792,0.40084584958498143,0.679395448354767,0.3379869192375208,0.9860572019535552,0.24177296122979333,0.9518076900369905,0.20935865764060443,0.8476446793307099,0.07273710600734246,0.6490546755237608,0.058614786669905536,0.927592237081312,0.021326134483438213,0.879759856842431,0.0,0.7706400763832763,0.16463799271726928,0.0,0.0,0.1573393744200011,0.0861288801947527,0.4480239096020525,0.22145149059143152,0.6873942354932038,0.31313920308980897,0.86520825372564,0.5484957449085788,0.3549907200174682,0.7094377176222499,0.6416330039849337,0.682971208391309,0.8484032971232054,0.5916387510503939,0.990478464981713,0.7119814356407459,0.31591653474534637,0.8322785746980901,0.6116709427370489,0.8045299587129743,0.8274482777444183,0.7256246000532883,1.0,0.8076384413407695,0.30985588733009445,0.9351044472935706,0.5908674054260604,0.9098152900908861,0.7944251869643539,0.830379325971657,0.9589852066160817,0.8700153260718572,0.31599022872427535,1.0,0.5550685081063377,0.9914556580077017,0.7369588951361974,0.922292488858424,0.8821551394726787,0.36333333333333334,0.7742616033755274,0.8866666666666667,0.3037974683544304,0,0,0,0,0,0
60e90a49-407d-4537-bce9-5df63510425a,61,ONE_HAND_LIFT_HEAVY,0.5888856653374811,0.07776419519302906,0.6745330732845001,0.03759194767312988,0.7175503079903369,0.04344576180167253,0.7589367080387137,0.048896883743337484,0.5523242393889276,0.0177841871446027,0.4970880977776084,0.0081634554673455,0.4473971704748103,0.0,0.7871037237665857,0.06682234421568338,0.3509409828914127,0.007291948916118465,0.6101841636095869,0.142908023268626,0.47429217752309366,0.11991944591240494,0.6392813033312462,0.26272550198154354,0.14677253091844628,0.1939112459798875,0.6777580364666018,0.5371528235810044,0.005107093671933291,0.41280508786228864,0.7620400233319239,0.729646430541572,0.2065952920619929,0.6351494419899182,0.8312786134305387,0.8150489561439015,0.19888253355140542,0.7455268286747295,0.8097972903815108,0.8165198360061651,0.304263958507011,0.7274186819860646,0.768397478476912,0.7910668005241981,0.32160290034920236,0.6975863539235145,0.3732608998979052,0.7387168162300962,0.0,0.7057766555366519,1.0,0.6755056397823284,0.2550151518680951,0.43422548312603865,0.6226741311881893,0.9284984809204713,0.12963547280675564,0.7669316339121116,0.4875339149373019,0.9722263981221422,0.03209527782660164,0.8274036005918312,0.7575355220070913,1.0,0.3186539390504076,0.8583232577521029,0.3027597937271213,0.0,0.7362433775301834,0.2089643377069736,0.9232758052829194,0.4789643907339794,0.864067631531896,0.6889492943533173,0.7268672306548599,0.8195833627361282,1.0,0.6526347691550881,0.9836179152512069,0.9780011347779249,0.8069755897879869,0.9889246979806092,0.7095276520462608,0.9047675765149101,0.7135540666434547,0.6842233644329925,0.6391083309023498,1.0,0.4977756500136449,0.9704256151438603,0.46031693752529007,0.8604435260348322,0.38959884065608325,0.6836947259747893,0.3250068224378217,0.983210018351423,0.2386700480864238,0.9291420515985399,0.2206458731308873,0.8135513368720022,0.05816716384202057,0.6514959122296999,0.045998522589326886,0.9262010922747402,0.013112019723902999,0.8636789891910567,0.0,0.7493715280058052,0.15282405489616915,0.0,0.0,0.15958930668652901,0.08193226230571114,0.4474721522483241,0.2119279397727068,0.675147224151735,0.30102164868613007,0.853483026331573,0.5216711993228031,0.36917903182161815,0.6830210003061794,0.6526207433320222,0.6542851611044072,0.8602883947476336,0.5580142463483602,0.9995062306990602,0.6806773769428885,0.32476211199357263,0.8183590584082272,0.6155336474487191,0.7963096374475442,0.8313498871583717,0.7134003025773104,1.0,0.7807597752282838,0.3118236825147085,0.9297678439565585,0.5928035216630819,0.9017389190065378,0.7975462176434651,0.8115353096914792,0.9568342413667088,0.853932154242386,0.3109407560528584,1.0,0.5526324598917055,0.9916295949426364,0.741990197145065,0.9169173135457378,0.8901279615696842,0.36333333333333334,0.7742616033755274,0.8866666666666667,0.3037974683544304,0,0,0,0,0,0
60e90a49-407d-4537-bce9-5df63510425a,62,ONE_HAND_LIFT_HEAVY,0.5965844294716535,0.08438565959682105,0.6837734219403161,0.04211137181489407,0.7273656363879172,0.04943045049498988,0.7692801371185694,0.056332186453357316,0.5562895169433473,0.018627957603485415,0.49980544765773394,0.008311709448915792,0.45142172126461905,0.0,0.8049792909840121,0.07662441684973603,0.3613360605888835,0.010399410813274087,0.6207742510695575,0.1514681013213049,0.47592666961937874,0.12737728107047738,0.6665889257924525,0.28668029259745914,0.15222928161667712,0.21192012127855864,0.7127931855760334,0.5775073111447713,0.0,0.4377934072595202,0.7957551080798309,0.782610643456574,0.22261111340624162,0.6790043091002443,0.8659793764909675,0.87189509346049,0.21610585953224812,0.7949815509536335,0.8450892586931271,0.8734958949828319,0.3243826445860166,0.7770129362223978,0.8017607707539312,0.8474027027163091,0.3421822623987487,0.745745178525375,0.40326160997107174,0.7850883171503897,0.012689856665363246,0.7544371739251099,1.0,0.7235444447694479,0.2386496722393503,0.4851851618189209,0.5852403466010024,0.9414333508006779,0.13800798577317983,0.8190520744176432,0.4462329382399594,0.9821371707196833,0.04032661735445323,0.8811319476586335,0.7128798934717842,1.0,0.34282044211899687,0.9087285678517123,0.2995467033758215,0.0,0.7266799910147048,0.20015735564804787,0.9174285928221315,0.4652409144111548,0.8673401798211005,0.6773998759933885,0.7371478599445906,0.813196019484903,1.0,0.6470870587930563,0.9780298012291423,0.9770514918837188,0.8032819366767079,0.9884929635151827,0.7075136651364786,0.9068023940075343,0.7205043284931775,0.6817862456269862,0.648234907871925,1.0,0.5014808457697115,0.978027679700312,0.45724554623107183,0.8720611161566368,0.4025193385440366,0.6833403754842491,0.34161862029639956,0.9840895955862712,0.245391868307827,0.9378105224304648,0.2211258114124769,0.8240878795678871,0.07413790124238986,0.6533497164522453,0.062269247827113704,0.9269728950039582,0.01964554162322814,0.8679782875107859,0.0,0.7531863709287059,0.17512721557057118,0.0,0.0,0.15175829275557065,0.06123470449546239,0.4341504297895036,0.18050341802663294,0.6747660573652968,0.2918560082190698,0.8516121435448456,0.5611929944723243,0.32418527009897974,0.7170918893762376,0.6230333926703746,0.7009347435711683,0.8439195694485812,0.6171019875923658,0.991887679829331,0.7362214231459895,0.2843440255449426,0.8540917532698463,0.5912393591599537,0.8333267475402063,0.8214638471182285,0.7500515887128287,1.0,0.8302775253223745,0.2865424975584077,0.9471534006840444,0.5781593511252104,0.9257385966992004,0.7922727933893456,0.8421121955717127,0.9604565950697153,0.8809156886763873,0.3063190485755647,0.9999165799537238,0.5496401681754899,1.0,0.7377238126242441,0.9362034219781088,0.8879305687351513,0.36333333333333334,0.7742616033755274,0.8877777777777778,0.30168776371308015,0,0,0,0,0,0
60e90a49-407d-4537-bce9-5df63510425a,63,ONE_HAND_LIFT_HEAVY,0.6677338626538798,0.09229262240329464,0.7742961704394833,0.046408534969609644,0.8235788587987629,0.05516046024411653,0.8701199201254429,0.06378148065340643,0.6215387872408625,0.01929770264376763,0.5573015481109928,0.008300279337319135,0.504448274293734,0.0,0.9171336664327607,0.08839866845530879,0.4122016074538036,0.012693010494471219,0.7005242850707349,0.16578690592515305,0.5271152246796788,0.13897135136328756,0.771610583378815,0.3196404222078689,0.17816162902513188,0.23443577725885073,0.8312457766977674,0.6344000320189022,0.0,0.47027417565128105,0.9204099743569751,0.8566350894045036,0.2651751912397883,0.7375220820015126,1.0,0.9522255897274529,0.26232825237587826,0.8605805910247705,0.978172566295016,0.9540962112805905,0.38518682156439776,0.8425821036418741,0.9280958429711256,0.9267270885433055,0.40481191144493245,0.8093978928250056,0.4733233490136965,0.8539416372700022,0.020292155053668427,0.8187729445796967,0.981132668000797,0.77638481751986,0.19449064809280003,0.5284049756269908,0.5405093194202597,0.9448543415975224,0.1700028047058416,0.864266629127264,0.3901665280557216,0.9812485163655233,0.06673304831457753,0.9289804187851587,0.6683789991423448,1.0,0.4334096234980205,0.9582033255494278,0.2607454917592788,0.0,0.7075718588347204,0.19350337977169085,0.9095073345131354,0.46051572510891686,0.8602384770163706,0.6741568687961352,0.7234922602906562,0.8106098327071029,1.0,0.6452735919382175,0.9746157851051721,0.9748508996100123,0.7991600548111566,0.9812664199743428,0.7075695500244157,0.8900421010890263,0.7187326478475539,0.6837602000789014,0.6401130393525173,1.0,0.49938758806668304,0.972145942299401,0.46647780598374367,0.8613599453797302,0.3980019555623281,0.6889632937618653,0.32455639096008415,0.9910953000756036,0.2386686476259081,0.9389015121134779,0.22600944072533585,0.8213360225483678,0.06933357344960502,0.6613600268052964,0.050655298084726415,0.9358325825217579,0.012257473907557544,0.8714086745098486,0.0,0.7532300504309245,0.14399823547019994,0.0,0.0,0.16184553121639214,0.08848531771664442,0.44874058980019244,0.21118765909464315,0.6830418293994452,0.303080499920101,0.8603413143148243,0.5269529676285305,0.37652261278089094,0.7069777700754651,0.6511716760061131,0.7297951209850758,0.8561088470028867,0.6911600207962441,1.0,0.6781623682510673,0.3284782362596932,0.8113371039654657,0.607439010584706,0.8196263428094285,0.8121044885945549,0.7815674156165389,0.9797843436916285,0.7700056942096865,0.3148610403577291,0.8960817985600177,0.5741665251599026,0.9087260950100268,0.7647435897435897,0.8773786829495556,0.9266244976509878,0.8265066586242519,0.3140516216675157,0.9743310428956294,0.5349465104431992,1.0,0.706923925963661,0.9725507583651991,0.8496066111960152,0.36333333333333334,0.7742616033755274,0.8877777777777778,0.30168776371308015,0,0,0,0,0,0
60e90a49-407d-4537-bce9-5df63510425a,64,ONE_HAND_LIFT_HEAVY,0.6449760124874835,0.0865605784949377,0.7590638015019335,0.04575917713152903,0.8081412438510827,0.05506427000101575,0.8550429257243333,0.06426772282058657,0.596467783434346,0.01592175271838315,0.5348497773026332,0.006276427674121887,0.48623912186445895,0.0,0.909359584362265,0.09130950885789943,0.39868990251888886,0.015385758487814764,0.68514609363372,0.15767512396717615,0.5041810770454469,0.13072723211622492,0.7783709083459899,0.31684972344500734,0.17124597963101962,0.22968444686251355,0.8407371072121512,0.6120263579369407,0.0,0.454471522674372,0.9226947528349969,0.8193568284034437,0.26492531142689024,0.7051865098170521,1.0,0.9096036894003748,0.26739821511354656,0.8201241245343491,0.9783250832081011,0.9111682236557567,0.38920852678316603,0.8029719186084185,0.9286864296242712,0.8852421023354202,0.40788507119433964,0.771963664609706,0.4816478058081095,0.8164606565296312,0.02000782068127416,0.780932528418776,0.9046791786897638,0.7547949254960209,0.1395962266546529,0.525112171007057,0.49127882009072205,0.9192327741676882,0.1453321042167129,0.8419769630857854,0.34942201111006194,0.9460686113622641,0.07352027215544057,0.8917383432971283,0.5901624258408966,1.0,0.37530601216206627,0.9426149976777055,0.25386045287896725,0.0,0.6991723719807592,0.19850525688008472,0.9002442274804532,0.4703953571418345,0.8580609367582377,0.6889623720855843,0.7286810000171589,0.8277376251737942,1.0,0.6330856002431381,0.9852022169220473,0.969737812517768,0.8043915189576577,0.9983916233518946,0.6919942575084221,0.9209032106584814,0.7208268272734032,0.671341403304535,0.6439700978625805,1.0,0.5007269628282343,0.994068804324128,0.4493888593375544,0.8977543675075194,0.40255437922178944,0.6771073435974378,0.3222155493402426,0.9899505092851846,0.23402941025069066,0.9577240734142949,0.21014773760702826,0.8537694384712077,0.07596218191801507,0.6533261122730346,0.05796027156723119,0.9321929348415205,0.016956365071466566,0.881765500157279,0.0,0.7738062855130341,0.1739750405730595,0.0,0.0,0.16063146554700772,0.038605406010409085,0.4452039280140326,0.15981196485533605,0.6759333176802066,0.2593922435502826,0.8523445161112109,0.4285656723935307,0.3689184149828046,0.5948267950081146,0.639920997748712,0.622201578152107,0.8528652127674268,0.5868867871733169,1.0,0.6190251273154626,0.3231772164136845,0.73937209692764,0.6054680054693866,0.7483306284627008,0.8164565004212533,0.7119928367563938,0.9839495601011008,0.7515137948402261,0.30987804372746985,0.8732732665510101,0.5743560349709266,0.8780726397671946,0.7707456873333978,0.8311354860372713,0.9310360067952985,0.8486943869270804,0.3034307970664199,0.9844087525882814,0.5316105686228472,1.0,0.7095299918511664,0.9591918965806704,0.8548347444166678,0.36333333333333334,0.7742616033755274,0.8877777777777778,0.30168776371308015,0,0,0,0,0,0
60e90a49-407d-4537-bce9-5df63510425a,65,ONE_HAND_LIFT_HEAVY,0.6206896282110491,0.07835309974351293,0.7336571531034886,0.04177332661478135,0.781469610425895,0.05152297417070678,0.8288345720043326,0.06136731758247613,0.5714041097675524,0.01250387856739354,0.5142382877045788,0.004603394822844528,0.4714483641515512,0.0,0.8958651080505449,0.09263295804504981,0.3913961450209387,0.019227535932061023,0.6671304081307136,0.14812073542355278,0.4868652050036123,0.12374499686034962,0.7835017154437897,0.3184325058825594,0.17219438151761784,0.2296806626785171,0.8404569512743073,0.6018364139940535,0.0,0.4486029200541166,0.9212589929182561,0.8003954770667772,0.267282144893753,0.689403694125907,1.0,0.8871027892536967,0.27271151666915133,0.7986818311706553,0.9770763333392408,0.8883775193862324,0.39269641075574396,0.7819309488260576,0.9291929856019482,0.8633951738261787,0.4103236251690163,0.7524676117214537,0.49310929529715075,0.7970885757548292,0.031978614029838606,0.7633979854533831,0.9090012061795592,0.7675886937865618,0.13524014649295735,0.5710984096568513,0.5425696941391349,0.9247520500190367,0.15424477209252868,0.8456435534766148,0.40278734856295745,0.967681131534651,0.08689079852839839,0.8951188830832946,0.6529919403853311,1.0,0.36457585118016905,0.9460834316092439,0.2370955247753375,0.0,0.6926438929560303,0.1838926508440234,0.9031472715926424,0.442378869825567,0.8713973283500868,0.6592999595821504,0.7468948829313538,0.7972271968487944,1.0,0.6038944698511799,0.9855259960503664,0.9449501547175706,0.7996433693044332,0.9978041402397418,0.6725112573684853,0.9432110859921359,0.7230076996179283,0.6480025384530363,0.6518116177639963,0.980318831985324,0.5031071135616637,1.0,0.43407066672599104,0.9257274091342709,0.4051945325753505,0.6568797827958629,0.3301355219460217,0.9719579246515031,0.23376081100968926,0.9667733464062577,0.19502998732512147,0.8824937690847906,0.07684444581346823,0.6374033550485809,0.06327399756085596,0.9184530119047085,0.020802316388241454,0.8891302902621532,0.0,0.7956333224165714,0.12098711368422409,0.0,0.0,0.18975276946871736,0.07205002543775478,0.49556178407957857,0.19526106435000634,0.7497232494052807,0.30523373754677,0.943924441199331,0.4823749632386877,0.4220474048252742,0.6623068286955047,0.6692669445949235,0.6807529575414893,0.8660731249656515,0.631517485504773,1.0,0.6431007871750783,0.3606660856866948,0.7911292001811769,0.6136828634461534,0.811737001521972,0.8186604486107513,0.7814864664704633,0.9834938879336741,0.7539020657174198,0.327030485746363,0.8897246497210434,0.5697278030320874,0.9026259920187703,0.761939530976439,0.8683719622276175,0.9231881668511671,0.8278282597355762,0.3004404456273406,0.9694789875558933,0.5210511026842845,1.0,0.6994810435656468,0.9837992628417729,0.846874092218794,0.36333333333333334,0.7742616033755274,0.8877777777777778,0.30168776371308015,0,0,0,0,0,0
60e90a49-407d-4537-bce9-5df63510425a,66,ONE_HAND_LIFT_HEAVY,0.6086127566257706,0.07059475147320132,0.7189062692261542,0.03657717520462653,0.7652350115926942,0.045159889450026,0.8111421319602977,0.05389322774645067,0.5564727638557599,0.010484876710463062,0.5014415396259716,0.0036957428795509673,0.4619598875708637,0.0,0.8841935568515867,0.08405477059841608,0.38741558961989564,0.02007671438736697,0.6593954067913496,0.13456767146182083,0.47957782772703456,0.11392545321391905,0.7861958664739689,0.297956360576665,0.17828827582587597,0.2137155606186782,0.839405581765753,0.5565768751107317,0.0,0.41454508939623996,0.9209274053535039,0.7390895959177997,0.27255658587573944,0.6354464560353787,1.0,0.8177762926977344,0.2791631860560561,0.7348711991232642,0.9769274685331146,0.8186422944255828,0.39799613636299946,0.7195470198079283,0.9304346629839068,0.7958387364661982,0.4146717322448098,0.69224586231115,0.5064098007880637,0.7349865044312903,0.04693990319762709,0.70425181109551,0.908583688909711,0.7211408646513053,0.15019780568040747,0.5580452576219521,0.5722498335803198,0.8927873009497395,0.16249923254605933,0.7873523119637625,0.432585954204463,0.9225459966031679,0.10304008567970434,0.8364434025799995,0.6916781498156709,1.0,0.34684001317600593,0.8739336711698064,0.22900876303734435,0.0,0.6914083857447194,0.1728272976652364,0.9112171732875897,0.42527799239088077,0.883707408644671,0.6392633436948406,0.755571250394458,0.7750171123076042,1.0,0.589829301477406,0.9968189053196642,0.9213783087633038,0.8064352435699003,0.9871977109359762,0.6618480171908576,0.9522040932559684,0.7197989622140973,0.6285742093392948,0.6631438046678403,0.9531981891593881,0.5103356679085111,1.0,0.4139445689628267,0.9540777357363058,0.39804949885043656,0.6307338246137665,0.3409932367060412,0.9373246964743239,0.23813360366473205,0.9708996648030372,0.17667212646700828,0.9197289586705228,0.06375251268334352,0.606770586136087,0.0610441897051361,0.8849852667937924,0.02573542585864704,0.8964121628955506,0.0,0.8373519720307393,0.1604686047064094,0.0,0.0,0.1775342775612472,0.05838101508394929,0.47797768188567186,0.1856613113782345,0.714471104769859,0.2973870626910381,0.8937627598366741,0.4500184392060508,0.38488597345953973,0.5974981504231968,0.6450097438752784,0.6097562631082393,0.8519003456755754,0.5592373634876571,0.9991053614513734,0.6328109268698826,0.331127911562732,0.7440004705956882,0.6113353749072011,0.751249454176876,0.8253511855048256,0.710812162183564,1.0,0.7641274861819078,0.3080616068114328,0.8752355806539922,0.5750901888455828,0.8768419409357162,0.776678208518931,0.8300832818619299,0.9437175204157386,0.8637557608378413,0.2906531296399406,0.9869387071740955,0.5235955479769859,1.0,0.7087944274313289,0.9613274418373141,0.8608771807720861,0.3622222222222222,0.7742616033755274,0.8888888888888888,0.30168776371308015,0,0,0,0,0,0
60e90a49-407d-4537-bce9-5df63510425a,67,ONE_HAND_LIFT_HEAVY,0.6064081032267674,0.07994749609847496,0.7138252617597954,0.04141236716107655,0.7583329299098194,0.051160306642995576,0.8015727310530595,0.061163982644657965,0.5543838481638024,0.011687364701779664,0.5017799045437901,0.00408458308311017,0.46426027643820483,0.0,0.8778731512341656,0.09872436485506304,0.3926755668100372,0.02543048741906687,0.6547136624027905,0.15393643584815503,0.48054542859093474,0.1309963775775333,0.7941887153133359,0.3559595842530997,0.1922254702987196,0.2530280298457538,0.8412030709839189,0.6554768335076498,0.0,0.48776676667498153,0.9208028748580259,0.8695902952206935,0.27873064342947224,0.7433590593861045,1.0,0.960542775972026,0.2901541077823499,0.8619639367321612,0.97612576883212,0.9616114591547679,0.40690735534163763,0.8420643839793112,0.92999720706798,0.935991260570402,0.4213198776075124,0.8100556294389297,0.5190173844501959,0.863783976643181,0.0628799473687477,0.826147602032488,0.8462310934018533,0.7732154042363115,0.13923275054151849,0.5708144862427194,0.5238929748449923,0.9332331378201444,0.18556860992670104,0.8614074011774572,0.3956268891081858,0.970994850983642,0.12743912959825224,0.927467834226542,0.6076883832647514,1.0,0.39503677360493045,0.9477525770421023,0.2479068421321439,0.0,0.6987418920989462,0.17333369779778862,0.910024571976597,0.4262277733629851,0.8876498862198312,0.6352978618302233,0.759623645845747,0.7692330821782739,0.9967914559889227,0.5935153963453327,1.0,0.9127003496906283,0.8079243205820097,0.9833702679008995,0.6507079339677784,0.9616336077880847,0.7211676512481769,0.623589180872645,0.6698298121066639,0.9341550705141096,0.5148266058325814,1.0,0.39571437489005035,0.9767435231086735,0.4069527911608982,0.6186446998732835,0.3554231430565723,0.9110594786466133,0.24450535419397673,0.9735765873240564,0.16157578440218595,0.9493680772091916,0.08186724322851938,0.5886997795640875,0.07795275143714851,0.854079626371867,0.038503663097204016,0.9122544013964196,0.0,0.9031854844220732,0.1426456900563628,0.0,0.0,0.17686979448233195,0.05828033162693693,0.474709965395323,0.18090387300274058,0.7163023587264785,0.29961261354430596,0.9042271477593689,0.4483534998362549,0.388244528153521,0.6155437199441544,0.6490270506234335,0.6489089404829619,0.8560812588354674,0.6089572883809917,1.0,0.622125842425496,0.33516378679818565,0.7653424858231208,0.5994125588669788,0.8009505834496785,0.8131101712309956,0.7781038316355551,0.9831327495540709,0.7374519537376976,0.3147189851607513,0.870199682851578,0.5652140604266465,0.8893233879724908,0.7579754095754061,0.852797455918093,0.9198614078350539,0.8124192047158592,0.2986221730118211,0.9621554889084234,0.5118196509466417,1.0,0.689905090096471,0.9764939586672872,0.8372423801773309,0.36333333333333334,0.7763713080168776,0.89,0.30168776371308015,0,0,0,0,0,0
60e90a49-407d-4537-bce9-5df63510425a,68,ONE_HAND_LIFT_HEAVY,0.5916714443656077,0.07597476165281711,0.6983512229379781,0.04161618374778252,0.7405847130699972,0.050634398763395684,0.7798023360895061,0.05945505586505244,0.5392451541574674,0.012398427271689853,0.49187541628771103,0.0048106231780316,0.45555749829862396,0.0,0.8609692023166728,0.09974369093191414,0.3958142044249784,0.02989038623136535,0.6368698448547926,0.14960600043571629,0.47325398247570616,0.12750089321838723,0.7993414745001287,0.3613965495419792,0.20419482772028172,0.2560711254966647,0.8412375874415506,0.6544730343489672,0.0,0.48474426151276545,0.9202451913486539,0.8682137665598124,0.28243252576938666,0.735127056943969,1.0,0.9543824800556057,0.2990734081568483,0.8549322710155302,0.972640086399473,0.955288238772525,0.41403836874626576,0.8346236095982074,0.926976554579515,0.9321141742657661,0.42611439525923467,0.8020332264791011,0.5309087738838659,0.8588787816542695,0.08255090966260832,0.818240345253286,0.852786899815155,0.752173207598062,0.0935998315287558,0.5314767503864388,0.5342175819643032,0.934026611890905,0.20466768708978,0.8514664591827208,0.41082543664626303,0.973262390422541,0.15680576975371224,0.9199323104374799,0.606422096781127,1.0,0.42142758127360974,0.9412673700372434,0.24701894258700074,0.0,0.6965753432366152,0.18007426111620684,0.9094310020967287,0.43032444211724097,0.8881868530725572,0.6423538841569526,0.7591271846550527,0.7756104038718517,0.9975903939891528,0.5982266073309296,1.0,0.9202283416011345,0.8023481559930087,0.9760549845557712,0.6522480464859256,0.9379058110774621,0.7250618157917542,0.6320222139259274,0.6697883125667538,0.9495391779272966,0.50987758391135,1.0,0.3990177000811455,0.9561208168484231,0.4153424713036295,0.6291540284011595,0.35739825576487827,0.9304590249839078,0.2410675196139228,0.9759945514812266,0.1630192442097989,0.9285482265874516,0.09584852232965346,0.601219634864954,0.0899983905947709,0.8732519633791471,0.04139435267583315,0.9112333555583917,0.0,0.8761622930216895,0.1348954487951677,0.0,0.0,0.17569131981137107,0.0646261587416724,0.4730889499839253,0.1882331861024399,0.7131712985322294,0.27688474972906923,0.9100494927462058,0.444294047295226,0.38362428763171513,0.6133051824410969,0.6464389875395921,0.6363871870264108,0.8562346010953856,0.5864064004421244,1.0,0.618715162191452,0.32325697735270753,0.7529154739237249,0.5906936913688283,0.7755829868442072,0.808467541379713,0.7381470495533421,0.9801135175891713,0.7401115673397839,0.2993525431890167,0.8655859660030483,0.5561496863633284,0.8775867949863779,0.7559314165766821,0.8291603521452102,0.9242500039646098,0.8257839721254355,0.2823998719791476,0.9674127516633637,0.5044237836216926,1.0,0.6917205973729775,0.9696687089016403,0.8469112806842772,0.3622222222222222,0.7763713080168776,0.89,0.30168776371308015,0,0,0,0,0,0
60e90a49-407d-4537-bce9-5df63510425a,69,ONE_HAND_LIFT_HEAVY,0.5816326164707468,0.07554288457528201,0.6862844658576474,0.04365703630243371,0.7262157224003601,0.05255997795434216,0.7638964889343736,0.06121590881115414,0.5311041672792522,0.013341872810038003,0.48765995655363775,0.005329676687789623,0.45241877473799863,0.0,0.8475177076079423,0.10117329809808522,0.3957226346367481,0.032731473248700696,0.6257533607341369,0.1470340260628334,0.46476850002474246,0.1252128425842415,0.7990836436901055,0.35429076838713824,0.20030078250785485,0.2525953655644542,0.8395931810200548,0.6344392170752704,0.0,0.47167890592812717,0.9207846163445244,0.8415606454174976,0.2819411683566857,0.7112130075229901,1.0,0.92169220608151,0.2989080557454073,0.8258202313538516,0.9704777976275427,0.9224189664494273,0.4125097505694954,0.8064559327544499,0.924460129822722,0.9011824588896368,0.42383033208234394,0.7756494812876609,0.5337266312048345,0.8300355940616774,0.08739355055558225,0.7895071969349429,0.8640303852009843,0.741032496541221,0.10231912349940439,0.5337811896622852,0.5341939891788102,0.9263335042743818,0.19677802695567798,0.8330107852109542,0.41109907056722916,0.9612436852084383,0.15958446019197775,0.8933999182807807,0.6021449699014293,1.0,0.4016560489150482,0.9252340821432794,0.2424840277252902,0.0,0.6854829028859022,0.16991583126614326,0.8976862987448927,0.42147061926194923,0.878612935208362,0.6373392067104826,0.7529276946127752,0.7755878704958699,0.9916226141623059,0.5960755888295016,1.0,0.9258097204818044,0.804367978090085,0.9777662519499782,0.6593615091521023,0.9322973940618366,0.7230349767251613,0.6353005204204281,0.6720470743060897,0.9557914354397361,0.5127033491759329,1.0,0.40650383912573745,0.9483191826714062,0.4157959905922524,0.6370187389714345,0.35935950844963344,0.9419881466895124,0.24300976787405357,0.9797985448686801,0.16781558858443632,0.9228455936884638,0.09884581697573815,0.6123355305219549,0.09459432422939609,0.8857816216147099,0.04226928566029851,0.9163906861366136,0.0,0.8722836163465719,0.14650194794482305,0.0,0.0,0.17275575994335593,0.08368337119241295,0.46382379195129303,0.21087507349737525,0.7075158662519305,0.319528516981595,0.901194457302802,0.505006281646172,0.33331458656895274,0.7027977648337796,0.6138671258181881,0.7467523677787506,0.8406827859999164,0.7184511194866393,1.0,0.6736864591396894,0.27742903989167256,0.823707820966739,0.5619284940724173,0.8581616984556033,0.7963005423583142,0.828974251595792,0.9815921194370779,0.782424503919155,0.26361844277838586,0.9045232082503183,0.539092050939285,0.9282348362753434,0.754883171606439,0.8938845953731551,0.9325188585239375,0.85361437883614,0.261273655172016,0.9736932272433091,0.5009221966016443,1.0,0.69809922229769,0.9698946290867713,0.8571294665968711,0.36333333333333334,0.7763713080168776,0.89,0.3037974683544304,0,0,0,0,0,0
60e90a49-407d-4537-bce9-5df63510425a,70,ONE_HAND_LIFT_HEAVY,0.5817028131757874,0.06866652062541047,0.6845830688775801,0.03885744148303088,0.7229554403140784,0.046401530670508,0.7596194592560781,0.05393555270239123,0.5304410741907654,0.011996028391403778,0.4854547752157769,0.004717069896507182,0.44943186352942965,0.0,0.8396638023099814,0.0901423670819055,0.39085214294672754,0.030495656261022252,0.6264435008494256,0.1341659227795648,0.4658664425602104,0.11455278939402015,0.7979393354337772,0.32493305377690823,0.1939721190791999,0.23153594347002848,0.8380145960572972,0.5801771052776412,0.0,0.43211233152069084,0.9241132339359758,0.7700868791188462,0.2819026277083753,0.6491885561608787,1.0,0.8412794891902109,0.2986880460932126,0.7532510078184625,0.9679458248929191,0.8413791193162607,0.41047634340355504,0.7356681420015689,0.9219481014293912,0.8224234753339862,0.42127896503103157,0.7075537007174946,0.5345537570452913,0.7574684517257108,0.08983055195557904,0.7202629639398392,0.8670865178873437,0.7066740396045662,0.12227452217437737,0.49517663916544435,0.5740368426453429,0.9094608625946806,0.1989140369946678,0.7751166383395326,0.4560707322542272,0.9389480241869199,0.16168064639953786,0.8231310690863615,0.6381698965107043,1.0,0.3850546235733641,0.8783383089333784,0.2277693726301467,0.0,0.6744651120910735,0.16581498928419874,0.8919207942364279,0.41515815365694303,0.8804421169411093,0.63207140856226,0.7602872893046874,0.7734930421583276,0.98810779685209,0.594477944943485,1.0,0.9206202604520171,0.8059107517833303,0.9782181379745095,0.6542990570054281,0.9376308272741213,0.7210379054248589,0.6332228272519329,0.6731545019292315,0.9518282238633703,0.511251349239257,1.0,0.397759623647009,0.9517378854389913,0.41382265743718466,0.6345200553283227,0.35906383082790766,0.9384232695932354,0.2402474040692278,0.9805653521237256,0.15976771408022178,0.9273322468949138,0.09527769039141556,0.6095874426420343,0.09243080945462387,0.8811415765560695,0.041985101953020354,0.9170930996896399,0.0,0.8785035360757385,0.15434760849055598,0.0,0.0,0.17473779749899152,0.10009008490981926,0.4756338961562842,0.233990761504993,0.7173874834322596,0.3170669375602962,0.9128205497608483,0.5056744974518536,0.33849622543652397,0.7144287062060624,0.6208062006569469,0.7425126236005426,0.842249178816343,0.699497611578573,1.0,0.663729856013221,0.28251599147121537,0.8182840421929606,0.5768570276032963,0.838473284393588,0.8091525960928946,0.7948129833012818,0.9925243473750937,0.772762412231103,0.26442834092087825,0.9036985925031465,0.5520543998155939,0.9158909354987786,0.7664568086209878,0.869334287424104,0.9382066501469487,0.850260990678448,0.25517633838529363,0.977459605543097,0.5092462398432548,1.0,0.7085244626289402,0.9595022542524124,0.8678931596842044,0.3622222222222222,0.7763713080168776,0.89,0.3037974683544304,0,0,0,0,0,0
60e90a49-407d-4537-bce9-5df63510425a,71,ONE_HAND_LIFT_HEAVY,0.5597769764224209,0.06900519675824959,0.666055245146184,0.038317537586078476,0.7063961083247954,0.04601785376985526,0.7419004121087847,0.0534697810798174,0.5124133253454324,0.011623740580362547,0.470409232292197,0.004699313257853326,0.4348347241877207,0.0,0.8254376638640694,0.08941480167343663,0.38607311191016297,0.0304556903056654,0.6101975780451772,0.13485888352711506,0.44894555702063227,0.11532348444275384,0.7993513403488967,0.3281464483625728,0.19835288413719243,0.2323012120953487,0.8381550116108052,0.5851466006392837,0.0,0.43263612222322373,0.9243842927963064,0.7756782152020664,0.2840181749091172,0.6515114544201339,1.0,0.8440783956132702,0.3028324616296873,0.7556465025398937,0.9707323370759147,0.8441309628451498,0.4130650240426239,0.7379016965493876,0.9234172165023501,0.8259529123508423,0.42366776111590004,0.7100646202715202,0.5385886999785382,0.7599616572521907,0.09706312711246096,0.7228910248501145,0.8788059046074059,0.7001946873269427,0.1426954642590511,0.5052300189181113,0.6011167198656788,0.9058740197277394,0.19921842330990755,0.7831124750483338,0.4907048772920356,0.9373189719578477,0.16552435442062235,0.8322595876669268,0.6761608979368176,1.0,0.37123385035595713,0.8832458571465747,0.2257311222589761,0.0,0.6684987622949025,0.16460136600893102,0.8919494402944205,0.4073831569032784,0.8872888781791496,0.6233966245305793,0.7728800192775307,0.7672105224086659,0.9912090078643563,0.5821987566954194,1.0,0.9049347651983125,0.7999178514315757,0.9702602989759843,0.6410666170124208,0.9365990863160689,0.732863808626695,0.6232167314687561,0.6847367959867686,0.9442119407358411,0.5158294814782362,1.0,0.395697605643059,0.9577989730384292,0.43378934916427525,0.6279591524915779,0.37203553199412914,0.9297442965454641,0.24541720519617077,0.9768338585451365,0.1603835790488291,0.9281441124103824,0.12089750049289141,0.6078614053575925,0.11104295822471467,0.8778408276337739,0.04975355429472716,0.9164879846753107,0.0,0.8816806411105922,0.15567542448149088,0.0,0.0,0.17337820687743372,0.08178882656573355,0.4775812755463729,0.2108238165657987,0.719343991521961,0.2840719821586396,0.9184970539103366,0.4789480198826066,0.3320873272664533,0.6847599255596598,0.6123015305805696,0.7288421573800822,0.8407667774067192,0.6879260287120822,1.0,0.6521477601666005,0.2764227642276423,0.8161206333074921,0.5698218196886284,0.8485438748498924,0.8061774757332016,0.8085832231277538,0.9915003039215262,0.7715172322438725,0.2637446885923308,0.9190102996071687,0.5492100206031363,0.9341893538152846,0.7707348836940687,0.8853471095736618,0.9480301409300721,0.857759884300428,0.259291985567698,0.9858784850478716,0.5108466055358476,1.0,0.7125609828287948,0.9492294295585479,0.8726085129791096,0.3622222222222222,0.7763713080168776,0.8911111111111111,0.3037974683544304,0.4988888888888889,0.5527426160337553,0,0,0,0
60e90a49-407d-4537-bce9-5df63510425a,72,ONE_HAND_LIFT_HEAVY,0.5497885878273737,0.067107200424997,0.6549083452664797,0.037042164880124906,0.6969914466474569,0.04491677841643466,0.7314886848097174,0.052325606639210674,0.5057555694824224,0.01117150516728148,0.4660759029803106,0.004558334619447989,0.4321155105227593,0.0,0.8163009697067305,0.08912180975466961,0.38878412617274527,0.030750269355612057,0.6021513508088281,0.13377133501211266,0.44263511881212386,0.11449215055098767,0.8037693570805864,0.32951610560548894,0.2049261428686467,0.23233075725252905,0.839938519496252,0.585888785094143,0.0,0.43008118873143436,0.9251765463782171,0.7777668884573135,0.2896189212435681,0.6487419043476031,1.0,0.841079070944527,0.3095053200242281,0.7521934427611949,0.97449772832573,0.8412043958997448,0.4181421170627071,0.734790930264149,0.9258142257109413,0.8241953991460622,0.4284222454855361,0.7074713017320478,0.545359610763523,0.7581492631468193,0.11511769175019869,0.7255904514039576,0.881934091686244,0.6986511252566814,0.16417511906887614,0.5399193376391476,0.6168933672713183,0.9038323687557559,0.2080237425848187,0.784964764545524,0.5115593383726806,0.9350696715440356,0.17392680458933055,0.8321456865676242,0.6976970486323856,1.0,0.3663145659077302,0.8908275389414337,0.24150726695846428,0.0,0.6620380420543608,0.1639080472246084,0.8780973198178208,0.40656990501117973,0.8771990422650282,0.619903615653463,0.7690218292139109,0.7634536483708007,0.9814965517905131,0.5798473604396218,1.0,0.8974179663150974,0.8017629766351593,0.9668105092430356,0.6395693400761183,0.9365539494943543,0.7360689449409329,0.6241460154624309,0.6991807494842924,0.9414475948880323,0.525510547810288,1.0,0.3992063076194255,0.9595832338374801,0.4475101136428042,0.6327633900743971,0.3899016493017496,0.9284180314396558,0.2537281191885987,0.974800672333537,0.16163435184462366,0.9261603800793279,0.14276517634578553,0.6169319200270422,0.1333899390775331,0.8825571623059055,0.05961996443248642,0.9151271944650328,0.0,0.8741615213096858,0.10742033715976743,0.0,0.0,0.18349980608778715,0.1165661486357975,0.48582026375079035,0.25404781917798136,0.7174404795139669,0.3243613577194371,0.9009719755353712,0.4778400178335143,0.37489040564624077,0.6744954158460591,0.6304410484237276,0.7209913961473883,0.8455402454611716,0.688216178187894,1.0,0.6222117238995679,0.2973421199961972,0.7916055684739461,0.5600893957936894,0.8433882041119339,0.7832333088365117,0.82685948131469,0.9713160829431196,0.7342479144809363,0.24934545196636038,0.8802986704624238,0.5067507103826786,0.9153767023132441,0.7253041101843901,0.8902052694762632,0.9072088562801148,0.8287982624594298,0.20387945149252043,0.9682330300408821,0.4355268300559403,1.0,0.6358162647829768,0.9762458407213574,0.8032688921048303,0.3622222222222222,0.7763713080168776,0.8911111111111111,0.3037974683544304,0.5,0.5506329113924051,0,0,0,0
60e90a49-407d-4537-bce9-5df63510425a,73,ONE_HAND_LIFT_HEAVY,0.5290636093230717,0.0642808295330613,0.6352257472086901,0.03468810456764995,0.6823135160872301,0.04264769264320977,0.7184291560182134,0.050011424741111726,0.4892162062877646,0.010500844864158917,0.4506723579548168,0.004262861044876782,0.4189633199367231,0.0,0.8081920353180396,0.08884079918890266,0.38441585910800613,0.0310477133791944,0.5846377615757451,0.13290924794556325,0.4269605208814508,0.1137106810299308,0.8051980059060625,0.3316918791124478,0.20734952340819454,0.23361451717841306,0.840382102725049,0.5883377954346544,0.0,0.4315757755242349,0.9254222750849838,0.7800084349081916,0.288260763119931,0.6493306761281198,1.0,0.843439962226507,0.3095355399188004,0.7534469454423003,0.9761304598291543,0.8437734958554196,0.41819204230636003,0.736690523553832,0.9264104235923833,0.8268810121380972,0.42840360904819774,0.7095382956078831,0.5483495101303858,0.7611022592537584,0.1248768599705978,0.7308225752884367,0.8715136725324298,0.700866536905817,0.1738859510766323,0.5695485994146334,0.6081935261597292,0.899470489342927,0.20945603612682123,0.7872723902590949,0.5059138661554943,0.9258372247758471,0.17649189576128083,0.8366382585797522,0.6804816443611126,1.0,0.36037021326257423,0.8973121196770472,0.2390565085931354,0.0,0.6584029900888538,0.15571762363536545,0.8748337347570447,0.3959600838329584,0.8702641392594496,0.6094235202853862,0.7545182546862312,0.7533155407016157,0.9751615787483795,0.5784054809795628,1.0,0.8991643882313932,0.8047269353379595,0.9693414888503563,0.6432124287942439,0.937355130730805,0.7324991021940167,0.6233216519037521,0.6968575210865927,0.9447211870796607,0.5251190843537429,1.0,0.40012237543139445,0.9553004777919536,0.4463891349152271,0.6314184123454049,0.3855974016810298,0.9330400163379534,0.25021773769742517,0.9753129176214611,0.1590501475982505,0.9217890369537483,0.14469788960303812,0.6153809717199656,0.1329395273696549,0.8879522347819807,0.058660168060854924,0.9193484386926842,0.0,0.8764714058638032,0.13503207738642253,0.0,0.0,0.17395428203860655,0.10434405773494018,0.4723420032281312,0.2430651434444972,0.7065378590700362,0.33331083052774163,0.8988290579455506,0.47793999155055944,0.3677999868968844,0.6925383600245644,0.638453772803888,0.7297354976676931,0.8498397846324278,0.6886620702871503,1.0,0.6279676482245287,0.30640593452015796,0.8025008601878911,0.5794882637776282,0.835399236066045,0.7989297136969249,0.7987465211388453,0.9766422075176148,0.7402232568673481,0.28033966849117625,0.8937722396679457,0.5446607782059453,0.9142360007142826,0.7492048791237589,0.8709935932334789,0.9173416756502422,0.831951951428783,0.2585468049243891,0.9798432933654471,0.4908799337697068,1.0,0.6823864347018148,0.9567619479009237,0.8392977325654114,0.3622222222222222,0.7742616033755274,0.8922222222222222,0.30168776371308015,0.4988888888888889,0.5527426160337553,0,0,0,0
60e90a49-407d-4537-bce9-5df63510425a,74,ONE_HAND_LIFT_HEAVY,0.504791833224328,0.05569722771878162,0.6174114302964517,0.029305064280845602,0.6676274106188942,0.03663053753708195,0.7055865397948392,0.04342635990869648,0.47236660791989427,0.009022363696608198,0.43513937763340377,0.003747350338971451,0.403787214310985,0.0,0.7957118207750318,0.07911782207965438,0.3785540063046191,0.027869124724164675,0.5623632804690326,0.11728820895343747,0.4089801889234469,0.1000223573540964,0.8042453409257515,0.29478347841147085,0.20346906043590776,0.20876953020503602,0.8397202228807493,0.5218338922757106,0.0,0.38664269060808015,0.9249787269963361,0.6905477239742956,0.2827933377091378,0.5754008032688896,1.0,0.747068915584953,0.305616891384568,0.6674804177505628,0.976852820745335,0.7473694688054299,0.4138123584284237,0.6532231161640243,0.9257103920522796,0.7323200181845951,0.4239130307699179,0.6291251006234382,0.5515416994131013,0.6748134866761729,0.12996279475006353,0.6516554416142634,0.8736501668285185,0.6808916589525015,0.18058260554601643,0.6124622479887333,0.6726274725847746,0.8883200292328415,0.1869276778672139,0.7902234681734293,0.568168665046824,0.9175487787749275,0.1597889605796452,0.8261086838500316,0.7837835057115005,1.0,0.29229586392947393,0.8837162863529503,0.23820258427630966,0.0,0.6561942770702521,0.15253709958509082,0.8726897431780345,0.3937182704693502,0.8679086629877208,0.6088350167731684,0.7510827678292248,0.7555939262990882,0.9841947587698913,0.575757854075348,1.0,0.8934829180032008,0.7979755938849499,0.9684819038828182,0.6295845974427665,0.9446175465022031,0.7414044079742418,0.6175044066400776,0.7033680945821467,0.9367380224729077,0.5222215649322662,1.0,0.38486850444938353,0.9619984217990725,0.4524469496581623,0.6235562178590809,0.39222181845839216,0.9229505775128564,0.2506285335203793,0.9730136825887393,0.15211250644378904,0.9256240284535391,0.1455313907598178,0.6066935006746771,0.13349418157541135,0.8748965788553221,0.05933778975923469,0.909013884647442,0.0,0.8682010882085736,0.13262454790037467,0.0,0.0,0.16793934397426713,0.08698061301570742,0.46684056168993526,0.21627407139656848,0.7051953766148735,0.32043392906229506,0.8957020298264504,0.5163188755246088,0.34873310417633374,0.726285737785464,0.6278646502052051,0.7523587100740026,0.8481887436760327,0.6990461266073752,1.0,0.6707784013800537,0.2823076079823522,0.832781037680921,0.5650642195221941,0.850501394988431,0.7902522679184706,0.7995718716653932,0.9703957988884534,0.7767434108711697,0.25630895048797225,0.9124328208635725,0.5307942857915152,0.921497540101859,0.7422824697898693,0.8672607362162372,0.915919203386598,0.8550532346632439,0.238671670278217,0.9875500799764507,0.4829686493402351,1.0,0.683050040620556,0.9520530896450518,0.8448489981514268,0.36333333333333334,0.7742616033755274,0.8933333333333333,0.30168776371308015,0.4988888888888889,0.5527426160337553,0,0,0,0
60e90a49-407d-4537-bce9-5df63510425a,75,ONE_HAND_LIFT_HEAVY,0.48654809228594187,0.057717143038225144,0.6014593949512975,0.03103843852968484,0.6545064427779163,0.03931538744678469,0.6957193976219758,0.046897341251992845,0.46022860445853864,0.009353455895969129,0.4249719158568255,0.003921864717557379,0.3936757217601451,0.0,0.7874406217637869,0.08470332199642876,0.379024810227764,0.029753409035360133,0.5455142876619332,0.12243394631971483,0.39793620067065777,0.10414221430073818,0.8051058513067181,0.3095210506550366,0.20328997683233277,0.2212843572020667,0.8400938379234449,0.5468206591653719,0.0,0.4073327793250759,0.9243161522809553,0.7203652180393946,0.2791923345930344,0.6017376902934495,1.0,0.7794754556235616,0.30345278548943916,0.6975551384572316,0.9770043860754943,0.7802382928317217,0.41336450369739536,0.6831121796907437,0.9244798013612989,0.7626120315559544,0.42268339669190735,0.6580352787693955,0.5531483655168743,0.705231900659346,0.1347826432057851,0.681501183046516,0.8781587073917091,0.6998826606193939,0.1825614045900182,0.6148824295272571,0.6680573336732378,0.8993381038904178,0.17737085729706814,0.802919403149965,0.5610303682267723,0.9288631120898919,0.15604861941807227,0.8426482250212016,0.7722053826306928,1.0,0.2838018225978603,0.8956770821737924,0.21409883766471813,0.0,0.6334346072823246,0.15320072447110986,0.8496306407831481,0.3869032099809163,0.8592100631978685,0.597883822356475,0.756877768366391,0.7445676237316742,0.972308241833417,0.5808265079906263,1.0,0.8803997858675681,0.8080042278131198,0.9490340128078346,0.6436051715512461,0.9281699853593892,0.7323025601873272,0.6303430901408059,0.7008571556885915,0.9367661374551255,0.5274625079245385,1.0,0.38694412038405424,0.9689685388855549,0.44789752984169723,0.6441830184342106,0.3907990754792061,0.9320083246297036,0.2517303432278225,0.9877807209845155,0.14711285691756076,0.9491204062962341,0.1464788938336385,0.6338898513877725,0.13759714413730367,0.8921454434377203,0.06477494310520758,0.927240483988664,0.0,0.8896037778638284,0,0,0,0,0,0,0,0,0,0,0,0,0,0,0,0,0,0,0,0,0,0,0,0,0,0,0,0,0,0,0,0,0,0,0,0,0,0,0,0,0,0,0.36333333333333334,0.7742616033755274,0.8933333333333333,0.30168776371308015,0.49777777777777776,0.5506329113924051,0,0,0,0
60e90a49-407d-4537-bce9-5df63510425a,76,ONE_HAND_LIFT_HEAVY,0.4810062018145835,0.05663575641338878,0.5947060583524333,0.030549091119323395,0.6480532411728699,0.03918282814848162,0.6905808996571647,0.047299828599089024,0.4551581396462569,0.008969651016326024,0.41986170815972074,0.0037600725273021864,0.3876611856887497,0.0,0.7809504303515787,0.08761254063175855,0.37446248189287273,0.030907540216741445,0.5370915100675744,0.12282359622683707,0.39383022087963615,0.10449475097829668,0.8059625017697385,0.31759791271791565,0.19843505135321934,0.22826036627598542,0.8386856346985446,0.5593339905261259,0.0,0.42031884987081114,0.92337572878935,0.7341813649237299,0.2786348336143604,0.613976974182307,1.0,0.794043935149749,0.30268723600674463,0.7113290296599565,0.9787519792592462,0.7951871586274444,0.41386238188085367,0.6967514135330731,0.9241814974044998,0.776927110470293,0.4230845501423579,0.6712960563516434,0.559169942087415,0.7195450274999444,0.14172019278002493,0.6958825658568621,0.8839458391443137,0.7078657732452472,0.18083623717680622,0.6087071711528487,0.6635681229008693,0.9040906791168095,0.18240592837400496,0.8080347716751162,0.5549325662800481,0.9341807934203329,0.16153266210746386,0.8495976406172936,0.7644507719779434,1.0,0.3004886919232274,0.9009429142456038,0.207373238682687,0.0,0.6251266172001746,0.15002513352183475,0.8397592420262047,0.39013862708136976,0.8489446507835855,0.6012354696826893,0.7569896812128898,0.7475973923971097,0.9536776634905995,0.5886836317939051,1.0,0.8836608545397424,0.8191432853766398,0.9313666352497644,0.665435151405348,0.890830191643104,0.7174346737599749,0.6457901350926799,0.6865843414670301,0.9445153942821238,0.5249055003335282,1.0,0.3969531578123842,0.9687621740496387,0.43995771191395794,0.6646237825950362,0.37942851378171605,0.9474096764059063,0.24844353490517093,0.9980105246622683,0.15350739938564922,0.9630113100848257,0.14671639394213903,0.6577049952874646,0.13244776783140766,0.9104421928997801,0.060339787036045756,0.9376178133836004,0.0,0.8987126924285266,0,0,0,0,0,0,0,0,0,0,0,0,0,0,0,0,0,0,0,0,0,0,0,0,0,0,0,0,0,0,0,0,0,0,0,0,0,0,0,0,0,0,0.3622222222222222,0.7742616033755274,0.8933333333333333,0.29957805907172996,0.4988888888888889,0.5527426160337553,0,0,0,0
60e90a49-407d-4537-bce9-5df63510425a,77,ONE_HAND_LIFT_HEAVY,0.4791656941340685,0.054789975936305545,0.5901499587492114,0.02908036986100681,0.6433812705242894,0.03738962886405051,0.6868122268724045,0.04562304303427125,0.4515632546756671,0.00845657666078256,0.4153309653608924,0.003508997986025053,0.3815714123946487,0.0,0.7764396756324543,0.08815225232405485,0.3649310522533099,0.030865669785501416,0.5345533706631787,0.12135271010858466,0.39178797325747194,0.10355361419094025,0.8066276267046282,0.3209312594084728,0.1973141923511563,0.23137274123673784,0.8383586114776564,0.563402166207719,0.0,0.42421036038243937,0.923430679031889,0.7373384546472747,0.28046029871579475,0.6171881824897825,1.0,0.7974889196076,0.30550357160189406,0.7148832789298954,0.9790145567908967,0.7987371957533954,0.41626852530163916,0.7002958708829297,0.9237378067521879,0.7806311088457533,0.42514449330859055,0.6749431129809667,0.5632833316771392,0.7252889836127097,0.1461278566459989,0.7050766751069953,0.9231494341593506,0.7143907898901255,0.1845657343449213,0.6137934948595641,0.6928819857690557,0.9054146231716148,0.19144548771835765,0.8080416975501956,0.580955308179211,0.9348642511911346,0.17817174656070106,0.8484313384983674,0.794335353890169,1.0,0.31330378374880696,0.8986023288138267,0.24012270555695248,0.0,0.6348161931103847,0.15180683693151448,0.8367291928589389,0.39529563957766883,0.8379844103595675,0.6057261044363366,0.7435302992205179,0.7499182759715863,0.9663334171486044,0.5963940724903751,1.0,0.884198213690905,0.8227920543122957,0.9323495464510082,0.6718078953985416,0.8902837489251935,0.7353482524515966,0.6473046563330312,0.6927694241890873,0.9432347222544987,0.5290711591651999,1.0,0.3984812672868997,0.9670206750172357,0.4606386723661051,0.6599079733215589,0.39845511692230323,0.9471659966070972,0.2561880814684436,0.9994252205774132,0.1511320090520493,0.961017251129031,0.16836208197133518,0.6478376054472357,0.15611667085743022,0.9040939477740854,0.0727171234598944,0.931348717591194,0.0,0.8897507998109889,0,0,0,0,0,0,0,0,0,0,0,0,0,0,0,0,0,0,0,0,0,0,0,0,0,0,0,0,0,0,0,0,0,0,0,0,0,0,0,0,0,0,0.36333333333333334,0.7742616033755274,0.8933333333333333,0.30168776371308015,0.4988888888888889,0.5548523206751055,0,0,0,0
60e90a49-407d-4537-bce9-5df63510425a,78,ONE_HAND_LIFT_HEAVY,0.476731811776959,0.05028377007429575,0.5855154666679491,0.025136192717351395,0.6378278123613803,0.03247453848200465,0.6812362067303256,0.040057368430023804,0.44773494388112983,0.007150708627816751,0.41099014292901775,0.0029232251508696373,0.3761969243227114,0.0,0.7701896140185993,0.08160437316371126,0.35558851703787264,0.029029295241437682,0.5318261126847585,0.11190079021456086,0.3885916019669715,0.09639366728216911,0.8051161136534506,0.301505274000924,0.1937267230523279,0.2175139721701787,0.8344537412923634,0.5292543163871049,0.0,0.3978515623983656,0.925734070455283,0.691501193933934,0.2812108329537572,0.578835805232195,1.0,0.7472718653077071,0.30638125290120966,0.6695749619055618,0.9778306932468427,0.7483943374655683,0.4158901672722709,0.6558264802223998,0.9213424376642111,0.7320995548529767,0.4246612955786194,0.6324044816998138,0.5681825208114204,0.6799054625620315,0.14809194009315474,0.6599956697755448,0.9595869936952577,0.6893612370638225,0.14918292088351123,0.5695235508023296,0.7056231998759708,0.8982025887858153,0.17756124572418658,0.7756477177738453,0.5900243501233079,0.9270937326315234,0.17002857755936787,0.8165851048833085,0.8028622444387804,1.0,0.2699380518023511,0.8618667790797233,0.23536747258613858,0.0,0.6372139794137514,0.15437270707185494,0.8375483556777232,0.4004272198308627,0.8431905730752733,0.6096605122645261,0.7542762363618395,0.753758137063547,0.957192298953979,0.6015545457756374,1.0,0.8799922295746077,0.8269404164319138,0.9252480470279658,0.6761012664933996,0.8848748516171238,0.7254334818431244,0.6561433198144312,0.6921170948591432,0.9464232240508487,0.530745398251096,0.9992697950051214,0.3984212387000282,0.9657003287842049,0.451254114753614,0.6721172259274217,0.39419925442854975,0.9533828224457798,0.2539853636520164,1.0,0.1499283261116075,0.9596928378484214,0.16123109964147775,0.6613415194099391,0.15247027851444023,0.912348526613707,0.07068869080791296,0.9380247148668508,0.0,0.8967892479426033,0,0,0,0,0,0,0,0,0,0,0,0,0,0,0,0,0,0,0,0,0,0,0,0,0,0,0,0,0,0,0,0,0,0,0,0,0,0,0,0,0,0,0.3622222222222222,0.7742616033755274,0.8944444444444445,0.30168776371308015,0.4988888888888889,0.5527426160337553,0,0,0,0
60e90a49-407d-4537-bce9-5df63510425a,79,ONE_HAND_LIFT_HEAVY,0.4814953318503444,0.04323066655234575,0.5875008475896591,0.019950816980065643,0.6387644308517647,0.02595085156279698,0.6815836399207813,0.032660040050129485,0.4500157952159885,0.005235368117408396,0.41281732452853037,0.002052197492899827,0.3769459694758868,0.0,0.7695299965098582,0.07406522582656395,0.34985847803966064,0.026967969656737284,0.536075570300277,0.10076547385774792,0.39089202263353534,0.08800583207616712,0.8055696222051936,0.27752529855587293,0.1933520396465591,0.20184190353055845,0.8330213220675156,0.48452140358623846,0.0,0.36481354473215655,0.9252345413819918,0.6322587394483542,0.2845161754123935,0.5300301526996228,1.0,0.6828598592797013,0.30943406410113655,0.6121011422223374,0.9768432835634733,0.6838217073771677,0.41770692469979454,0.5996339867209473,0.9201412929126991,0.6689655019466878,0.42646561575376063,0.5785700770595429,0.5720111040481789,0.6242918206838947,0.15327550598551376,0.6087874373804512,0.9875379941277628,0.6632978150355435,0.15969632364930494,0.581571312947487,0.7533961982173744,0.8927756062053063,0.1234310520112764,0.8096485150488187,0.6375554675145814,0.9262214735637139,0.10410532744401202,0.8536213011421161,0.8804496046433626,1.0,0.16796857194238976,0.9023853086643338,0.25930364208650586,0.0,0.6481346027398326,0.14726413770665536,0.842518957447388,0.38654757312435506,0.8494745606424328,0.5969765797907746,0.7618355166658237,0.7421869235412882,0.9643329585290032,0.5888179865249401,1.0,0.8705574567210331,0.8323039183263755,0.9052892076033195,0.6954630519447675,0.8519532643357456,0.7413198429712516,0.6462343733691893,0.7057131073872767,0.9313026566658269,0.5498914494033608,0.9746043713085137,0.42776230142827687,0.9322997331061875,0.47639413593336005,0.6661713144013699,0.42323157849686605,0.9474042177709759,0.27917151383339234,1.0,0.16922999109029152,0.9634698413050384,0.19634624138695758,0.6603043147641865,0.18093419655050327,0.9109122905346172,0.08572676375266026,0.9467581061205889,0.0,0.9159756649119701,0,0,0,0,0,0,0,0,0,0,0,0,0,0,0,0,0,0,0,0,0,0,0,0,0,0,0,0,0,0,0,0,0,0,0,0,0,0,0,0,0,0,0.3622222222222222,0.7742616033755274,0.8944444444444445,0.29957805907172996,0.4988888888888889,0.5527426160337553,0,0,0,0
60e90a49-407d-4537-bce9-5df63510425a,80,ONE_HAND_LIFT_HEAVY,0.47865996903448776,0.0411150750589561,0.5818899053060761,0.018619111595219538,0.6331242237787565,0.024182491764600276,0.6762574615217247,0.03047989842532368,0.4471833952057963,0.00479730972006134,0.4110212267370125,0.001869371375689378,0.375887037595123,0.0,0.7639109432949125,0.07262420764393637,0.34919561293379986,0.026562208451813202,0.5326917246763239,0.09762879267525015,0.38983728465702566,0.08544263379690943,0.8040496619425566,0.2755845544705138,0.19052596773982844,0.20199633972108885,0.8299579393384083,0.4798408304955502,0.0,0.36242333884600286,0.9261758132951693,0.6258253568976984,0.28435025354871346,0.5249409983361747,1.0,0.6753510767020491,0.30913054661742095,0.605576582781288,0.9788935392715582,0.6763031228562842,0.41659605502797664,0.5933076996858029,0.921431431931957,0.6616373106951636,0.42533905974578007,0.572527904899274,0.570854218386595,0.6186496974562816,0.15647696799254376,0.6047858385982403,0.977829522106736,0.6681765108333183,0.17324086925066975,0.6089280185397022,0.7502760273148793,0.8937725364256531,0.11173824456988615,0.8261995865839592,0.6395945923422297,0.9272293903127231,0.08767442876648338,0.8689890809045577,0.8724571363703321,1.0,0.15336037072123876,0.9167218882901832,0.24935129209207316,0.0,0.6484989017315966,0.14707463097935936,0.848293050346832,0.3914497458198077,0.8589070159041884,0.6054832486066025,0.7733653152247211,0.7517072946652784,0.9700569048942941,0.5852736265082379,1.0,0.8713396521100019,0.8317569139643743,0.9045691186378392,0.6965969453547387,0.8492328658051082,0.7428366084209779,0.6455357689716421,0.7086148015821374,0.9250512954002572,0.5566751846550018,0.9679396092362345,0.43634578300424715,0.9301035095241011,0.4751667120170675,0.6707830587370613,0.4238162559497754,0.9442212286396766,0.28575090405038234,1.0,0.17694937712210299,0.9705977828137441,0.195380371557806,0.6705495498254426,0.1804236121791459,0.9123805659337294,0.0871782586234773,0.9493461750474674,0.0,0.9227292215348809,0,0,0,0,0,0,0,0,0,0,0,0,0,0,0,0,0,0,0,0,0,0,0,0,0,0,0,0,0,0,0,0,0,0,0,0,0,0,0,0,0,0,0.36333333333333334,0.7742616033755274,0.8955555555555555,0.30168776371308015,0.4988888888888889,0.5506329113924051,0,0,0,0
