series_id,label,x0,x1,x2,x3,x4,x5,x6,x7,x8,x9,x10,x11,x12,x13,x14,x15,x16,x17,x18,x19,x20,x21,x22,x23,x24,x25,x26,x27,x28,x29,x30,x31,x32,x33,x34,x35,x36,x37,x38,x39,x40,x41,x42,x43,x44,x45,x46,x47,x48,x49,x50,x51,x52,x53,x54,x55,x56,x57,x58,x59,x60,x61,x62,x63,x64,x65,x66,x67,x68,x69,x70,x71,x72,x73,x74,x75,x76,x77,x78,x79,y0,y1,y2,y3,y4,y5,y6,y7,y8,y9,y10,y11,y12,y13,y14,y15,y16,y17,y18,y19,y20,y21,y22,y23,y24,y25,y26,y27,y28,y29,y30,y31,y32,y33,y34,y35,y36,y37,y38,y39,y40,y41,y42,y43,y44,y45,y46,y47,y48,y49,y50,y51,y52,y53,y54,y55,y56,y57,y58,y59,y60,y61,y62,y63,y64,y65,y66,y67,y68,y69,y70,y71,y72,y73,y74,y75,y76,y77,y78,y79,obj_cls0,obj_cls1,obj_cls2,obj_cls3,obj_cls4,hand_obj_overlap0,hand_obj_overlap1,hand_obj_overlap2,hand_obj_overlap3,hand_obj_overlap4
48b9b7a4-63db-4793-85c3-29e99c157f54,USE_COMPUTER,0.5739899728190271,0.028144086918298873,0.615390250801625,0.0,0.6425610486550947,0.0003353507162253122,0.6733578981856514,0.0007730741767311871,0.5754450061830438,0.0006369504183206264,0.5693119896784207,0.0009774197717599667,0.5625152201916575,0.0010304456541490395,0.771964050840019,0.015262416534221928,0.6209188688319643,0.010176290664373517,0.6444636150083469,0.06067270649862181,0.5848788116617024,0.05699784489377548,1.0,0.16155154851572318,0.567699582076431,0.13440405626406027,0.9147460678486466,0.37152036641764496,0.3441864464150895,0.2903582950075372,0.3513888615669726,0.3426290984288343,0.09005452474675975,0.27360643502273957,0.21208705373041387,0.3349506227462001,0.0,0.28455060124792375,0.19279844972808852,0.30819850522996756,0.0050938038642158795,0.2683662701642315,0.22958535619148918,0.30363392050500476,0.0499909102810826,0.2653928218151199,0.8685697869953256,0.49780618408155014,0.5413417713962826,0.4366477469038643,0.7361929543824994,0.7187214476017905,0.41126416283349604,0.6844698467480018,0.6944806412728862,0.9374926419590048,0.39416378995151924,0.9184526711608302,0.7306731547361844,0.9779944987446543,0.41042794260995674,0.9603140859777493,0.5435892722323332,1.0,0.30788455107302776,0.9876978353283222,0,0,0,0,0,0,0,0,0,0,0,0,0,0,0,0,0,0,0,0,0,0,0,0,0,0,0,0,0,0,0,0,0,0,0,0,0,0,0,0,0,0,1.0,0.6174442407706192,0.8541348095037905,0.2962989556319567,0.6478739241710978,0.1258056613814717,0.47308435468744947,0.18972287219514392,0.3600203962838571,0.33135736872189514,0.5794588863582816,0.0,0.2980253948748273,0.004875500854585336,0.13998653337090747,0.15466445910520552,0.05208646130249791,0.317465077447676,0.5882996821598347,0.1608169103713152,0.2634986787458249,0.2157961722461093,0.09574819482493382,0.4131349906938895,0.0,0.6062248164823747,0.6113081571276119,0.40512413309568257,0.3055235700657393,0.45810842393064205,0.15392466772305405,0.633094978642406,0.06339161557971182,0.7926398661947441,0.6414074013332656,0.7066815339173235,0.4085525221633458,0.7722853892657324,0.27482895302156046,0.8811380204593643,0.17927969703549368,1.0,0.40268456375838924,0.8467261904761905,0.09563758389261745,0.5342261904761905,0.28942953020134227,0.7827380952380952,0.7869127516778524,0.8244047619047619,0.27936241610738255,0.9241071428571429,66,58,58,56,41,1,0,0,0,0
48b9b7a4-63db-4793-85c3-29e99c157f54,USE_COMPUTER,0.5656303764641236,0.027641710448575354,0.6110820950126531,0.0,0.634693161537815,0.000343126162077329,0.6595393196027659,0.0007220190359285809,0.5711027416845407,0.0005381163383490542,0.5648314156904385,0.0008322879496979874,0.5577642778812512,0.0007924013004865263,0.7691813346178752,0.015163672088120615,0.6159967446765762,0.010105540073813526,0.6227444381300049,0.05868032951017276,0.5692002458636898,0.053879834956114085,1.0,0.16085263720931595,0.560871600250902,0.13185203406259255,0.9247790764996631,0.37504127763299094,0.338264719129075,0.26808548021960477,0.3404067107456725,0.34604535990531415,0.08791708722029266,0.2762896085786791,0.19663794437382126,0.34147586458856216,0.0,0.28815640171126855,0.17767019224654668,0.3119344590658466,0.010408532768106927,0.2715733707843725,0.2150945155550245,0.30753355805168564,0.05864559266943431,0.26968866097287275,0.8512753850892086,0.4855115028552277,0.5358609965701718,0.44969947176949193,0.7349542539412934,0.7097957268372421,0.39001925325770703,0.6799076003050774,0.6897147402139769,0.9432662803417489,0.38411618047766377,0.9224661703151843,0.7282415489167539,0.9831106799987034,0.4036297520956101,0.959387353185575,0.5351362112657317,1.0,0.2892324597101681,0.9911528786598651,0,0,0,0,0,0,0,0,0,0,0,0,0,0,0,0,0,0,0,0,0,0,0,0,0,0,0,0,0,0,0,0,0,0,0,0,0,0,0,0,0,0,1.0,0.6412554570254507,0.8416558854237596,0.31240169772593496,0.6301568387126061,0.16255077945690966,0.43883318580053565,0.212281219285924,0.31118100004539473,0.3306237171596312,0.5697381860275091,0.027004952849370246,0.28554887875073764,0.0,0.12896891597439739,0.15864005480804091,0.051418300876117845,0.3360652348020032,0.5785390848427073,0.19527018737567908,0.24412280403104997,0.2223392391662451,0.0812074424622089,0.43389538225713736,0.0,0.6418909325499937,0.6038131553860819,0.4377537249755666,0.29271982386853695,0.4708218862733151,0.1393711130782151,0.6643152234296104,0.05273332879386264,0.8337369958411505,0.6390082391393164,0.7279737428681312,0.4061016160515684,0.7799255900893388,0.27556544781878434,0.8895375364778114,0.18068284987970404,1.0,0.40268456375838924,0.8452380952380952,0.28859060402684567,0.7827380952380952,0.09312080536912752,0.5372023809523809,0.7869127516778524,0.8244047619047619,0.2785234899328859,0.9241071428571429,66,58,58,56,41,1,0,0,0,0
48b9b7a4-63db-4793-85c3-29e99c157f54,USE_COMPUTER,0.5575881203690731,0.0269674697559319,0.605311418852235,0.0,0.6253413836015176,0.0003241466234532716,0.646157021347602,0.000658809798865525,0.5679911539565494,0.0005179602537354984,0.5616178625139604,0.0008122430807861652,0.5540675680549577,0.0007710599421987024,0.7654639383095163,0.014446430881959191,0.6090678680214696,0.010033974684451762,0.6103552870714966,0.05608003513491702,0.5573217394725711,0.05144883867061391,1.0,0.15715495719853667,0.5580196822339981,0.1310485803086355,0.9308710557837575,0.3726535570621386,0.34926177665423996,0.27571860412360827,0.33672734142915034,0.3435184132080507,0.0902412696674129,0.27623909316655526,0.19215207850207802,0.34012907301391154,0.0,0.28889295368339923,0.17251565918239142,0.3100336716311415,0.013783571990589293,0.2712532841897269,0.20975386529226175,0.30575781019056697,0.06372582511394075,0.2704761832510784,0.8486134147682597,0.4821173760793439,0.5317551993235379,0.4586250045834305,0.7491485957889664,0.70675855243034,0.39900233885262854,0.6828530650841905,0.7067187093056878,0.9424783944564766,0.39151974732274347,0.9218274989650529,0.7463977655197667,0.9809039486180539,0.4101428381156503,0.9568771596687744,0.5568004978114851,1.0,0.2943729561181338,0.9885705149961516,0,0,0,0,0,0,0,0,0,0,0,0,0,0,0,0,0,0,0,0,0,0,0,0,0,0,0,0,0,0,0,0,0,0,0,0,0,0,0,0,0,0,1.0,0.6589349032923092,0.8381407991996178,0.3184282402272363,0.6379344853632937,0.1542046624310618,0.4578412721502138,0.19423413765039393,0.33843575136739823,0.3311672452776318,0.5638660969902665,0.0102267534501472,0.28591316774741765,0.0,0.1347882826399621,0.16875682734113506,0.061644864265094405,0.3531351010533962,0.5747333840604795,0.17944614299400208,0.2449838005329404,0.21642242775877066,0.08281479585562362,0.4347063009929342,0.0,0.6510860414682466,0.6017013118639617,0.42634239260124407,0.2958627024725181,0.46675185462250796,0.14356300553066545,0.6660524829653246,0.05675046269320061,0.8432061089001587,0.6383200745972203,0.7250176172518207,0.405075509142962,0.7807609113245164,0.27614074312400566,0.8895498031136524,0.18017566101903823,1.0,0.40268456375838924,0.8452380952380952,0.28859060402684567,0.7827380952380952,0.2785234899328859,0.9241071428571429,0.09815436241610738,0.5386904761904762,0.7869127516778524,0.8258928571428571,66,58,41,58,56,1,0,0,0,0
48b9b7a4-63db-4793-85c3-29e99c157f54,USE_COMPUTER,0.5576761427653391,0.026619415808765198,0.6057062862971561,0.0,0.624013230377282,0.00029995508588886955,0.6437121934364588,0.0004758523231079555,0.5698718012844217,0.000531979933207142,0.5634834221463987,0.0008375457762640846,0.5557251561041635,0.0008048030005046876,0.7662215493284553,0.01380302370917618,0.6076425772606387,0.01002319687397466,0.6099618416471292,0.05475063009804918,0.5571401924410466,0.05042698062433219,1.0,0.15543356344517964,0.5589371398613452,0.1308347215615667,0.9359336632665013,0.37190254643813303,0.3530004852236088,0.2755839605926066,0.34126127861599814,0.34298951321431503,0.09136996923553069,0.2755551854237017,0.19716288047360517,0.341409844610481,0.0,0.2881565853316613,0.1772861525893244,0.31090548042328675,0.01589764641319185,0.2705953161639622,0.21456019627786307,0.30680594062159733,0.06092305093661613,0.2699950052238153,0.8464699739009721,0.479609807106577,0.5307677891199252,0.459053355455213,0.7518658003051216,0.7061762693907266,0.4041737374957097,0.6818129190008252,0.7105395507702272,0.941905258437687,0.39355884028990185,0.9208609113737222,0.7505623096254253,0.9804336866814531,0.41220998239791823,0.9556668426974934,0.5602933934074569,1.0,0.2967241076635142,0.9872933182414653,0,0,0,0,0,0,0,0,0,0,0,0,0,0,0,0,0,0,0,0,0,0,0,0,0,0,0,0,0,0,0,0,0,0,0,0,0,0,0,0,0,0,1.0,0.6642687456791968,0.8334227062937408,0.32190750292281856,0.6387909018509259,0.15873212746660165,0.46981398532234364,0.20660715556723822,0.3580619258564848,0.3592230341358429,0.5600366749306925,0.025767314748975867,0.279841466821592,0.0,0.12890864912541652,0.17528313813814872,0.05703220664857985,0.3680101648547188,0.5714422929680404,0.19097862096522428,0.242240057784147,0.2144612394442029,0.08011842237423249,0.44164898411353853,0.0,0.6660728241650675,0.5987171458319727,0.4361669815582305,0.29205006934866046,0.465242948061567,0.1401688188443939,0.6718085252574512,0.054611452655474645,0.8552635751620675,0.6357496598430366,0.7338533213719172,0.4023649347705457,0.7829771100494923,0.2721554837034764,0.8905692501869265,0.175378014690829,1.0,0.40268456375838924,0.8452380952380952,0.28859060402684567,0.7842261904761905,0.2785234899328859,0.9241071428571429,0.22651006711409397,0.5148809523809523,0.0964765100671141,0.5386904761904762,66,58,41,63,58,1,0,0,0,0
12d22e7b-22ac-4d71-b9ff-dd37b9673f92,UNKNOWN,0.5183461106982161,0.027195376281874312,0.523005884916087,0.00504715108953174,0.5303815270481816,0.005466091305652477,0.5369963405278066,0.005851676273531245,0.47940566301442517,0.0026362984149407346,0.45591225209011244,0.0014355520231893854,0.43010008701497104,0.0,0.46444480368319574,0.011909185061086265,0.30926984609029734,0.00533756298302622,0.5095852760775628,0.05294528756499753,0.465834013218494,0.0478665681155225,0.3872466914885723,0.1688437135163677,0.048953740091452085,0.17273842801565162,0.5330126926625829,0.35514736786886386,0.0,0.401879559729443,0.8844536675837584,0.35912523649147543,0.5587414179383059,0.32341210404948456,0.975398917130449,0.3615250274765985,0.7146658416800391,0.3126390395866808,1.0,0.3401615440620915,0.7274863037356756,0.27886829727031115,0.9391549407637679,0.34321627215363903,0.679584742958074,0.27984917131140624,0.34706486158949834,0.49141534189108177,0.10471516929240927,0.505896284663559,0.5155681507186755,0.6904122423631479,0.3192884754314839,0.7173289066153881,0.47004537024746784,0.8791830363716433,0.17986194787629356,0.9267751894984404,0.42481227623256335,0.9199079224968684,0.049330653848385295,0.966878238495726,0.6451297296636579,0.9447163989163458,0.46718488865062063,1.0,0.0,1.0,0.226878936373592,0.866555015678322,0.4381010047528469,0.7048475094700758,0.6010013177161602,0.6176674226315579,0.7378935686565845,0.5276493902532842,0.41739128841678486,0.42103526160795884,0.6600388490388275,0.2370096100882848,0.8412612334501125,0.1137663053010884,0.9861793239021437,0.008869252948724655,0.3968959242402521,0.4350257407584061,0.6463138985848635,0.22696332903551394,0.8457640028525326,0.09522618941382462,1.0,0.0,0.36901319685635153,0.5207949324708974,0.6039582782758208,0.3253413381501734,0.7983839312827282,0.20781008151496594,0.9551541388974513,0.11401940480842906,0.3316101190707926,0.6770696462145853,0.497393193769314,0.5928552086186152,0.6336350599521922,0.52708164728545,0.751028592654408,0.4739922946970653,0,0,0,0,0,0,0,0,0,0,0,0,0,0,0,0,0,0,0,0,0,0,0,0,0,0,0,0,0,0,0,0,0,0,0,0,0,0,0,0,0,0,0,0,0,0,0,0,0,0,0,0,0,0,0,0,0,0,0,0,0,0
12d22e7b-22ac-4d71-b9ff-dd37b9673f92,UNKNOWN,0.4978406778498565,0.02584652917792029,0.5012468993085802,0.004489679758507625,0.5067194158608017,0.0044655758267069185,0.5104589071007398,0.004367608257741005,0.46010789342573444,0.0025312352997002466,0.43740042386662875,0.0013814817835643874,0.4125504415712351,0.0,0.4238896961211562,0.00975681208653368,0.2995270858027129,0.005006684911085815,0.4873065914173659,0.05030210429138461,0.44639062597078577,0.04656653901458169,0.3681939062142467,0.16026188317287793,0.03327298594738614,0.1638257381662845,0.49612415326436293,0.3377263756729577,0.0,0.3857503157947603,0.8554207441187958,0.28505460900933627,0.5420205319553693,0.3044345329453084,0.9665537002964013,0.2612416173085256,0.6947088286801939,0.29325953902520274,1.0,0.23410337132383047,0.7047447503134155,0.2611148499748914,0.9425385200767542,0.23965380546567133,0.656017767354008,0.26391957219309964,0.4015782440050025,0.47762567645941295,0.1817347954922933,0.49063704333755936,0.5170439318380794,0.7164242558833093,0.308599567041134,0.7410427542281087,0.5296352211268571,0.9168191048892065,0.2562361381968421,0.9413174866507851,0.5057291477537376,0.9590628979806528,0.17516582248237494,0.9780825124745405,0.709155495609151,0.95871576911666,0.5227096303685662,1.0,0.0,1.0,0.18707148340831792,0.8845051049710821,0.40574243327514703,0.6918514345499175,0.5833212528789367,0.5899846722831713,0.7260680479844226,0.4859237418651527,0.38439048031600753,0.45249761304648434,0.6400366273658747,0.27588353861743264,0.8306198774227029,0.14686513438273932,0.9822151407408678,0.047684929452262756,0.3490819569478339,0.45610090685942767,0.6276377922361993,0.24742593127768775,0.8345909872662003,0.11067123693577358,1.0,0.0,0.30678721387550983,0.5266435226678275,0.5543985005940153,0.3136687384081855,0.7353213901243357,0.18777587146666863,0.8799861896817194,0.07604083976865757,0.26565519666836795,0.6602660950172117,0.4384252806025073,0.5562578421940219,0.5734065594722915,0.4755711312147673,0.6908688920436269,0.40112013052337386,0,0,0,0,0,0,0,0,0,0,0,0,0,0,0,0,0,0,0,0,0,0,0,0,0,0,0,0,0,0,0,0,0,0,0,0,0,0,0,0,0,0,0,0,0,0,0,0,0,0,0,0,0,0,0,0,0,0,0,0,0,0
12d22e7b-22ac-4d71-b9ff-dd37b9673f92,UNKNOWN,0.4888928730057796,0.026344717384637863,0.4917084846777864,0.004693247267500839,0.4965354920906784,0.004530258297684846,0.49965181455855656,0.004308046564862892,0.45150898617437896,0.0027995038834937617,0.4283365660219397,0.0015313299991935472,0.4029141215615689,0.0,0.40984747400649035,0.009206369583059516,0.2891703486145392,0.003577275277542505,0.4761694397489687,0.05096743537604114,0.4356044092990049,0.048014991588355815,0.3582897806717023,0.1590701274044601,0.0,0.164451917642266,0.48482603053076195,0.33891119829759525,0.005801435925433765,0.3871288797417904,0.8764551092989592,0.2716601821717667,0.5745963628030674,0.30323361846360725,0.9753249388421573,0.24788255622631664,0.7257203706856845,0.2919479314033796,1.0,0.22183824928939508,0.7185487320389493,0.26087258099200633,0.9400693084176655,0.22883438046989774,0.6680580770120919,0.26481925547362445,0.3996753464622031,0.4826120683879557,0.1732874776949051,0.4956928784748802,0.5157996989924876,0.7216298019457559,0.29269979179628997,0.741389702269539,0.5338551283801148,0.9250742475820245,0.24855042560563267,0.9458891986991332,0.5116589056272519,0.9671878798886745,0.17044185200418324,0.9855562778054688,0.7098520845249545,0.9679606671888069,0.5165487941211782,1.0,0.0,1.0,0.17885161447951398,0.8336420731119992,0.4030182183624033,0.6311197133256928,0.5875093058327618,0.5330989051487186,0.7320192582320173,0.43688028109046795,0.36924863354833054,0.4233464507023772,0.6245023587545911,0.25954522421208537,0.8154863529350671,0.13327647123694603,0.9682437525885007,0.03818857462731363,0.34902204157520456,0.4417137919433575,0.6271916326889376,0.2408030677612853,0.8315538921046952,0.10921849981782725,1.0,0.0,0.32842513172887794,0.5313002109295277,0.5795112910770844,0.3145865236831562,0.7560409699263578,0.18559285715282828,0.8961271135254134,0.07273927798166546,0.3136737107936593,0.6855935551327348,0.485028729430864,0.5586526475075836,0.6102259662636161,0.45820286925579984,0.7191424119101039,0.373710307627664,0,0,0,0,0,0,0,0,0,0,0,0,0,0,0,0,0,0,0,0,0,0,0,0,0,0,0,0,0,0,0,0,0,0,0,0,0,0,0,0,0,0,0,0,0,0,0,0,0,0,0,0,0,0,0,0,0,0,0,0,0,0
12d22e7b-22ac-4d71-b9ff-dd37b9673f92,UNKNOWN,0.495660276292263,0.026376029218086593,0.4973299774847782,0.004425097541024167,0.5019085007141353,0.004086842988700955,0.5044450206890745,0.003728968383140319,0.46025412388187026,0.0027949914032843223,0.43875486800505675,0.0015267987013659998,0.4140326531540633,0.0,0.4113378199315247,0.008677049119417666,0.30097639893489925,0.0034147856620478263,0.481854320013765,0.050990070893355915,0.44330181911427075,0.04881029103619494,0.36812871421522264,0.15862107002553114,0.0,0.16396759496410443,0.46963228834330734,0.33819771661457837,0.01956130482480274,0.38677241593348555,0.8625825168196509,0.2736120466643427,0.5834528368257209,0.3013664853413174,0.9751163033732207,0.25057786243810604,0.7347004928928498,0.2896410661331463,1.0,0.22478119888859047,0.733801423019957,0.25925641227001467,0.9413489590055257,0.23325355686737972,0.6803392995776069,0.26349748620082275,0.41653386667206826,0.48552779851832945,0.19000809162885604,0.49798387334357225,0.5286809796251756,0.7227168379226381,0.2978092286891442,0.743781120458737,0.555136718879296,0.9320129299373842,0.2712331985256612,0.9565477460794063,0.5315044777244264,0.9740900074776777,0.20131170277213964,0.999629515380757,0.7332371986793348,0.9717138457940161,0.5380490726934487,1.0,0,0,0,0,0,0,0,0,0,0,0,0,0,0,0,0,0,0,0,0,0,0,0,0,0,0,0,0,0,0,0,0,0,0,0,0,0,0,0,0,0,0,0,0,0,0,0,0,0,0,0,0,0,0,0,0,0,0,0,0,0,0,0,0,0,0,0,0,0,0,0,0,0,0,0,0,0,0,0,0,0,0,0,0,0,0,0,0,0,0,0,0,0,0,0,0,0,0,0,0,0,0,0,0
12d22e7b-22ac-4d71-b9ff-dd37b9673f92,UNKNOWN,0.4997881006850041,0.026400237061679415,0.4989239479111728,0.003933828009319116,0.5030747643626685,0.003468228292909761,0.5054844362965788,0.003012780532680842,0.4647296039729629,0.0026308569398237345,0.4444536044112899,0.001417063053879852,0.420965159427909,0.0,0.40987161367944946,0.008407370016128408,0.3067223157177035,0.0036647861676466437,0.4839178950125895,0.05091566093870628,0.44927339876928335,0.049073425958447936,0.3849167105613029,0.1563687606964986,0.0,0.16331365890893515,0.47307088001115416,0.3362418204363799,0.022039387031536677,0.38580437064417944,0.8585268273092098,0.2685268924469056,0.5810105778471232,0.2970975177206896,0.9769610315864563,0.2428293807933851,0.7316610237141405,0.28577369573343087,1.0,0.2168245699263791,0.7325827266075375,0.25521764788857165,0.9403349416958725,0.22381867762099078,0.679777845276222,0.2592366223047519,0.4343565429248998,0.48648249031105806,0.19803108765108454,0.49861114738198903,0.5280382267940968,0.7245503636095639,0.2596161350713695,0.7432766119703605,0.5435195468249059,0.9355431798153186,0.258943665866033,0.9560963402037939,0.5177668256108618,0.9755007992490073,0.18747204849256416,0.9965654982058493,0.7175209255500795,0.9770069294652387,0.5243746154644041,1.0,0.0,1.0,0.10911522006694968,0.7549914652276857,0.286645263558255,0.5233789832215029,0.4213794846717363,0.36813580120666733,0.5088959917600395,0.18861768153106737,0.37695882145886045,0.424844446891691,0.6193946180395603,0.24890306543849852,0.7989714223617598,0.11674860572498368,0.9428442510447599,0.0028585587640705752,0.3881758456708315,0.4911222635632084,0.6431265547373867,0.29965782249246814,0.8423498061672136,0.13679312813171082,1.0,0.0,0.38522146075033725,0.5926097524522721,0.6290586175859845,0.3850189180897842,0.8149457953286416,0.2290528369268527,0.966389560196833,0.09700928992267575,0.36904723094331954,0.7355022929826079,0.5569783346680747,0.5646078331117701,0.7027509845193632,0.4405893319279146,0.8270548519618335,0.3346063385433464,0,0,0,0,0,0,0,0,0,0,0,0,0,0,0,0,0,0,0,0,0,0,0,0,0,0,0,0,0,0,0,0,0,0,0,0,0,0,0,0,0,0,0,0,0,0,0,0,0,0,0,0,0,0,0,0,0,0,0,0,0,0
12d22e7b-22ac-4d71-b9ff-dd37b9673f92,UNKNOWN,0.5067029506106073,0.026507917850301804,0.5054932724853904,0.003782819335859615,0.5093547331127166,0.0032918332606395894,0.5113050581565379,0.0028235503067556653,0.4724462800872988,0.0026316229121929186,0.45269354977058635,0.0014110541825951488,0.42967725220670827,0.0,0.4147112829449106,0.008187821540538546,0.31472914407790503,0.003519679916816877,0.49049534179053933,0.05052099834862885,0.45654021552960855,0.04931032432149688,0.402313183306216,0.15398139955047224,0.0,0.1623746927918634,0.48711273796938626,0.3342007258236619,0.026960824035765635,0.384416728670154,0.8617800157808164,0.267681395751702,0.585541754478257,0.2887101544309472,0.984300273033083,0.24181300384670232,0.7374789533116308,0.2744395471468153,1.0,0.21872292506100408,0.7389840770512224,0.24943130819104353,0.9450847240556597,0.22481814133533334,0.6860282741227081,0.253949100059408,0.46797077595639647,0.48549623573696044,0.20257308735528345,0.4963047910447672,0.5464523571641581,0.7232437201455943,0.24465149981848053,0.7383002154161254,0.5652297555520708,0.9330806256156842,0.2613090533356696,0.951042086197079,0.5464007445319833,0.9716203624424541,0.1993746852914106,0.989996227085311,0.7180698931036884,0.9796631743836396,0.5239190951097144,1.0,0,0,0,0,0,0,0,0,0,0,0,0,0,0,0,0,0,0,0,0,0,0,0,0,0,0,0,0,0,0,0,0,0,0,0,0,0,0,0,0,0,0,0,0,0,0,0,0,0,0,0,0,0,0,0,0,0,0,0,0,0,0,0,0,0,0,0,0,0,0,0,0,0,0,0,0,0,0,0,0,0,0,0,0,0,0,0,0,0,0,0,0,0,0,0,0,0,0,0,0,0,0,0,0
12d22e7b-22ac-4d71-b9ff-dd37b9673f92,UNKNOWN,0.5105119360589463,0.026907980961011484,0.5091808029221889,0.0038924824897546397,0.5127967469515571,0.003401015928617786,0.51457185286621,0.002941379613076275,0.4767737065815543,0.00273576777943552,0.45720951555480727,0.0014920577013831965,0.43434256190240206,0.0,0.4198407598193643,0.008233705710357015,0.3205730232583182,0.002884800255996443,0.49384366347760805,0.05069754399677435,0.4606493511300835,0.049578286593615455,0.4143950826032778,0.15154470558491837,0.0,0.16136212536405967,0.4923441616850595,0.33392330832975914,0.03391007543386897,0.3841410781021704,0.8637135933628874,0.2682769524173184,0.5875489528221155,0.28586310335233933,0.9856018439115999,0.24461285791535098,0.7385472578062876,0.27264446845656026,1.0,0.21932450462312905,0.740206827601377,0.2474049959044453,0.945223764859992,0.22612474378818465,0.6880273508768013,0.2513192795229885,0.47719647904236484,0.48490456080311417,0.206453398954858,0.496438144724936,0.5481783936014976,0.7219577453489722,0.23101839705187718,0.735769761356319,0.5598673959426183,0.9333674642005596,0.26396256809199725,0.9527776196722869,0.5369435715983503,0.971133353441364,0.19098311254530445,0.992731947851182,0.7193482955225491,0.9789968184195537,0.5078417056451509,1.0,0.0,1.0,0.12121913693180886,0.773926699443072,0.3025151717962262,0.5431053863462523,0.44550283699172877,0.39778041556252214,0.5361996418999262,0.24049561805109948,0.3734752250544091,0.4611104083330111,0.6138435793685747,0.2763908288113386,0.7951795312588011,0.1360170571891687,0.9418781492870154,0.022811303206219345,0.3740983741795388,0.51679730692519,0.6320581617677388,0.30279263625465447,0.8295951038663187,0.13855033555287408,1.0,0.0,0.36435462817955744,0.606960387129504,0.6099082041463145,0.3800258374729876,0.7928186609434522,0.21728973953441424,0.9506013499938128,0.077362978479915,0.3427054074707818,0.7352694615095717,0.5213926429373253,0.5678699028833493,0.6539082981730865,0.4463354637341375,0.7743698986595419,0.3430884759758038,0,0,0,0,0,0,0,0,0,0,0,0,0,0,0,0,0,0,0,0,0,0,0,0,0,0,0,0,0,0,0,0,0,0,0,0,0,0,0,0,0,0,0.4683333333333333,0.5748945147679325,0,0,0,0,0,0,0,0,67,0,0,0,0,1,0,0,0,0
12d22e7b-22ac-4d71-b9ff-dd37b9673f92,UNKNOWN,0.5146864342070204,0.027001953488129823,0.511676882470799,0.003940199688951461,0.5148191805191199,0.003451810326838036,0.5162357765101476,0.0029910790982711705,0.48096472261150114,0.0028094741891732953,0.462317789850143,0.0015461223440356314,0.4397607830731859,0.0,0.4219311819125077,0.008155683464713098,0.32518927981594004,0.002789223246422592,0.4974943292715092,0.05038205804894614,0.4660989295254426,0.04945334684360042,0.41881455861542904,0.14937383540368443,0.0,0.15981868741746935,0.49946915489762417,0.3311921468567076,0.03741231694056525,0.3818378038519036,0.8677248027682988,0.26452925178371445,0.5885656990817129,0.2818711094732989,0.989087221670701,0.24254728419360047,0.7322853325920169,0.26954760374258413,1.0,0.2166548744123179,0.7360813838040642,0.2426459939233506,0.9457279484298516,0.22258094393417074,0.6849632904312725,0.2475730037326201,0.481632490377434,0.4820870805788379,0.212846883127243,0.49279993822323653,0.5499637666474555,0.7213743590960348,0.2307020469223457,0.7337073713817817,0.5577892962859006,0.9330895383897122,0.26146129584505723,0.9521831372865478,0.5341688614935182,0.9701551211321776,0.1882534985912802,0.991143059561746,0.7157983303227164,0.9783468403820593,0.4959489110569998,1.0,0,0,0,0,0,0,0,0,0,0,0,0,0,0,0,0,0,0,0,0,0,0,0,0,0,0,0,0,0,0,0,0,0,0,0,0,0,0,0,0,0,0,0,0,0,0,0,0,0,0,0,0,0,0,0,0,0,0,0,0,0,0,0,0,0,0,0,0,0,0,0,0,0,0,0,0,0,0,0,0,0,0,0,0,0.4677777777777778,0.5759493670886076,0,0,0,0,0,0,0,0,67,0,0,0,0,0,0,0,0,0
12d22e7b-22ac-4d71-b9ff-dd37b9673f92,UNKNOWN,0.5186995402170912,0.027220027775789066,0.5150627284181505,0.0041197414330000955,0.518050641973785,0.0036495420384413373,0.5194212979971305,0.003207071311043854,0.4848485510844273,0.0029501975318575757,0.4663265359308767,0.0016460988131298893,0.44360971701860347,0.0,0.42560747059094856,0.008353585192919455,0.3287784913715533,0.0024685740452230903,0.5009929914169784,0.05057683151360944,0.46994900000566064,0.04969470153381404,0.42225481098526774,0.14940118750368264,0.0,0.15825569042539914,0.5015306947980701,0.33130940131896985,0.04318877945199652,0.38065304466111194,0.8686536471158188,0.2646802949023444,0.5894947981373291,0.27979561606307335,0.9888260372633936,0.24057154039685671,0.7246158354822694,0.2662624029605545,1.0,0.21404341265863847,0.7290534296357062,0.23951795004032686,0.9494181073098796,0.22383344378602252,0.6766910740510144,0.24445343500471695,0.4842601823024073,0.4824482387653459,0.21862305451726044,0.4923299794152512,0.5546018055377844,0.7212504902262041,0.23390371701893972,0.7341660103918451,0.5637561019161441,0.9340899184149554,0.2619200023584072,0.9536701390626812,0.540773177557402,0.971457668214905,0.19261040643795835,0.9928178297250362,0.7198468985740885,0.9775875548752402,0.4986953379031956,1.0,0.0,1.0,0.10930899772229116,0.7419642869086331,0.2993037282677913,0.507933046982954,0.45414287259076935,0.3647007834728299,0.5494088598925855,0.20220006447565375,0.36574348226837144,0.44990763394415767,0.6234279603778216,0.29097916045207867,0.8099048580251046,0.15967021104406415,0.9559867525570586,0.049497103277423224,0.3728212007147234,0.5066669431182941,0.6376220170510623,0.2983704514232131,0.8330415394359453,0.13930486684172297,1.0,0.0,0.37403386182357456,0.6000991212851255,0.6148655259241713,0.36353567363012645,0.7846488088801465,0.20195861519137365,0.9292047929722298,0.05792508785142241,0.3658155725253732,0.7377559797155848,0.5351457167230516,0.5656742053241908,0.6468594394467587,0.4397199455836184,0.7470880685475358,0.32926458962316524,0,0,0,0,0,0,0,0,0,0,0,0,0,0,0,0,0,0,0,0,0,0,0,0,0,0,0,0,0,0,0,0,0,0,0,0,0,0,0,0,0,0,0.4677777777777778,0.5738396624472574,0,0,0,0,0,0,0,0,67,0,0,0,0,1,0,0,0,0
12d22e7b-22ac-4d71-b9ff-dd37b9673f92,UNKNOWN,0.5233393866479524,0.027975376957230215,0.5198295741807044,0.00443200876473939,0.5228045559386346,0.004002425387575744,0.5241277950642124,0.0035918164009391927,0.4894006993524656,0.0032170821118734827,0.4707148123806222,0.001811180997028801,0.4477866176221431,0.0,0.4311415024355385,0.008525673977893644,0.33255219999473495,0.0021572452995710914,0.5055016462300735,0.05082935552569581,0.4742691753234466,0.05013954910020502,0.4281156701347787,0.14916111758366296,0.0,0.1571991338468592,0.5096177276692428,0.33155913519650204,0.04968896792973265,0.3802256682220639,0.8744983852702628,0.2621112383568495,0.5935564487150901,0.27729726082046374,0.9948673577090436,0.23845862848500607,0.7276983806802138,0.2618345218790998,1.0,0.21374162675627237,0.7301896072740577,0.2361550660233369,0.952060088241442,0.21905993406597768,0.6771658787457556,0.24111567828484212,0.4914667839079182,0.48316554758781116,0.22201470750700264,0.4931628681498183,0.558658013674296,0.7210494663948857,0.23116724271031594,0.7331871220255757,0.5660976055919397,0.9326746546998335,0.2634738750836165,0.9514068240323755,0.543227573954352,0.9696312100937406,0.1953300976487924,0.9900452725782346,0.7234637229752428,0.9775871164682228,0.5005011928502336,1.0,0,0,0,0,0,0,0,0,0,0,0,0,0,0,0,0,0,0,0,0,0,0,0,0,0,0,0,0,0,0,0,0,0,0,0,0,0,0,0,0,0,0,0,0,0,0,0,0,0,0,0,0,0,0,0,0,0,0,0,0,0,0,0,0,0,0,0,0,0,0,0,0,0,0,0,0,0,0,0,0,0,0,0,0,0.4677777777777778,0.5738396624472574,0,0,0,0,0,0,0,0,67,0,0,0,0,0,0,0,0,0
12d22e7b-22ac-4d71-b9ff-dd37b9673f92,UNKNOWN,0.5277172760947071,0.02786506777051853,0.5221881971789347,0.004386541995592203,0.5245038289713018,0.0039994031205142,0.5251481170138763,0.0036338653721841993,0.4922570041698034,0.003216579869666674,0.4736299535061124,0.0018243951632584774,0.4508147491188745,0.0,0.4316419167968921,0.00862886877638924,0.3356597726832903,0.0019973723178811132,0.507991569654765,0.05043925406601401,0.47833135363645607,0.04988029523953202,0.43054832706326124,0.14675013273467089,0.0,0.15613443761906645,0.5202764978514913,0.32961512400119886,0.05270845836607967,0.37907996350398643,0.8958132309947693,0.25686015536373036,0.5885845398113834,0.2757287000156084,0.9963983814331564,0.23987264948906956,0.7192562418992571,0.26142325492048496,1.0,0.21437156986297437,0.7189147906266503,0.23542625931675934,0.9527444047529386,0.21658378635449108,0.6679078471086349,0.23982125779741084,0.48980526469903823,0.48216180634556244,0.22373895785649206,0.49143778909619235,0.5541033650568922,0.7208366911595816,0.22173438108101018,0.7313668052616982,0.5575365658512927,0.9321798997618703,0.2588279451466918,0.9502555327245844,0.5341252571157353,0.968415908569156,0.1924375691866626,0.9876440763751355,0.7088498023061302,0.9765152233495679,0.4843983336997771,1.0,0.0,1.0,0.11262756649420137,0.767760452192927,0.31777300559962374,0.5291739490101196,0.4862282458556187,0.39358587083697016,0.6105352099486435,0.2556791912607732,0.3348851662115598,0.4203911145389093,0.5942066986908672,0.25077661052956024,0.778792941622167,0.11714638564250138,0.9191836595701208,0.0,0.3483957748487293,0.4848302652466183,0.6204974747421002,0.2880981456026394,0.8260566602745966,0.1358361788896007,1.0,0.0004084332128766345,0.3587994542974079,0.5906407287388398,0.607879911376537,0.3832568644077753,0.7827128910531592,0.23856369726736756,0.9288862686840352,0.10914289149982066,0.36025480309799024,0.7276026905451513,0.5403043079431227,0.5618195803296906,0.6637871845023869,0.44156329712721487,0.7682658193094436,0.3400790466850911,0,0,0,0,0,0,0,0,0,0,0,0,0,0,0,0,0,0,0,0,0,0,0,0,0,0,0,0,0,0,0,0,0,0,0,0,0,0,0,0,0,0,0.4677777777777778,0.5727848101265823,0,0,0,0,0,0,0,0,67,0,0,0,0,1,0,0,0,0
12d22e7b-22ac-4d71-b9ff-dd37b9673f92,UNKNOWN,0.5293271010110097,0.028036213810631948,0.5228597677470859,0.004639558030644465,0.5250413914610457,0.004345534568142154,0.5254762778200147,0.004077487532304779,0.49264876302081506,0.0033376492135426543,0.47391055488858624,0.001904304625407063,0.45086685942882787,0.0,0.433218788911162,0.009308941946991068,0.3364521914648439,0.0020384320490324103,0.5093208676398644,0.0505559845926639,0.47992232502608617,0.049924297270862186,0.4370182573047283,0.14622897492765194,0.0,0.1557755145905383,0.5295628611094895,0.3296405575045847,0.05741398928280441,0.37950377801149415,0.9002251576364724,0.2576402756727251,0.5848642241523411,0.2771032593142065,1.0,0.24118287839786504,0.7140715459979695,0.2637141480781007,0.9990452727375192,0.21484315779932067,0.711941052333966,0.23716720981313202,0.9534651368630636,0.215829094310361,0.6625874063989988,0.24150215589497648,0.48789614059707426,0.48307924264812696,0.2239607999953702,0.49234434628268925,0.5535678015084263,0.7205557154274047,0.22462077094788313,0.731432841882431,0.5561837497126744,0.9320083805395101,0.2593063854746158,0.9503599887425589,0.5326332487027997,0.9682939949626513,0.19678961720617202,0.9880214334712542,0.7074253137460668,0.9768701542831516,0.48415566841499597,1.0,0.0,1.0,0.11723920941205244,0.7961939054606746,0.329734347639259,0.5549260652574172,0.49079405275681626,0.39415579608112306,0.5793547472132913,0.20695846632545956,0.3607295291765813,0.458146314056769,0.6265971666692143,0.28011411087685895,0.8192902406174154,0.1655977709216536,0.9704841561406101,0.07402607556697371,0.36318504289399894,0.5074543629143802,0.637057833441184,0.2928951933249427,0.8362720520672513,0.13584466750296315,1.0,0.0,0.36720736373873303,0.5966368704337832,0.6172048160848674,0.36828918790446846,0.79488838728415,0.2086391316170574,0.9405581400088658,0.06913353366623745,0.37259140557460635,0.7283909273134749,0.5612765953833115,0.5540625534073085,0.6948895761892873,0.4339444570911413,0.8036769439023603,0.33455756434304945,0,0,0,0,0,0,0,0,0,0,0,0,0,0,0,0,0,0,0,0,0,0,0,0,0,0,0,0,0,0,0,0,0,0,0,0,0,0,0,0,0,0,0.4683333333333333,0.5717299578059072,0,0,0,0,0,0,0,0,67,0,0,0,0,1,0,0,0,0
12d22e7b-22ac-4d71-b9ff-dd37b9673f92,UNKNOWN,0.5280424084992578,0.0281779010142616,0.5215585421333739,0.004832828284239446,0.5237173301215591,0.004580140252508892,0.5241083507997448,0.004347545987329315,0.4910649759464055,0.003457604163935728,0.47220505876843716,0.001974509808700803,0.44894929429277775,0.0,0.43403832764083966,0.00962400262637815,0.3348944300156968,0.0019482630692562578,0.5077747272989094,0.05063415154397708,0.47826688706556897,0.05001017469865444,0.4369831881264085,0.14605984522132284,0.0,0.15539922578757112,0.5270245453936712,0.33032660039568074,0.06081474510759451,0.37951193984885406,0.8968693039137676,0.25857512881957184,0.5813370040604787,0.2782687242445819,1.0,0.2409276891726562,0.7100344281837672,0.2650446478935005,0.9973032786389614,0.2141663987002385,0.7066801829331791,0.23809050482140418,0.9524261534158209,0.21519209234587808,0.6583831944418628,0.24256439977868322,0.4836811573495427,0.4838433335392251,0.22338377559802536,0.4927840292048431,0.5535895407119488,0.7203040436565019,0.22593000102794095,0.7318631513038228,0.556942442248866,0.9313967103809134,0.25718388520027047,0.9500845473961322,0.5346689324665186,0.967861070667617,0.19556823075684449,0.9879300271636414,0.7045293452508792,0.9770860515156219,0.48186221694391584,1.0,0.0,1.0,0.11539330122538147,0.7901767845808606,0.33095976845667013,0.5519570472778227,0.49631826276405483,0.3906200466847255,0.5939674505532033,0.20217468966450122,0.3689194348017489,0.45656621010901194,0.6334295555010395,0.2723058300412393,0.8241185036796187,0.15346094749876005,0.9716955989904087,0.053653443952316374,0.37425720172716886,0.5076842503216945,0.6449334219712791,0.2933375416642099,0.8406101612473376,0.13813892347659001,1.0,0.0,0.3804834666080266,0.5989691901622173,0.630372563250928,0.3724962454520545,0.8068730846132237,0.21301830970771754,0.9505902770274764,0.07209217631981465,0.3869876783933991,0.7280167315836389,0.5779689792611782,0.5499197064342373,0.7148650326269839,0.43526812501517426,0.8268755166486382,0.3415379599538009,0,0,0,0,0,0,0,0,0,0,0,0,0,0,0,0,0,0,0,0,0,0,0,0,0,0,0,0,0,0,0,0,0,0,0,0,0,0,0,0,0,0,0.4688888888888889,0.5717299578059072,0,0,0,0,0,0,0,0,67,0,0,0,0,1,0,0,0,0
12d22e7b-22ac-4d71-b9ff-dd37b9673f92,UNKNOWN,0.5260830359882894,0.02817883378761284,0.5200256375195031,0.0048474902756503,0.522299319376415,0.0046132506246828395,0.5227907125903115,0.004408593193978448,0.4890209861536906,0.003465004605064724,0.4698755805299163,0.001977132894185191,0.4463184370555692,0.0,0.43550522527032753,0.009841365467717944,0.3326106263866019,0.001931951875029638,0.5057651013497112,0.050628855072441505,0.4756985845470252,0.0500167954665966,0.43549241987272996,0.14595073663444813,0.0,0.15449439897575154,0.5235131597173815,0.3298620422999983,0.06503232305056195,0.3789558824046787,0.8928288437238185,0.2580740706091425,0.5772480599265883,0.2786812533605179,1.0,0.23980504276266026,0.7056697178403017,0.26720961520270436,0.9958625203605822,0.2132950128786716,0.7024876322129464,0.23869294948659983,0.9510414017434048,0.21443334860674432,0.6543501383205643,0.24270186062255164,0.4800815937664661,0.48376906820614457,0.22109855167612633,0.4927283285336965,0.5476757201198853,0.7199397593018121,0.22508659789314464,0.7314829497645835,0.5502097412775199,0.9316667955830426,0.2546463550048171,0.9510058177871002,0.5278630976056357,0.9681827315052777,0.19298480233142865,0.9893180535136914,0.6972760580933008,0.9769136983567894,0.48144264050416297,1.0,0.0,1.0,0.10997644520045163,0.7708585684097774,0.32069398428191975,0.516942708918683,0.4862265699655038,0.3526257660710148,0.5855294439205833,0.15753347680037963,0.36671786420761243,0.4176750291027205,0.6292740716532538,0.24651148915741555,0.8181192968683867,0.14173337051821575,0.9669339972869655,0.053589936771824956,0.3703915369496177,0.478661704982358,0.6389886892320495,0.26969029710443543,0.8363099361834655,0.12821500077006007,1.0,0.0,0.3722521681744462,0.5821931588141352,0.6158765160796357,0.3584213352425273,0.7902873197013388,0.20894990169593589,0.9359156154465241,0.07203669093396492,0.37194557253576915,0.7260209539587331,0.5493145186932793,0.548366015792475,0.6745634697192586,0.43119409259868213,0.7803718145955527,0.33227606167695495,0,0,0,0,0,0,0,0,0,0,0,0,0,0,0,0,0,0,0,0,0,0,0,0,0,0,0,0,0,0,0,0,0,0,0,0,0,0,0,0,0,0,0.46944444444444444,0.5738396624472574,0,0,0,0,0,0,0,0,67,0,0,0,0,1,0,0,0,0
12d22e7b-22ac-4d71-b9ff-dd37b9673f92,UNKNOWN,0.5290480206773376,0.027958648423529138,0.522723244413915,0.004720246239442974,0.5247508693404249,0.004494717235858655,0.5250054790128725,0.004302692913555323,0.49210041163383383,0.003394656750519725,0.4724942406266519,0.0019413541372563844,0.4488039476538566,0.0,0.43810666272489873,0.009874719078319624,0.334223463908856,0.0019224472182916268,0.5083079225299908,0.05034287890268631,0.47804716164838135,0.04974260152148217,0.44051107429452274,0.14547919408215215,0.0,0.15371954690087578,0.5236170536755983,0.32892151465156255,0.0639567457851732,0.37762439376417195,0.8921243119463438,0.25856389784013506,0.5759694397048847,0.27868754078811964,1.0,0.2397347413627872,0.7065801885583051,0.26861257440967196,0.9966702316479823,0.2139600150389567,0.7040721049241555,0.2385992192855792,0.9514906147798017,0.21587245038641126,0.6549080250427117,0.24222464323469176,0.4792804133148819,0.48218544730395096,0.22036812723884283,0.4910682795655512,0.5477170185162766,0.7189176651712345,0.223480741632048,0.7297508849856341,0.5502246562490734,0.9312507660242488,0.2530249390397113,0.951104750646549,0.527627044541309,0.9674141574238304,0.19220633550019095,0.9897246776041694,0.6952401368292891,0.9772982558362313,0.47511223894426613,1.0,0.0,1.0,0.10574435916931699,0.7630080947358974,0.31902640216484973,0.5104535969124445,0.48943191065694136,0.3462133408876722,0.5838969049178849,0.1532362114616524,0.35873549526032017,0.4317304671722838,0.631416459254787,0.24688804245388862,0.8221831963600729,0.13839305748777095,0.9712199576366194,0.05127016671902347,0.3675927236530545,0.5037472512677826,0.6454110721826745,0.2778575595745636,0.843235032419719,0.12586879571870932,1.0,0.0,0.37789713790395213,0.6141761656868465,0.629471568392893,0.37764355113763853,0.8058983888470655,0.217103565498362,0.9467088212783921,0.08600867253062873,0.38636021065614806,0.7558102028452184,0.5765457352067417,0.5575705133958623,0.7086079165993387,0.4298947067271014,0.8136900608895308,0.3310244917650227,0,0,0,0,0,0,0,0,0,0,0,0,0,0,0,0,0,0,0,0,0,0,0,0,0,0,0,0,0,0,0,0,0,0,0,0,0,0,0,0,0,0,0.46944444444444444,0.5738396624472574,0,0,0,0,0,0,0,0,67,0,0,0,0,1,0,0,0,0
12d22e7b-22ac-4d71-b9ff-dd37b9673f92,UNKNOWN,0.5347419093091218,0.027667392027376333,0.5270083468662495,0.004636919447971308,0.5283906787637812,0.004442001151429771,0.5279605406265248,0.004281602826915003,0.49761661529029527,0.003344821284947569,0.4775175853544211,0.0019191681757710344,0.4539990910877743,0.0,0.4396800423712837,0.009941356752272508,0.3386078427479223,0.0019873090593052725,0.5125535413777048,0.050121655731983066,0.48301802140472677,0.049548470071678244,0.44362000062021995,0.14551328096151026,0.0,0.15357957290238708,0.5243328117982786,0.3291700837552924,0.06333103613985826,0.3775513559176282,0.8927274974505168,0.2593687638791233,0.5739385817176567,0.28067092598728305,1.0,0.23997814275199936,0.7075408703738119,0.2718280828725928,0.9975275981135497,0.21467403503735666,0.7056574543184597,0.24022620441703887,0.9520340201785653,0.2170357781034858,0.6551967625412151,0.24325431928433044,0.4778351691917575,0.4819768598025181,0.2199762799342567,0.4908278438608117,0.5519677369624975,0.718648277724102,0.2242597017009866,0.7294247530211595,0.552251409494407,0.9320653273576173,0.2530379063695471,0.9516393963498222,0.5295624036065566,0.9678899053563931,0.19246004433903185,0.9903599371993383,0.6956783833945261,0.9784502109373815,0.47488722817690365,1.0,0,0,0,0,0,0,0,0,0,0,0,0,0,0,0,0,0,0,0,0,0,0,0,0,0,0,0,0,0,0,0,0,0,0,0,0,0,0,0,0,0,0,0,0,0,0,0,0,0,0,0,0,0,0,0,0,0,0,0,0,0,0,0,0,0,0,0,0,0,0,0,0,0,0,0,0,0,0,0,0,0,0,0,0,0.47,0.5738396624472574,0,0,0,0,0,0,0,0,67,0,0,0,0,0,0,0,0,0
12d22e7b-22ac-4d71-b9ff-dd37b9673f92,UNKNOWN,0.5371365426550389,0.027479023426279774,0.5273752206076264,0.004462090630533921,0.5282431485329764,0.004268028669531084,0.5273503908542777,0.004114979497658278,0.49915080573384696,0.003247137413088028,0.4790964931536409,0.001846623318913056,0.4559841125208708,0.0,0.4383999706942104,0.00990046159503709,0.34041140897103445,0.0025081460651555127,0.5149602325890958,0.05001037626530484,0.48609692477937566,0.04948030400589082,0.4460779316882267,0.14596322158117678,0.0,0.15356423872997912,0.5244610092426252,0.3301429093553305,0.06234851275623011,0.3778672452096044,0.8905012331090175,0.2599606067662739,0.5722351248482865,0.2841377299807719,1.0,0.24024694819476808,0.7093661782349843,0.2759690183321533,0.9977646541335053,0.21538297691087718,0.7120789679685604,0.24527310553682935,0.9512742256415526,0.21783844590848053,0.6564865976952533,0.24740355633568709,0.47807891864308627,0.482057917966237,0.22091638380140294,0.4912995455300577,0.5677377105107965,0.7188732552191764,0.2348109133557963,0.7305043201027532,0.5686153253802779,0.9327232889358605,0.25970970009944705,0.9525286801376693,0.5472883487607197,0.9683602296107277,0.19923689149080456,0.991648534809459,0.7075559444684236,0.979840647372988,0.48103933784503683,1.0,0.0,1.0,0.1392304843992443,0.7470575991522858,0.3432988207819899,0.5046129600795813,0.5061741029751815,0.3427728039444661,0.6065520796776984,0.1493150166515289,0.3693006846773378,0.4037184810345573,0.631361711334748,0.2708563102806972,0.8239029871884391,0.1621375048657065,0.9784648770961268,0.06714742550062713,0.35950052762018114,0.47923357013104967,0.6224930990342475,0.2902096578867696,0.8235689687614202,0.13927679382379654,1.0,0.0,0.3456405760266634,0.60844916417975,0.5808943071414268,0.39484667618182606,0.7532671555127747,0.2510528848233208,0.9022683840075684,0.12033567968513473,0.3241642790460047,0.786817854980321,0.4831493948786796,0.6335501275896371,0.5955931325166737,0.5204961128411401,0.6980489536439638,0.41998278080532847,0,0,0,0,0,0,0,0,0,0,0,0,0,0,0,0,0,0,0,0,0,0,0,0,0,0,0,0,0,0,0,0,0,0,0,0,0,0,0,0,0,0,0,0,0,0,0,0,0,0,0,0,0,0,0,0,0,0,0,0,0,0
12d22e7b-22ac-4d71-b9ff-dd37b9673f92,UNKNOWN,0.538029492240006,0.02723166556755456,0.5271576585947226,0.00421838721148332,0.5277233314138547,0.004030535904396303,0.5264681580057905,0.003898122290904244,0.4994179038837513,0.0031522746765055816,0.4791929608470264,0.0018208899098680607,0.45616010641629595,0.0,0.43597284525924995,0.009908859779056365,0.34058188936611244,0.0027147658573781967,0.516000042906211,0.049918814830320755,0.4871557311499037,0.04945500129036522,0.4450764094593078,0.146913794178791,0.0,0.15358983343504656,0.5250759292654429,0.332244416780976,0.059754679847691845,0.37834041400050766,0.8871351005986695,0.2604530584691742,0.56917662258424,0.2857706995927406,0.9993602972933573,0.24114614494476716,0.7069799235057842,0.2782100503752215,1.0,0.2147789652381433,0.710238572428102,0.24617093996251063,0.9665942911507662,0.21821404533052985,0.6536619534119692,0.24830553839073632,0.4746700237256897,0.48220161771461956,0.21957592545835034,0.49123149436931135,0.5702643950755008,0.7188941459763474,0.24475220079128612,0.7309468503918904,0.5691163760391487,0.9329556351204138,0.25756648531382087,0.9523600541137552,0.5483212027878144,0.968488843134497,0.19650472221201748,0.9913229230521747,0.7055280040002817,0.9800728092916738,0.47837929902033227,1.0,0.0,1.0,0.14616141927962445,0.7866237859619147,0.3682522944644182,0.5111628815600334,0.5323288664737416,0.3303976767444098,0.6190839160449882,0.11355028326340436,0.38313003038609666,0.3760492992037135,0.6423494393164758,0.216269349529255,0.8299945208006788,0.11270617872856573,0.9837425237557883,0.02816014368729353,0.370885729667916,0.44370376741785655,0.6386487928663847,0.2509148110459607,0.8337118672777286,0.11497388961620214,1.0,0.0,0.35042978712237066,0.5752572404925255,0.5962657149241779,0.36274481218309634,0.7740490328696292,0.23207334816469222,0.926487276567556,0.11101724072578412,0.3233884672794781,0.7721041674563442,0.48580656756393525,0.6272534966921016,0.6041517062258496,0.5163601745940571,0.7060584516848339,0.4184855977397242,0,0,0,0,0,0,0,0,0,0,0,0,0,0,0,0,0,0,0,0,0,0,0,0,0,0,0,0,0,0,0,0,0,0,0,0,0,0,0,0,0,0,0.4711111111111111,0.5738396624472574,0,0,0,0,0,0,0,0,67,0,0,0,0,1,0,0,0,0
12d22e7b-22ac-4d71-b9ff-dd37b9673f92,UNKNOWN,0.538264776774179,0.0270354231359471,0.5272544830657284,0.003992750000850679,0.5278992591491556,0.003815017480064639,0.5266188574909272,0.003700769338085634,0.4991841819397862,0.003036280382784888,0.47875511347439736,0.001775633741862268,0.4557050938370711,0.0,0.43462444220256985,0.009937174798351534,0.3407848603272501,0.0028067158045122693,0.5166163472385913,0.04988728703651754,0.4871281636418935,0.0494522736349632,0.44436437749396696,0.14798954527617267,0.0,0.15361662731255055,0.5232656424457724,0.3344634832076399,0.05581068177928962,0.3787326500100855,0.8754763076871916,0.267797407400051,0.5672665327233068,0.28884177666998734,0.9960041291112217,0.24406995760929026,0.7063887456332126,0.28075360171471525,1.0,0.21516492050663738,0.709666859552693,0.25016865201911187,0.9650668174045576,0.22390166881024537,0.6522198548070942,0.2529619251201653,0.4720032656156638,0.48219833920591865,0.21761711716461893,0.49103071963391215,0.5762987542865808,0.718983597883891,0.2651479835319859,0.7312212653558405,0.5736048222287726,0.9332860487805341,0.25741725443340746,0.9522861775297823,0.5512368502587892,0.9691114173203111,0.1927988175311024,0.9912025567527398,0.7141201442812027,0.9798905860876269,0.48117363754087666,1.0,0.0,1.0,0.16107935906337387,0.7772834544512119,0.38849696475549245,0.49313170288321445,0.5473683665734542,0.307517625584611,0.6387330481753498,0.09991222481141701,0.3962017243246342,0.3712689975360569,0.6514150672977087,0.21728294948396804,0.8314722687576837,0.10922887046253514,0.9790817350260209,0.018061490158336933,0.38098847689965537,0.4399735040716697,0.6453732427112727,0.2595509356003392,0.8360502168941772,0.12113347323896387,1.0,0.0,0.3576819076495805,0.5749408519985564,0.5997422590117779,0.3722618522495548,0.7717781978355172,0.24564131582582194,0.9210052137410901,0.1209017823858514,0.32689591308945215,0.7762059434644615,0.4782564383491837,0.6525446636101296,0.5874368586334074,0.5590225022315096,0.6842971482078363,0.47031683724163126,0,0,0,0,0,0,0,0,0,0,0,0,0,0,0,0,0,0,0,0,0,0,0,0,0,0,0,0,0,0,0,0,0,0,0,0,0,0,0,0,0,0,0,0,0,0,0,0,0,0,0,0,0,0,0,0,0,0,0,0,0,0
12d22e7b-22ac-4d71-b9ff-dd37b9673f92,UNKNOWN,0.5388837789500999,0.026887334536266797,0.5273524797293089,0.003850391442697046,0.5280076443318737,0.003684285845693183,0.5266713945626589,0.0035843870591196945,0.4992588338706916,0.002947929209141992,0.4788008052133852,0.001709684788218183,0.45583082809777975,0.0,0.43379577891434734,0.009997386646160527,0.3412948941795764,0.0033136345403254625,0.5181216305710709,0.04981137093115848,0.48790730269995636,0.04940902582321808,0.44405518286985896,0.15018995656831258,0.0,0.1535518737086247,0.5298907956579704,0.33505171644148357,0.05325480445196861,0.3794157200014375,0.8701990883670575,0.2703925606850507,0.5657845202279557,0.2947788644555676,0.9937008560210426,0.2461431219121603,0.7096424219080161,0.2877980373563297,1.0,0.21554000556659503,0.7137774222390061,0.2542456168207992,0.9648556255305266,0.22851392893657924,0.6532470953186846,0.25707265652892974,0.46986033340884187,0.4820266018430144,0.2152602851988272,0.4909178015789706,0.5776753555488582,0.7196019610550234,0.26788595733888537,0.7321550809414116,0.5764992099534966,0.9349203968701123,0.2570999860621105,0.952471008207854,0.5544424858156137,0.9705085408120868,0.19120901834522336,0.9912013097651861,0.7138387601255695,0.9817279886516402,0.4794053576800425,1.0,0.0,1.0,0.14965636106625188,0.7207966955707416,0.34985408525607026,0.4590208411107042,0.5058556169446619,0.2885177316971752,0.5907727654352113,0.06444373764327777,0.3791095751942557,0.34038497365906323,0.6360832376027964,0.17207853615653962,0.8267994764352247,0.0697423851422524,0.9820086050455344,0.0,0.363779211687767,0.44509630716854587,0.6332668174571274,0.2399536439181373,0.8341471419975217,0.1150769897731853,1.0,0.025066569572020875,0.3373480698900308,0.5919758075655902,0.5829728077707034,0.37947595809534873,0.7674084891382508,0.26582634462034976,0.922030153335347,0.16763277255980635,0.30437593599888374,0.7892739223663137,0.4522108402643828,0.653036344613266,0.5683218734168786,0.5549171519628018,0.6691473362333938,0.46416860466351817,0,0,0,0,0,0,0,0,0,0,0,0,0,0,0,0,0,0,0,0,0,0,0,0,0,0,0,0,0,0,0,0,0,0,0,0,0,0,0,0,0,0,0,0,0,0,0,0,0,0,0,0,0,0,0,0,0,0,0,0,0,0
12d22e7b-22ac-4d71-b9ff-dd37b9673f92,UNKNOWN,0.5371178018331639,0.02665267717157401,0.5260409284969857,0.0036645510735368887,0.52700675365068,0.0035126313257590625,0.5259870426901398,0.0034238046885635286,0.4975626135818731,0.0028047764509858374,0.47696253722880216,0.0016511571832079793,0.4538526514878662,0.0,0.4343786103629755,0.010077636556990567,0.3402182842781367,0.0035192352426924645,0.5172530886086406,0.04967992257994867,0.48622321393878865,0.04929135918002287,0.4441625583377876,0.15139020854635826,0.0,0.15324082774760264,0.537710434374157,0.33518925807662503,0.05201411006532318,0.37994400313429016,0.8695598297787442,0.2707653989156329,0.5628766648515463,0.2955063212238126,0.9893151347751943,0.24786997480724324,0.7072312860103873,0.2896625665371818,1.0,0.2167297383573587,0.7107005744961816,0.2548849163670271,0.9599791003230143,0.22802469034500425,0.6505443078830148,0.2577226234277512,0.47277725778468993,0.4814353712315781,0.21417236800398845,0.49033760943545507,0.5904921388512548,0.7195401894315777,0.27742361714713176,0.7325945118879896,0.5925873392624792,0.9359599589094006,0.2677007917094237,0.9524148635979741,0.5709727846615165,0.971801907404978,0.19746387118085737,0.9909775467812875,0.7304798943036579,0.9826917268837451,0.4936692527029466,1.0,0.0,1.0,0.16617126045041353,0.7482721017822097,0.3741688798055058,0.4822580233468332,0.5267719615428526,0.29496151402738546,0.6013329365591821,0.06597990334547187,0.3681203198898016,0.35510045491157016,0.6236653322328465,0.17534019104017062,0.8125691313453451,0.06966117029121147,0.9655278125579019,0.0,0.35022168819915067,0.4602767756866215,0.632759695232534,0.25642449148600666,0.8335397681865737,0.1395860985377032,1.0,0.0639563409681335,0.3296785193586483,0.6226283054827622,0.5822600779698639,0.402962597420277,0.7725518379813928,0.28605968303667656,0.9351528797006975,0.19984415591782095,0.30637514996004184,0.8466963607074386,0.4529068385522235,0.6994286662355784,0.5649165557757777,0.5979796991457645,0.6664184956644937,0.5248194817865206,0,0,0,0,0,0,0,0,0,0,0,0,0,0,0,0,0,0,0,0,0,0,0,0,0,0,0,0,0,0,0,0,0,0,0,0,0,0,0,0,0,0,0,0,0,0,0,0,0,0,0,0,0,0,0,0,0,0,0,0,0,0
12d22e7b-22ac-4d71-b9ff-dd37b9673f92,UNKNOWN,0.5368439036864153,0.02643645578465057,0.5266163060000073,0.003579348924617977,0.5281363687160383,0.0034435785051681765,0.5276920461385192,0.0033550196803322115,0.49712733578143947,0.002726434976342976,0.47604979751449356,0.0016413198882412354,0.45248904948186175,0.0,0.4378312218394742,0.010195113435794823,0.3383246988625017,0.0036461215862921737,0.5176380994846765,0.04956988002321378,0.48522058862658557,0.0492026303840057,0.4456405888562531,0.15149672622105065,0.0,0.15291710890039628,0.5368534264849754,0.33512728162837635,0.049644533535515414,0.38075524073423506,0.869239876214822,0.2727439335276571,0.5646024133572374,0.2954975486956843,0.9911667640886304,0.2503394112146505,0.7098644149542668,0.2904852082138127,1.0,0.22012205235585858,0.7128298144258635,0.2549045172694554,0.9611921311435004,0.23648103800792467,0.6537331190890379,0.2578180679939526,0.4837085922810996,0.4798397788400837,0.21228205745104373,0.4889436062545889,0.6098314492663104,0.7192832207935764,0.2905453454661256,0.7325210591995421,0.6205500872596439,0.9358589248723299,0.2875559709487424,0.9522913288064264,0.6007589110287731,0.9716562709517521,0.2150187977242752,0.9909134591098737,0.7543029465499321,0.9836991635260507,0.5134572548180459,1.0,0.0,1.0,0.1633472770964396,0.7306658569226857,0.3603128582842722,0.4641062914049938,0.5092555426648041,0.27861956254368936,0.5945510060224005,0.049399710104242954,0.38128161722359516,0.33087862317581773,0.635174324860594,0.16267793637580275,0.8214100627279646,0.06584566594725454,0.9701949218195738,0.0,0.36735239731302444,0.4305994282688665,0.6437424169880713,0.24209839501145825,0.8404219398397315,0.13580282085526196,1.0,0.06445177599368511,0.3464094367382369,0.581059634308871,0.5931434776043639,0.38072721309561697,0.7818182990834751,0.27354499707463775,0.9383358385568699,0.19235472901139433,0.31958596660022326,0.7836559106909831,0.4678669988079638,0.6510522270970539,0.5830468323781616,0.5649889030794824,0.6839135056714669,0.503133125523751,0,0,0,0,0,0,0,0,0,0,0,0,0,0,0,0,0,0,0,0,0,0,0,0,0,0,0,0,0,0,0,0,0,0,0,0,0,0,0,0,0,0,0,0,0,0,0,0,0,0,0,0,0,0,0,0,0,0,0,0,0,0
12d22e7b-22ac-4d71-b9ff-dd37b9673f92,UNKNOWN,0.5303602847690458,0.026059594683289302,0.5205468064883128,0.003273424140045401,0.5222710654547602,0.0031175721470970363,0.5219885918551774,0.0030051213510971027,0.49075458894241214,0.002509363958563735,0.46953564014534854,0.0015451141543644448,0.4457587174027138,0.0,0.43228567385275046,0.009936942092423653,0.3320970238314117,0.003871361139112369,0.5121903794060588,0.04927979691039269,0.47874082517948496,0.049001153931664945,0.4415155962198681,0.15130770132701896,0.0,0.1520015290469386,0.5313766325804047,0.3335148172997388,0.048872445619653475,0.3792981416293527,0.8827180757474965,0.27202441940795463,0.5617266658420889,0.2988661326403862,0.9868739476883408,0.24952463959288237,0.7082604863448808,0.2906950761327276,1.0,0.21918275733432668,0.7120432925613057,0.2546211604344516,0.9573610837180434,0.23919959045357012,0.6548902475850458,0.2574319177606954,0.4781699722206436,0.4776802075016845,0.2071904295493014,0.48667859747794984,0.6024978020545357,0.7179067690440741,0.2802306366297501,0.7318404951304754,0.6114130477174239,0.9352525507567535,0.27881860292011956,0.9516335405199163,0.5920335759151978,0.9709313115190158,0.20761753854622483,0.9903476841991699,0.7436128094813071,0.984393154321221,0.5040998229386392,1.0,0.0,1.0,0.172498050213232,0.7449133937814487,0.3708015471576861,0.4683993461168053,0.5165569707328332,0.26835230316200814,0.5987146492722053,0.033290869781215565,0.3790272336561104,0.3359755099095499,0.6390039568980213,0.16036096794695665,0.8272967884711409,0.06353782447843379,0.9760870155515294,0.0,0.3647496654814578,0.43716504444795995,0.6456407746046496,0.23477487378888676,0.8415423001902268,0.1245625282743423,1.0,0.05388430486055025,0.3456130929124308,0.593636295513018,0.5978468621632752,0.37737469782880806,0.7866948361198565,0.27363804401222286,0.9435934607847722,0.19977019724736267,0.32230767258064275,0.8079911964452734,0.4687917205340832,0.675139949321277,0.5846279112918676,0.5980595821919519,0.68790023427612,0.5471831122730767,0,0,0,0,0,0,0,0,0,0,0,0,0,0,0,0,0,0,0,0,0,0,0,0,0,0,0,0,0,0,0,0,0,0,0,0,0,0,0,0,0,0,0,0,0,0,0,0,0,0,0,0,0,0,0,0,0,0,0,0,0,0
12d22e7b-22ac-4d71-b9ff-dd37b9673f92,UNKNOWN,0.5319547340162576,0.02558790406256877,0.5219265077937368,0.002829617682608239,0.5237394658604032,0.002649605475792196,0.5234520977395374,0.0025128596546638887,0.4916958982469702,0.0021846519477923807,0.47028371535524816,0.0013843666872202526,0.44598369629660795,0.0,0.43278655687886314,0.0095569346714625,0.33075188835287905,0.004318972604741456,0.5147000645791885,0.04899652629353733,0.48008119328994314,0.04887704367161761,0.44134311680609767,0.15088101140906313,0.0,0.1514904259893444,0.5298555312381111,0.3326112218559354,0.04489879738463554,0.37904662642304876,0.8910043498973119,0.272919217430802,0.5622211803224286,0.29910098737025526,0.9891198924402917,0.2543923756883627,0.7093245619026376,0.2902411036339606,1.0,0.22394872388401646,0.714110847590475,0.253876489810643,0.9589699436874194,0.24223778279352104,0.6563885005793141,0.25674726524615893,0.4834947850493758,0.47627095426728255,0.20849888408937192,0.48565582844526306,0.6099022695621944,0.717321025013883,0.2848455612606653,0.7319521775486143,0.6218404040813688,0.9354229437495011,0.2850459774950768,0.9531435783234206,0.5999676233415037,0.9712261882889649,0.2116841990616274,0.9925757207567958,0.7652306929599135,0.9833871267889951,0.5195569003764489,1.0,0.0,1.0,0.1575099809006198,0.7291014794094228,0.3538481968352672,0.45555333067696313,0.5067971760069646,0.2658237747829563,0.5880249964854024,0.04288150094355078,0.3693391332538793,0.3221711848557234,0.6294801845321356,0.15315727127405313,0.8172657803574985,0.060072396200986096,0.9652895008307062,0.0,0.35476551606718204,0.4229305426613728,0.6392401940873897,0.22985894943929688,0.8386682883891422,0.1253355015786525,1.0,0.05677553065039943,0.3341716436706271,0.5798930305340989,0.5890565633208069,0.3659331983573654,0.7795251231592875,0.2653450887827689,0.9385666896274675,0.1907995202352708,0.3091766420032798,0.7981738466195667,0.4611715794990836,0.6725625949365809,0.580603724397687,0.5975882316058162,0.6883017501768427,0.5463897299604173,0,0,0,0,0,0,0,0,0,0,0,0,0,0,0,0,0,0,0,0,0,0,0,0,0,0,0,0,0,0,0,0,0,0,0,0,0,0,0,0,0,0,0.47444444444444445,0.5770042194092827,0,0,0,0,0,0,0,0,67,0,0,0,0,1,0,0,0,0
12d22e7b-22ac-4d71-b9ff-dd37b9673f92,UNKNOWN,0.5326319003726748,0.025573495934191635,0.5231985532024005,0.0028442901392201855,0.5251501638127671,0.002658448608424551,0.5249194043661015,0.002505055911795631,0.4925347743853864,0.002152534616188595,0.47122164737380057,0.0013854035661603882,0.44663277131800716,0.0,0.4342948479043785,0.009352371047253694,0.3306310888329923,0.0042012270489184015,0.5156412094517764,0.049175744906506405,0.480288434681941,0.04900520124649654,0.44259948772752966,0.15027554846193464,0.0,0.15121926543665806,0.5313293639933243,0.33042836098287126,0.044791578709082604,0.37869688892465403,0.8813100993486361,0.2726239368287831,0.5606133115797645,0.2956178982998536,0.9887184395530918,0.25395044102963066,0.7072197047640462,0.2870453342445292,1.0,0.2225594467422519,0.7116384500143367,0.2511948529130916,0.9581891110231402,0.24100150310451657,0.654326736812213,0.2538457610117539,0.4974319151340787,0.4748427057056238,0.20954279757969232,0.4852510142552401,0.626460199030304,0.7170535784366339,0.2842149118644615,0.7318708279727126,0.6570304814552269,0.9355272812833991,0.3100329673228985,0.9543117260732503,0.6388540402620667,0.9716450810785673,0.24199605908769461,0.9943483041497042,0.8003196091468274,0.9830001228068119,0.5521138032233979,1.0,0.0,1.0,0.16711120719216377,0.7445686572058229,0.35708891804451864,0.47523836395016916,0.4984654779121256,0.28436863737922935,0.5787749914272509,0.07427219879464479,0.36988654152937844,0.32750418773242235,0.627220342015416,0.1536821542864841,0.8150641837997405,0.05820820973485744,0.965813740253157,0.0,0.34897499739090243,0.4186652127164721,0.6336525129336693,0.21875595751008486,0.8353379899512472,0.11292579516078605,1.0,0.04664841603310533,0.32299546762482667,0.5658363645144645,0.5809640242720617,0.3583192894962266,0.7734349141979634,0.2591056172806556,0.9349205343431783,0.18533035426055702,0.292493999075634,0.7741503160816551,0.45220207833256304,0.6470917183301941,0.5780317713535998,0.5681621764515989,0.6891837997405812,0.5133200393481626,0,0,0,0,0,0,0,0,0,0,0,0,0,0,0,0,0,0,0,0,0,0,0,0,0,0,0,0,0,0,0,0,0,0,0,0,0,0,0,0,0,0,0.475,0.5770042194092827,0,0,0,0,0,0,0,0,67,0,0,0,0,1,0,0,0,0
12d22e7b-22ac-4d71-b9ff-dd37b9673f92,UNKNOWN,0.5338157309708402,0.025188471705090976,0.5246621278703357,0.0025058068143695247,0.5266155548129853,0.0022541439334876887,0.526360470844652,0.0020363108231041204,0.4939926485544274,0.0019540518915909305,0.47299268896432695,0.0012805176441532586,0.4482198988377335,0.0,0.43471780730136433,0.008741100540714133,0.3302627821387342,0.00406813782801865,0.5170471443755534,0.048744019241447265,0.48112156013548196,0.048558132109237234,0.4437798822612207,0.1486206671464254,0.0,0.1499346515385977,0.5291378764919045,0.32586596093526876,0.04181984996260816,0.3760958704299382,0.8960043063313858,0.26581454694456097,0.5633664703902802,0.28859783774196174,0.9923381252410434,0.24911747518297386,0.7085634663961251,0.27780194166595706,1.0,0.21941203250566071,0.7124411259607003,0.24505013207984222,0.9581249738984174,0.23598669701181382,0.6567409545652394,0.24795592098641095,0.5025446682970023,0.47182850880873556,0.21133334802442652,0.4834730533270309,0.6455989815127245,0.7141751732399687,0.29583783107162825,0.7320030698358215,0.6929464210383518,0.9351032759217207,0.33791180688779693,0.9569491445635279,0.6738688905600164,0.971861794045515,0.27394490851328374,0.9974063319342349,0.8443921288729747,0.9808323346045301,0.5769461128635531,1.0,0.0,1.0,0.14658237020978793,0.8148585174978494,0.3409852514289838,0.5771346716504643,0.4992346809236059,0.4422530368430535,0.6272050409881913,0.35444786171230497,0.3864515806349266,0.36312763749216526,0.6489726321592841,0.17931774754679922,0.8312888553583216,0.07175881870801899,0.9720373141252053,0.0,0.3731901225159583,0.40076304884578395,0.6423335034890838,0.19459775627605772,0.8378577327388954,0.08217429588633693,1.0,0.01399218934370694,0.36320718517972683,0.5172377479528113,0.6096643630097943,0.30476023721252443,0.7947371857257015,0.20527270051284394,0.9533875057317798,0.13981214331209382,0.35306541884086134,0.7006403570875742,0.5189600212891952,0.6060903072242226,0.6441210933696909,0.5430296617158575,0.7552338165273031,0.5036255604869099,0,0,0,0,0,0,0,0,0,0,0,0,0,0,0,0,0,0,0,0,0,0,0,0,0,0,0,0,0,0,0,0,0,0,0,0,0,0,0,0,0,0,0,0,0,0,0,0,0,0,0,0,0,0,0,0,0,0,0,0,0,0
12d22e7b-22ac-4d71-b9ff-dd37b9673f92,UNKNOWN,0.5400610813955063,0.024718683794772194,0.5302859775998303,0.002278418592508693,0.5321970789231233,0.002023629924023133,0.5318654540314572,0.00180842292440472,0.499020757763449,0.0018176293273856712,0.47805740059926827,0.0012016603738002893,0.45285139392481716,0.0,0.4374815347179311,0.008496317614726148,0.3323246647699308,0.004154824254849185,0.5227907520666112,0.048227184940373195,0.48654727217950083,0.04814862754423638,0.44876409713008436,0.14758340913141477,0.0,0.14930301274553193,0.5314158570997363,0.32396663599559705,0.03692684893308751,0.37426256418925036,0.902601735023481,0.26402423484920245,0.5655613322861409,0.28659536389001683,1.0,0.24748230288925072,0.7129783704780457,0.27475205944889103,0.9966677471244172,0.21919659728218382,0.7147098845194334,0.2425572095849953,0.9395139517655539,0.23392375370420895,0.6587498701821725,0.24639880112695756,0.5202917338809125,0.46798613120871707,0.23306342466087754,0.4804324061788373,0.6749503348571197,0.712729890821443,0.30419987893005074,0.7313062619216566,0.7208938142469643,0.9330421243170891,0.34830358892779817,0.9554122371195679,0.6997795626129458,0.9698510044342025,0.28549239408994376,0.9951697463290006,0.8743428588706315,0.9794850067179377,0.5885904576051985,1.0,0,0,0,0,0,0,0,0,0,0,0,0,0,0,0,0,0,0,0,0,0,0,0,0,0,0,0,0,0,0,0,0,0,0,0,0,0,0,0,0,0,0,0,0,0,0,0,0,0,0,0,0,0,0,0,0,0,0,0,0,0,0,0,0,0,0,0,0,0,0,0,0,0,0,0,0,0,0,0,0,0,0,0,0,0,0,0,0,0,0,0,0,0,0,0,0,0,0,0,0,0,0,0,0
12d22e7b-22ac-4d71-b9ff-dd37b9673f92,UNKNOWN,0.5428501480197196,0.024409070866381628,0.5329940858943351,0.002182590009219646,0.5351427380543627,0.0019865474116513224,0.5349409877505236,0.0018390174473126974,0.5001336909926772,0.0017374612102779013,0.4792496785104339,0.00116321927998288,0.45341718575576595,0.0,0.43996743206306993,0.008672990527976716,0.3320182244728031,0.0042528724913107165,0.5252021372965654,0.04816912902295137,0.48920364551146417,0.048009060769348064,0.4574872639408632,0.14760278211358352,0.0,0.1493266797072036,0.5477280271099401,0.3215455121102639,0.023648654244933207,0.37364741617741054,0.9013366757319118,0.2624467348522403,0.5522776906718874,0.2856546395600701,1.0,0.247441293049164,0.6913104967450056,0.273658348120426,0.9938141711766789,0.21912553927948683,0.6949356046959839,0.24214517434789057,0.9350456557167622,0.23380643078505461,0.644929404244262,0.24595665804398878,0.543344927502125,0.4663249820091661,0.24721101053996825,0.47937015407692385,0.6932296379421721,0.7121892336424761,0.30935810102012423,0.7304106880518062,0.7330608142932437,0.9321523872819757,0.3485424425918425,0.9541689982692961,0.7132640371686664,0.9688562956298155,0.2877230656061486,0.9934801677025484,0.8713026129463262,0.9795750877277442,0.5760392154152312,1.0,0,0,0,0,0,0,0,0,0,0,0,0,0,0,0,0,0,0,0,0,0,0,0,0,0,0,0,0,0,0,0,0,0,0,0,0,0,0,0,0,0,0,0,0,0,0,0,0,0,0,0,0,0,0,0,0,0,0,0,0,0,0,0,0,0,0,0,0,0,0,0,0,0,0,0,0,0,0,0,0,0,0,0,0,0,0,0,0,0,0,0,0,0,0,0,0,0,0,0,0,0,0,0,0
12d22e7b-22ac-4d71-b9ff-dd37b9673f92,UNKNOWN,0.5521371359742059,0.024556264934143212,0.5427511355800665,0.0022200236523218122,0.545187118155798,0.002032743536452011,0.5452374412037365,0.0019050827479526985,0.5084620518812114,0.0017431471970122724,0.4870384313646552,0.001171614556261026,0.46059129812698196,0.0,0.4479289780991203,0.008853597130455922,0.3368964364977218,0.004295522707714049,0.5342347405913398,0.048362842718313044,0.4971732618491545,0.04819416555218323,0.4621012209354754,0.14636116923447298,0.0,0.14959945035318248,0.531747278115993,0.3201206143350579,0.008560644565362438,0.3741613626113539,0.8957178036176024,0.2634345344221009,0.555723144801794,0.2861201672389549,1.0,0.24771437750074843,0.6929763080825583,0.2736069868927368,0.9915650473693164,0.224268368654186,0.6980480615185958,0.24252642126926832,0.9238771930220326,0.2360050712578955,0.6478100421782337,0.24655134140555446,0.5422720833007246,0.4656517246419518,0.24617427704434344,0.4794346735534057,0.6884178497354946,0.7126476609135611,0.3092112405955912,0.7308888692611268,0.7210190868379721,0.9322579838310665,0.34624935093390613,0.9541668653326215,0.7004252760291483,0.9687182802120111,0.28391679436863115,0.9932425175887764,0.8642207814405822,0.9797885204167374,0.5813218430197392,1.0,0,0,0,0,0,0,0,0,0,0,0,0,0,0,0,0,0,0,0,0,0,0,0,0,0,0,0,0,0,0,0,0,0,0,0,0,0,0,0,0,0,0,0,0,0,0,0,0,0,0,0,0,0,0,0,0,0,0,0,0,0,0,0,0,0,0,0,0,0,0,0,0,0,0,0,0,0,0,0,0,0,0,0,0,0.4777777777777778,0.5780590717299579,0,0,0,0,0,0,0,0,67,0,0,0,0,0,0,0,0,0
12d22e7b-22ac-4d71-b9ff-dd37b9673f92,UNKNOWN,0.5556760840051596,0.024536568836782725,0.5451215723465834,0.0021942415373276576,0.547278444027968,0.0020038295695513834,0.5471138867444644,0.0018758873892781996,0.5109125600115132,0.0017203953308084282,0.4896301659129386,0.0011502512839403336,0.46339934063438865,0.0,0.4480167716226705,0.009050086243987064,0.3379097421274879,0.004436778225605738,0.5377316862761197,0.048354345168543936,0.5005833723852469,0.04818368410424476,0.4614095775122209,0.14572485650032746,0.0,0.1499795676611068,0.5232259443402094,0.31781494643478936,0.001044805388108759,0.3737577330002677,0.894621644072221,0.2642814191396549,0.5554105193968274,0.28728554793636885,1.0,0.2495772711984078,0.6929783209984951,0.2764537079279678,0.9889123876844355,0.22664797356412736,0.6973346242788442,0.2461507916554012,0.9239025194659438,0.23783696761980733,0.6471073114111489,0.24990927355221637,0.5424188436296443,0.46493542946116906,0.24693670064618015,0.47861603996023067,0.6837122035751027,0.7124489164718694,0.3060118376873753,0.7311028941546743,0.712788513043455,0.9310908330402706,0.3404984752068766,0.9540163091769385,0.6907104688235848,0.9677595844378712,0.27607354492918296,0.9939253006012444,0.8566398747926653,0.9803025194997278,0.5799079847623898,1.0,0,0,0,0,0,0,0,0,0,0,0,0,0,0,0,0,0,0,0,0,0,0,0,0,0,0,0,0,0,0,0,0,0,0,0,0,0,0,0,0,0,0,0,0,0,0,0,0,0,0,0,0,0,0,0,0,0,0,0,0,0,0,0,0,0,0,0,0,0,0,0,0,0,0,0,0,0,0,0,0,0,0,0,0,0.47833333333333333,0.5770042194092827,0,0,0,0,0,0,0,0,67,0,0,0,0,0,0,0,0,0
12d22e7b-22ac-4d71-b9ff-dd37b9673f92,UNKNOWN,0.5596397284043005,0.02439411304923074,0.5487171398491333,0.0020387691927072054,0.55085088767963,0.0018093367787419615,0.5507203729548013,0.0016582041129816708,0.5147232074520549,0.0016321106588881161,0.49350906382494303,0.0010647815845583437,0.4674036869077981,0.0,0.45093173269240994,0.00917183942092228,0.34074476311114216,0.004625646315811227,0.5423456588104214,0.048033619302533796,0.5048611813192317,0.047905168168192125,0.4699990422743795,0.1445105794174582,0.002876708981462856,0.1490581683091181,0.5262045657918706,0.3157436764787004,0.0,0.3728208391552091,0.8905713360249244,0.2623055231942552,0.5578256084713437,0.2878446949405267,1.0,0.24995827906768864,0.7017907616188505,0.2776662317079144,0.9893126158868267,0.22748452598560534,0.7060434339570594,0.24829271799643912,0.9270613770102539,0.23787487737070104,0.6523410832675838,0.25182091744526436,0.5556832909073622,0.46437443362204756,0.25265705165731117,0.47689661632940183,0.6896915718176672,0.7127189023433773,0.31120489178916466,0.731535888526748,0.7135784300271417,0.9292322261873653,0.34074024662998126,0.9523606419327022,0.6912822996439739,0.9657019574849814,0.2779090452494667,0.9921454438275057,0.8538480593201584,0.9797324814175981,0.5793115516185736,1.0,0,0,0,0,0,0,0,0,0,0,0,0,0,0,0,0,0,0,0,0,0,0,0,0,0,0,0,0,0,0,0,0,0,0,0,0,0,0,0,0,0,0,0,0,0,0,0,0,0,0,0,0,0,0,0,0,0,0,0,0,0,0,0,0,0,0,0,0,0,0,0,0,0,0,0,0,0,0,0,0,0,0,0,0,0,0,0,0,0,0,0,0,0,0,0,0,0,0,0,0,0,0,0,0
12d22e7b-22ac-4d71-b9ff-dd37b9673f92,UNKNOWN,0.5611640524106711,0.024225963923393577,0.5505789692209945,0.0018327320198761902,0.5529010503594474,0.0015355771087309821,0.5530089303066603,0.001341463959705323,0.5164113527207798,0.0015564866512409075,0.4950114205740255,0.0009951918960714261,0.4687668453900942,0.0,0.4530355877657195,0.009000341705944702,0.3414373706554737,0.004485154789549364,0.5445919794037272,0.04747677667566984,0.5061425013076971,0.04745053838548425,0.4750891659016489,0.14321707328438435,0.001707616868303008,0.14852392675763745,0.526912053419557,0.3141847295525888,0.0,0.3723276607945508,0.8762191041727894,0.2605394544194514,0.5602946465270702,0.2868099487757719,1.0,0.2481607735688941,0.7132196804970997,0.27684855005017084,0.9899099839071362,0.2257246220781195,0.7196646970859566,0.24851305012719152,0.928080884032182,0.23658422369997792,0.6624136656575879,0.25181451822517137,0.5604732503452563,0.46368842186791775,0.2531319620619099,0.4748988713258707,0.6884548663058399,0.714022716316192,0.31119695463706093,0.732391450151781,0.7097419412116793,0.9291352242799908,0.33994858108352904,0.950118365290422,0.6877530678938744,0.9661590542175652,0.27493644401071254,0.9895872409006251,0.8505858101060592,0.9809273308736336,0.5516470038486055,1.0,0,0,0,0,0,0,0,0,0,0,0,0,0,0,0,0,0,0,0,0,0,0,0,0,0,0,0,0,0,0,0,0,0,0,0,0,0,0,0,0,0,0,0,0,0,0,0,0,0,0,0,0,0,0,0,0,0,0,0,0,0,0,0,0,0,0,0,0,0,0,0,0,0,0,0,0,0,0,0,0,0,0,0,0,0,0,0,0,0,0,0,0,0,0,0,0,0,0,0,0,0,0,0,0
12d22e7b-22ac-4d71-b9ff-dd37b9673f92,UNKNOWN,0.5608194262070977,0.02405406740710699,0.549673853562881,0.001675526257205777,0.5519991838757227,0.001364255004627929,0.5521392097285156,0.0011725207204171884,0.5155192143024624,0.0014436566005169545,0.4939187245816829,0.0009118146291230839,0.4676123495176993,0.0,0.45229811943084575,0.009142694923771571,0.3401167309578271,0.004840078696233135,0.5447107920246959,0.04726471255946283,0.5060179056326266,0.04725847400060315,0.4786924150179114,0.14326948924822044,0.0,0.14851126932886125,0.5251837709343415,0.31507395357639195,0.009880025456515186,0.3720746422128551,0.8760849765141869,0.2593388232393773,0.5613098632905186,0.28982235327015793,1.0,0.24673770691976699,0.7199776397660482,0.2801851125271846,0.9894754165956862,0.22513618503588756,0.731060131456779,0.2541637551782453,0.9262017542628311,0.23591405838572596,0.6703898870833602,0.257424107158895,0.5723886579290304,0.46349205012525596,0.2598568466720956,0.4743928790964589,0.688641194092411,0.7144618176827334,0.31438744263864626,0.7324751445578386,0.7053278392826702,0.9289787780451709,0.3378875240026783,0.9506681805569499,0.6834423299423855,0.9653567225338948,0.2755812184894896,0.989939502975754,0.844381020743409,0.9806327320225303,0.5483277799565354,1.0,0,0,0,0,0,0,0,0,0,0,0,0,0,0,0,0,0,0,0,0,0,0,0,0,0,0,0,0,0,0,0,0,0,0,0,0,0,0,0,0,0,0,0,0,0,0,0,0,0,0,0,0,0,0,0,0,0,0,0,0,0,0,0,0,0,0,0,0,0,0,0,0,0,0,0,0,0,0,0,0,0,0,0,0,0,0,0,0,0,0,0,0,0,0,0,0,0,0,0,0,0,0,0,0
12d22e7b-22ac-4d71-b9ff-dd37b9673f92,UNKNOWN,0.5601354538564247,0.023966221535576194,0.5488706594590711,0.0016423529798795784,0.5513976392979214,0.001330327343504239,0.5517826502593355,0.0011487725183295272,0.5143909935988473,0.0014167801834800322,0.49257328362424263,0.0008972136740051447,0.46620083871137846,0.0,0.45272533992702985,0.009309781607924748,0.3390077931330578,0.004960555071250616,0.5447513645495401,0.04708167994046608,0.5052687437532144,0.04707733606172679,0.4864453460015449,0.1435023701939953,0.0,0.14825490173895312,0.5377767251893306,0.31680915425530415,0.024586012473480124,0.371255832332922,0.881980209008911,0.25906008580492634,0.568314403819622,0.2892794655816726,1.0,0.24771812188599399,0.7287008286370784,0.28046235704729455,0.9937028141376854,0.2250820732449002,0.7437898273057741,0.25319940183438333,0.9253471344718712,0.23558877685371357,0.6820331019621628,0.2563736767435258,0.5772418454874102,0.4631059706014782,0.2609879238502662,0.47356525836058616,0.6973625022120284,0.7140992612201326,0.31923614470010653,0.7320168922439678,0.7144507025356265,0.9290249598500114,0.34657629808506557,0.9509979588403396,0.6920411993966473,0.9651390023821059,0.28753272564388305,0.9899245952846791,0.8502587137801572,0.9800089680824532,0.5522155573212125,1.0,0,0,0,0,0,0,0,0,0,0,0,0,0,0,0,0,0,0,0,0,0,0,0,0,0,0,0,0,0,0,0,0,0,0,0,0,0,0,0,0,0,0,0,0,0,0,0,0,0,0,0,0,0,0,0,0,0,0,0,0,0,0,0,0,0,0,0,0,0,0,0,0,0,0,0,0,0,0,0,0,0,0,0,0,0,0,0,0,0,0,0,0,0,0,0,0,0,0,0,0,0,0,0,0
12d22e7b-22ac-4d71-b9ff-dd37b9673f92,UNKNOWN,0.5618507570966642,0.02392950427974117,0.5511058307554954,0.0016400456691245643,0.5538028259163185,0.0013436949475632183,0.5542932305340881,0.0011941378406728853,0.5157436286683863,0.0014137098588261304,0.4935940321211571,0.0008999708577184145,0.46712783887146153,0.0,0.4558946951631657,0.009442621011971526,0.3399588992580558,0.0049935531398296144,0.5465211231716239,0.047070466346075805,0.5071900972342274,0.04708754975252251,0.48817575180553224,0.14438127921475077,0.0,0.1483197580804126,0.5312735687049099,0.3193119793329432,0.038470975961021815,0.37154182767712823,0.8743482065033984,0.26031976890248004,0.5762851147981378,0.2991857167262009,1.0,0.24821578893258084,0.7424394947474039,0.29407824200152594,0.9950677498008594,0.22657041726026994,0.7603067998917196,0.2597281496661006,0.9257871612876897,0.23664572338950243,0.694812227122495,0.2635428511355054,0.5739432600706056,0.4637397354622917,0.26021749675034994,0.4736663927652933,0.694451676121825,0.7144187815434277,0.3312542172926453,0.7322429585058744,0.7126435001904347,0.9295069852580251,0.35829358532916594,0.9515717893438194,0.6904187312921718,0.9656188328709476,0.29625268132466115,0.9912484259689422,0.8502864924206873,0.980913969974947,0.5724735427572102,1.0,0.0,1.0,0.16516780507538392,0.8295432407965051,0.3877151764444797,0.5999031043531738,0.5650547148628055,0.4678646414924731,0.7068379861916932,0.3722556313432589,0.34770490742734916,0.40093979864549817,0.5961893266096111,0.23541949703392367,0.783463770596381,0.11682928413088679,0.9301997544935139,0.02177732845587046,0.3452105353236992,0.42596204899278184,0.6134112217264233,0.23690540005424118,0.8218608048649264,0.11035981262597389,1.0,0.0,0.34740109519804707,0.5229251789895605,0.5918946009045579,0.31450404326053216,0.7751736274606948,0.18604919141155693,0.9289091666946457,0.06663071808459843,0.35105339315677286,0.6776659990501426,0.51730132850291,0.543796577711964,0.6358798148301313,0.44324729016872066,0.7407245143713012,0.355876319900787,0,0,0,0,0,0,0,0,0,0,0,0,0,0,0,0,0,0,0,0,0,0,0,0,0,0,0,0,0,0,0,0,0,0,0,0,0,0,0,0,0,0,0,0,0,0,0,0,0,0,0,0,0,0,0,0,0,0,0,0,0,0
12d22e7b-22ac-4d71-b9ff-dd37b9673f92,UNKNOWN,0.5652027257470057,0.023955894578367894,0.5552374419289994,0.001683022558052723,0.5580917003306597,0.0014098710428566681,0.558693780372479,0.0013061531459438644,0.5190892296806202,0.0014260582290800538,0.4964814181735341,0.0009038329129628728,0.46950440371213886,0.0,0.4600502133140412,0.009651837025165718,0.3413439231459414,0.004992905680379541,0.5489747024325199,0.04711556138612288,0.5094805119398608,0.04712412879770825,0.4891922250374772,0.14496255731704719,0.0,0.1483585980434662,0.5279524106524923,0.3213369586957545,0.05170127396838728,0.37189250021940695,0.8666469394447129,0.2613863124015545,0.580818520955378,0.30799136822646034,1.0,0.248409101290902,0.7474416643425101,0.3012178527219788,0.9918003640502747,0.22786352001175225,0.7629833094901872,0.2704601489074152,0.9212980711931684,0.23761733437617233,0.6974979659185333,0.2687384666298158,0.5715740956589983,0.464225602883725,0.2609581075797449,0.4736498716648159,0.708122758596751,0.7146189399052355,0.3416676233331444,0.7328090051657044,0.7416614191756554,0.9298101171499737,0.37684208268492875,0.95244092518298,0.7238422255074017,0.9659269979948389,0.3179445626239066,0.9926970068558245,0.8764636925035039,0.9810649760617237,0.5902419212038557,1.0,0.0,1.0,0.17728376178064992,0.824178091061543,0.42552504365702065,0.6122202359996798,0.6181336634206024,0.4941820020472481,0.7732162175607888,0.39863291201843953,0.3889817353022769,0.4233528145106029,0.6274586849856106,0.23470924977402832,0.8060414065023033,0.10800632785773644,0.9485243463251792,0.011309971972353691,0.36473111406982933,0.4456786210944643,0.6393563298253129,0.22405978537083107,0.8396048228043533,0.09703474399963037,1.0,0.0,0.3450194738559584,0.5338079009720199,0.5878376726149269,0.3116873397943772,0.7656433792684171,0.1808157366091038,0.9099375268245093,0.06711147350453603,0.3335421674962414,0.6814642053703496,0.5006585443387532,0.5519936591273361,0.6233741923134974,0.459352103895563,0.7293142453849196,0.37919511784040705,0,0,0,0,0,0,0,0,0,0,0,0,0,0,0,0,0,0,0,0,0,0,0,0,0,0,0,0,0,0,0,0,0,0,0,0,0,0,0,0,0,0,0,0,0,0,0,0,0,0,0,0,0,0,0,0,0,0,0,0,0,0
12d22e7b-22ac-4d71-b9ff-dd37b9673f92,UNKNOWN,0.5663494459852482,0.023995401798852376,0.5569171209798659,0.0017171102749268241,0.559746034337879,0.0014448880701138241,0.5603122321443295,0.0013440693298675827,0.5206632793969382,0.0014533799018421627,0.49782728798976833,0.0009205222967839866,0.47071171756162244,0.0,0.46132909342275336,0.009689296063515651,0.3419958138263198,0.004889631527621723,0.5496000233398036,0.04714935785696962,0.5102737226214243,0.04715316854227824,0.49149844191819514,0.14514360654631633,0.0,0.1484081065230847,0.527994445495735,0.32238351286303596,0.062394191064199335,0.37230585032270314,0.8655312497945947,0.26250739456713884,0.5824377663854012,0.3055865923300615,1.0,0.24850740098920748,0.748049471619825,0.2993463533424488,0.9936461305223169,0.22984204535303562,0.7638247111555152,0.267791325634511,0.9218176540937312,0.23912266959667747,0.6979439639450772,0.2671810743648855,0.5688222658959458,0.4643767658996202,0.26077744839902667,0.4737525992452367,0.7140093366133599,0.7146421114616555,0.348690439824993,0.7327015101030165,0.7492426383618502,0.9297827263298508,0.38793256042143565,0.9531253209825348,0.7318452594079646,0.9658513850525733,0.3268435071929608,0.9937635523541156,0.8831647943508449,0.9809979500060526,0.6034938671321712,1.0,0,0,0,0,0,0,0,0,0,0,0,0,0,0,0,0,0,0,0,0,0,0,0,0,0,0,0,0,0,0,0,0,0,0,0,0,0,0,0,0,0,0,0,0,0,0,0,0,0,0,0,0,0,0,0,0,0,0,0,0,0,0,0,0,0,0,0,0,0,0,0,0,0,0,0,0,0,0,0,0,0,0,0,0,0,0,0,0,0,0,0,0,0,0,0,0,0,0,0,0,0,0,0,0
12d22e7b-22ac-4d71-b9ff-dd37b9673f92,UNKNOWN,0.5659999107314587,0.024199328400571738,0.5567240662617401,0.0017847222544692032,0.5594806511014127,0.0015168137961217992,0.5599886618559046,0.0014317141480282732,0.5205703070312372,0.0014908953188257344,0.49750876676549527,0.0009390493588256389,0.47028497971334865,0.0,0.4606152219261553,0.009813679760659376,0.3411176733176734,0.004888489054388059,0.5489485799921483,0.04734958020324166,0.5095817306906688,0.047347287564320426,0.4896917065309985,0.14575498571734524,0.0,0.14918844565162462,0.5339512340856162,0.32349315869745704,0.06585454620833603,0.37391998491987605,0.8653197548914513,0.26393591740033867,0.5845944439513951,0.3060693749040322,1.0,0.24990123680681017,0.7484173455589276,0.2983801748284839,0.9936120448091122,0.23515486669052696,0.765662110718282,0.26455151037983526,0.9219341409499454,0.24328258253262108,0.6997790401506918,0.2663420613773246,0.5682770091758937,0.4650831966606432,0.2613634493595329,0.47514352939676996,0.7465384333116937,0.7129098478225944,0.38775892712840365,0.7329548173521602,0.7989614708083498,0.9293622405050893,0.4407581104887014,0.9557912379731417,0.7801469420241244,0.9652937988605312,0.3791359093909293,0.9970604483201009,0.9457455138660432,0.9798606048335085,0.66126041521651,1.0,0.0,1.0,0.15315405594220433,0.7855341480444701,0.37065488593012624,0.5483192995992335,0.5596766407791907,0.43479239532088415,0.7034553975693065,0.37164601194328695,0.35621859539565476,0.3792545169919241,0.6038955457654321,0.23664733507838379,0.7800147055528738,0.12750303683416814,0.9168305256318602,0.03359424069580965,0.36396650718677886,0.4252887782202398,0.635140568383876,0.24408431080602838,0.8311057068543763,0.11626499685954682,1.0,0.0,0.3714337506695915,0.5322484688298066,0.6142277242444055,0.3277600119879228,0.7826531505934159,0.1969775130799078,0.9280181517849323,0.07494109657610896,0.373882775153726,0.6920009309769838,0.5280328166022026,0.5523295148398368,0.6274688321713502,0.44666171420919565,0.7207627334404679,0.3581953074934082,0.0,0.9682150902922527,0.1287078505960949,0.6862955402553368,0.2965907534875643,0.48156520933062374,0.4352043889150505,0.37602024729430056,0.5210378252249063,0.2859701839399057,0.5357729306450338,0.48989756890157643,0.7849193387682672,0.30128556218294245,0.917033207423661,0.1393581263027472,1.0,0.0,0.5320696722452111,0.6561687466013517,0.6014034865067358,0.45488063849218496,0.43912918599563827,0.42495164372177857,0.31743542815411524,0.45987261229656257,0.4756402078233212,0.8258997727597645,0.5248757880487118,0.6488769527743742,0.3875295987923359,0.6023073925211132,0.2817838428166361,0.6201158200591569,0.38888721899933537,1.0,0.44186223856487467,0.8552262316570911,0.35327626764099157,0.7917053723612943,0.27783789380170393,0.796098727102168,0,0,0,0,0,0,0,0,0,0,0,0,0,0,0,0,0,0,0,0
12d22e7b-22ac-4d71-b9ff-dd37b9673f92,UNKNOWN,0.5670547435122428,0.02441607175842298,0.557666914597558,0.0017543330305882993,0.560474940872661,0.0014955774792211052,0.5610833929946059,0.0014386606077144099,0.521090375917089,0.0014778518279305191,0.49748319966422544,0.0009216364734220708,0.469784002978885,0.0,0.46060382779296005,0.009808615753440787,0.33958174894350796,0.004811598824723091,0.5501653801189139,0.04741013722984963,0.5098154400587606,0.0474219413448849,0.4892457654425195,0.14563478858917625,0.0,0.15006076684400954,0.5328248428610296,0.32412111107732633,0.06770759337105225,0.3746960172545775,0.8636455544691168,0.264529653056996,0.5857127038117286,0.3055036063032338,1.0,0.2505810848328439,0.7484287263687968,0.2982730988756892,0.993738352123152,0.23670014678592355,0.765559868810201,0.26404054195380194,0.92141530931468,0.2446173186742327,0.6995048578668843,0.26634055234181275,0.5727064303244552,0.4656081167432431,0.2654090906136336,0.47596831191162403,0.7598337795160798,0.7128354888731704,0.395566076368286,0.7337205135008202,0.8082491343311855,0.9297651259653931,0.44932726691942615,0.9569434969932328,0.788872220875781,0.9655416455509034,0.38495588780152157,0.9986276060578796,0.9578112391623093,0.9802866604013957,0.6794362682965105,1.0,0.0,1.0,0.17943104037707577,0.8463723405022787,0.42737961595750784,0.6314902368945894,0.6208431025021195,0.5001570727669925,0.7749490629275906,0.38284962135297695,0.39118136022390493,0.44497895093755063,0.6247552151399285,0.2753718427226121,0.8042994041110118,0.16642630270381586,0.946433839188369,0.07810418744847587,0.37325700652463284,0.470011562391992,0.6417040663180074,0.2511970650018921,0.8401679125135071,0.11426043648521647,1.0,0.0,0.3527253859377311,0.5557844423851188,0.5948371104758626,0.3291904161346196,0.7672763759475184,0.19364940702571073,0.9062103222229496,0.07164748017899081,0.3318991749042884,0.6947049753700719,0.4877856092768916,0.5573322157884693,0.6037346309860657,0.4603714262666328,0.7066582290143707,0.37543801659396725,0.0,0.9128771543425693,0.1755313604316176,0.6312679368110853,0.3661172171661922,0.43595371211771167,0.5166598892318971,0.3305712569501132,0.6045555816470884,0.24272387963918451,0.5646888011958832,0.46478801833854433,0.7993676939730469,0.2907290752178087,0.9242687529710938,0.13245773458396867,1.0,0.0,0.5532832375901351,0.6409242944640391,0.6213752656086232,0.4852417586930963,0.4508777255310741,0.4337371201503227,0.3107469114943385,0.44675879577576866,0.4874111535575805,0.8211375852880928,0.5372923098070436,0.680663796776893,0.3895371680250173,0.6039571364763504,0.2668583439767696,0.5941782052664274,0.37927078620152466,1.0,0.3965240350746568,0.8705488471668181,0.3070510140378811,0.770832370713776,0.23097039501944455,0.7404187266725194,0,0,0,0,0,0,0,0,0,0,0,0,0,0,0,0,0,0,0,0
12d22e7b-22ac-4d71-b9ff-dd37b9673f92,UNKNOWN,0.5689027842798919,0.02467049696079292,0.5594275467305813,0.0018817184696768208,0.5621891778616535,0.0016751800707916601,0.5628144704567928,0.0016909551429874774,0.5224003250213938,0.0015319174559305126,0.4983096319109367,0.000939445523176857,0.4700355725641783,0.0,0.460982956223681,0.009997534876851675,0.3386231421303144,0.0047841562584664266,0.5508751878154337,0.04754961650195008,0.5101517817219829,0.04748464426393221,0.48813473444327826,0.14575605124164637,0.0,0.15025290229154276,0.5378983817810565,0.32441800610809235,0.0667924801443917,0.37548173931071166,0.8646040728075941,0.26539564173559177,0.585385128169805,0.2949335576968488,1.0,0.2508511811668179,0.7480507472339909,0.28338846678816915,0.9878398335666312,0.23641385069278306,0.763692401807698,0.2564803665089406,0.9204335019537475,0.24075345800697232,0.698639206406097,0.26051847299953074,0.5772827090719962,0.4662878517397487,0.26793367415437813,0.4763962996087509,0.7594824174400129,0.7127688114226031,0.38778496285719954,0.7332013713120114,0.8003356452970548,0.9301893971937375,0.43656852592757767,0.9568776214357843,0.779512911544914,0.9658816972542522,0.37284203423231793,0.9983888756920801,0.9488031764303452,0.9807037132959991,0.6632642935279415,1.0,0.0,1.0,0.18613187913897503,0.8413166499983914,0.4384914336384593,0.625835210653458,0.6465918949746104,0.509299665470795,0.8068875641361571,0.4146327605881197,0.4011619591036362,0.44954714999873363,0.6343166287619312,0.275809643504267,0.8063284675905343,0.1603433322449326,0.9427749200373763,0.059808646830392255,0.3820862532748102,0.4750650131189937,0.6457903330903246,0.2596787232717189,0.8419386794970902,0.12223219352449484,1.0,0.0,0.3574244720470065,0.5651353073773718,0.5931896172674441,0.32902627837457277,0.7620257714167189,0.18680584505417702,0.8963939495321641,0.05559674136929026,0.33320524100035903,0.7067663614352925,0.489055440616571,0.571792349569671,0.6053458920870316,0.47394580859617524,0.706609605131952,0.38980079528551353,0.0,0.9400487135443648,0.12219823428145812,0.6841507003870337,0.2664350313245866,0.5002674570932607,0.3835946530364783,0.40914443591870864,0.46363307954206506,0.33193567527073536,0.5425465346013164,0.47391644173005787,0.7911022487406331,0.29457542484780264,0.9196260858264476,0.13916467696765977,1.0,0.0,0.5504470974305423,0.6489573717536746,0.5620248570026753,0.4854047625539296,0.3856213191535406,0.4569335654757036,0.2694028949265219,0.4824698753727846,0.4962801516679061,0.8231939829944028,0.4735127906104673,0.6700046869908091,0.3316673450845618,0.6207244192221153,0.2392433550827813,0.6200577239920698,0.402339597105646,1.0,0.3714426713978443,0.8736739126765574,0.2824233659718179,0.794061284027748,0.22671695546658835,0.77196880879025,0,0,0,0,0,0,0,0,0,0,0,0,0,0,0,0,0,0,0,0
12d22e7b-22ac-4d71-b9ff-dd37b9673f92,UNKNOWN,0.5761772007367771,0.024731612239418808,0.5656782398125603,0.0019063413143164934,0.5682151132032616,0.0017080737043749974,0.5686742500532567,0.0017448563831424242,0.5281722612211203,0.00155349283909895,0.5037001011061558,0.0009523710337067809,0.4749943245254435,0.0,0.4643804608099959,0.010125261208702227,0.34250334288267625,0.004789705468258128,0.5560095671692488,0.04762918082634024,0.5159924467719341,0.04751465914568152,0.489965008009104,0.14664649431231738,0.0,0.15048770984606,0.540805757898633,0.3273372886219785,0.06982781360205961,0.37658699413626373,0.872785534770219,0.26589313044272966,0.5914893909683678,0.2869830624540631,1.0,0.25137239763035296,0.7536435538733713,0.27473357229202544,0.9950981923798816,0.2343459569692586,0.7689398545548848,0.2470097690972216,0.9262937132342937,0.2401938958149932,0.7033052220709882,0.2516531239708505,0.5801040540230473,0.46649630396488023,0.26719707328717024,0.476512582348051,0.7638538941640943,0.7129782435720904,0.38757203583852445,0.7333428195978893,0.8097003450226073,0.9306144497730571,0.43933888562435053,0.9570056902374987,0.7884532892584092,0.9662345930601187,0.37648943039579624,0.9985170690547401,0.9622674174518604,0.9808666880653704,0.6644034532261153,1.0,0.0,1.0,0.20870220234844458,0.8470688271880079,0.476822803694808,0.6341927874428269,0.6912292667601574,0.5125921455951834,0.8615456239119094,0.41350691563406455,0.4182903414580151,0.4648944997222775,0.6406588406884669,0.27941698839051216,0.8124984230569824,0.1491939189050189,0.9501458112730875,0.036590115820584385,0.38699728073980805,0.48623044799045456,0.6432136918535327,0.27028368842959904,0.8398082274509358,0.1270227458187329,1.0,0.0,0.3461790772421281,0.5677780139752724,0.580964120578557,0.341491061448683,0.7504165164331705,0.19826029116293742,0.8870229187811268,0.06428419587324881,0.3044277304310528,0.6978591363857669,0.4589282647603901,0.5690143935705518,0.5800435928093026,0.474380953034033,0.6884676834523942,0.3889493859246103,0.0,0.9771857517471022,0.1260805927823263,0.7094122582528715,0.26649637544757154,0.5216655137677176,0.3801792514457748,0.421024668530593,0.46010177597791374,0.32891483715192754,0.5418626716252842,0.4859495372184713,0.7953948656962881,0.2985466897772494,0.9233795066480426,0.13893111801389266,1.0,0.0,0.5369063996425292,0.6518696689382721,0.5819086690193126,0.4923277424309773,0.4169460873481365,0.4543037761605046,0.2961560158422437,0.4720785847485935,0.47546082422357405,0.8248380461913567,0.48897211891768905,0.689699001317724,0.34956142974255766,0.624971396708583,0.2502061203977684,0.6125930757678175,0.371587871793699,1.0,0.3627027046045479,0.8870531639843136,0.2729174802998158,0.7994297753030634,0.20905416832325308,0.7697980804890046,0,0,0,0,0,0,0,0,0,0,0,0,0,0,0,0,0,0,0,0
1476d34c-f4a0-4373-8b00-81b9260b32cc,USE_COMPUTER,0.48394888302720984,0.027095053980806146,0.5237300493391771,0.0009479199135770313,0.5609936154110854,0.0023380423318829875,0.5999283471595845,0.0029637746976141576,0.48184962465612613,0.0,0.4801839634778112,0.0005287825450978694,0.47676126644979994,0.0009208898613438381,0.7195071240789401,0.01789930821365895,0.5702358252878538,0.015454518143760533,0.5837422913433429,0.06662191140669729,0.5179723441424904,0.06282176818173223,0.9562820165210438,0.18380557515986237,0.6014622149220343,0.1440685200005612,0.6962290726839115,0.4014904805417173,0.3001370148256584,0.24876382306958916,0.18914997335822833,0.3805696394793394,0.12388801271256013,0.286955456913868,0.042892466008936786,0.3847746616249202,0.0,0.2942059157766447,0.03288929856335741,0.3553156789857623,0.06483583384341685,0.2759827044264932,0.06808576826125166,0.3514163747370193,0.11007101431861546,0.27691030414565515,1.0,0.49988936359438546,0.7216184923462311,0.48190587716446287,0.7576234155694891,0.6814623098136551,0.5405730277068135,0.6612693739519659,0.8104533882231416,0.9184605878201441,0.5655431618718817,0.9233921808196884,0.8853394136545528,0.9521215045453186,0.6093036086232526,0.9671316089812056,0.6361306459638817,0.9963573096886077,0.3927597918733475,1.0,0,0,0,0,0,0,0,0,0,0,0,0,0,0,0,0,0,0,0,0,0,0,0,0,0,0,0,0,0,0,0,0,0,0,0,0,0,0,0,0,0,0,1.0,0.832237539766702,0.8151526177963625,1.0,0.6599808519395614,0.8621701537926353,0.5507620450844364,0.8468133335577662,0.4529909151102654,0.8461905322986977,0.6230039190890057,0.04371840405774658,0.37830482996403025,0.09873251527546331,0.20628694651069845,0.2784628591627531,0.08085909771475952,0.5092954490621511,0.6328156596536647,0.016595689766421475,0.3451309643822215,0.0,0.15385317434279203,0.12817362128072626,0.0,0.30681995432790765,0.6409228649316098,0.14717635375111515,0.35485024546501154,0.053349941366908495,0.17975554906019411,0.13705218625685223,0.04668816101073126,0.260848244093207,0.6441810177701159,0.4301772458718376,0.4541812563752304,0.24445454392432123,0.32479882606283667,0.20164958171320843,0.21667819924720086,0.2151907398991174,0.9521812080536913,0.8199404761904762,0.05285234899328859,0.6369047619047619,0.10822147651006711,0.7098214285714286,0,0,0,0,56,63,63,0,0,0,0,0,0,0
1476d34c-f4a0-4373-8b00-81b9260b32cc,USE_COMPUTER,0.47344672800064524,0.025527761016499256,0.5149306621151702,0.0,0.5500505292055887,0.00023312789174866156,0.5823400467040141,9.839956583095168e-05,0.4745696172682485,0.0003939652204964002,0.47013469964781296,0.0006673666619372003,0.464408272735343,0.0007106676083032354,0.7027402620312984,0.01207351480552013,0.5426343316536788,0.012294716589159501,0.5532233121484479,0.05909063645840973,0.4983206971099112,0.05749864780868864,0.9691198148328171,0.17187831780887378,0.5789381093102435,0.13768763368823167,0.6899384480109085,0.38083246546433025,0.2826031036795681,0.2655464112478392,0.16257550777104615,0.363384716083309,0.1083215686109037,0.27882354557946604,0.0022610338598421918,0.36755966122734,0.031029979471850922,0.2872701290825063,0.0,0.33889909508911675,0.05821975554802888,0.26853032349678335,0.03666292694825508,0.3353228405721721,0.10421780513854513,0.26746288177742605,1.0,0.48403671164320067,0.6908172520843399,0.47886584473275084,0.8493051443064451,0.6923918384101155,0.5414851512946821,0.6883797488592815,0.8708768225041356,0.9285232012250205,0.6162093017556769,0.929669061692161,0.933485161681286,0.9701502357525529,0.6618929942842843,0.9703226322322374,0.6979982904298967,0.9861674025962184,0.49899014619632015,1.0,0,0,0,0,0,0,0,0,0,0,0,0,0,0,0,0,0,0,0,0,0,0,0,0,0,0,0,0,0,0,0,0,0,0,0,0,0,0,0,0,0,0,1.0,0.8366273299952691,0.8023390892177775,1.0,0.6459185585560918,0.8345630736433235,0.5263946133523627,0.845739225494811,0.4223272186508796,0.8595641703906673,0.5979360272846207,0.02579431185328959,0.3581269032622953,0.1323270133020632,0.18988029893749583,0.3485581625865689,0.07342182353241489,0.6284504560690441,0.6090735966591285,0.013150297070321068,0.32290737050400853,0.0,0.13834344270968363,0.18191540698811837,0.0,0.4506090208358282,0.6163185784069197,0.1594967056081138,0.34306137984359486,0.025743327922713104,0.17735088990747974,0.14816167360087645,0.05731840984601062,0.33351316037528916,0.6132901863040126,0.4383041084748335,0.4373100302867732,0.21018777500198602,0.3113762071285578,0.15191195668025842,0.20327447391740971,0.1557962207865042,0.9521812080536913,0.8184523809523809,0.10822147651006711,0.7113095238095238,0.05285234899328859,0.6369047619047619,0.27936241610738255,0.5223214285714286,0.39177852348993286,0.8645833333333334,56,63,63,63,64,0,0,0,0,1
1476d34c-f4a0-4373-8b00-81b9260b32cc,USE_COMPUTER,0.4763600323714361,0.02634694874260323,0.5182308798005948,0.0009883875312335698,0.5503728035881014,0.0005572518782990848,0.5784584986479102,0.0,0.47795414662044783,0.0019640104081083245,0.47307850883099933,0.002137350453477399,0.466362885482846,0.0020259432868027175,0.6966890707044415,0.00984136847320853,0.5338699471967877,0.012039841636909028,0.5440569235813991,0.05670417740687505,0.4929216840759373,0.056199676497929035,0.9751951805983889,0.16715984622138236,0.5667292385934055,0.13523202495866204,0.6914431682154156,0.372973244294258,0.2638889957444665,0.2657288672550302,0.1662884519121151,0.35624348140698464,0.09555129231045577,0.2731636212823912,0.0,0.36054525994462444,0.02534158983660653,0.28146511154408516,0.0017323561217542417,0.3319012675409801,0.04630608726666015,0.26260374139760867,0.03901878882788628,0.32852488143499486,0.09344988626832221,0.2613413188818962,1.0,0.482646506410422,0.6746960602200063,0.48119475652484034,0.8758966993882291,0.695606742639705,0.5458811979958087,0.6941088311550033,0.8946221158003658,0.929256017071726,0.6221427684639756,0.9292423342264331,0.9550667751977397,0.9703599324665166,0.6657355249137851,0.9685517804685413,0.7253951130080744,0.9859610406545599,0.5178536503669483,1.0,0,0,0,0,0,0,0,0,0,0,0,0,0,0,0,0,0,0,0,0,0,0,0,0,0,0,0,0,0,0,0,0,0,0,0,0,0,0,0,0,0,0,1.0,0.8967469827863406,0.8198377051680061,1.0,0.6649331811751452,0.8654204806105168,0.5492427633967307,0.9073141975176316,0.44421210113418624,0.9555199468370169,0.6045078219836023,0.11443760852322665,0.3636005489415944,0.03410255310939141,0.18783505053941815,0.14616926407854403,0.06715363798615057,0.3343094171364874,0.6138158440953778,0.13650989303093314,0.33087351497895345,0.0,0.1393104803021892,0.08380029582627709,0.0,0.24745332161461125,0.6225459472688311,0.29327209586486314,0.3468276048814344,0.1627323200926065,0.1761893056236125,0.26216746339685737,0.054315969175486034,0.42088790756500677,0.625748649216228,0.5752985058629339,0.44469966936524963,0.384251538082274,0.31765979187321164,0.3412474008017321,0.20875001831433254,0.3495551887500268,0.9513422818791947,0.8169642857142857,0.10738255033557047,0.7113095238095238,0.05285234899328859,0.6369047619047619,0.39177852348993286,0.8630952380952381,0.27936241610738255,0.5208333333333334,56,63,63,64,63,0,0,0,1,0
1476d34c-f4a0-4373-8b00-81b9260b32cc,USE_COMPUTER,0.47763736180178534,0.026781043081215646,0.5202615755817923,0.0014271314873366364,0.548868351205389,0.0007238873310887857,0.5739342045616695,0.0,0.4801283189978318,0.002598216115131079,0.47511485711900586,0.0027345683063531505,0.46766253184273887,0.002567617746882005,0.6912513804047721,0.008712063206505957,0.5292124873688716,0.011961852985707273,0.5383161213481358,0.05530363733098155,0.4888698848985902,0.055704025558502436,0.9786632213575515,0.1653634478470116,0.5626421456950299,0.13422896472994725,0.6917263723075838,0.37027571560503914,0.27136242108679315,0.26903511620302273,0.1686952509545946,0.3533226110359735,0.12514621046735902,0.281385346841798,0.00260768289695879,0.35767669449545364,0.03635750776796193,0.3013184322139621,0.0,0.3282867830634314,0.08647044777046631,0.2727694754681872,0.0374974236219168,0.32493397401169055,0.13052659388418805,0.2694233508730615,1.0,0.4828573356799708,0.6716840113130905,0.48058476341384565,0.868079088093202,0.6945734508825413,0.5474377131275402,0.6903127710868869,0.8914344205406172,0.9268525989381794,0.6216385343976,0.9278139453350143,0.9542705428335597,0.9678606321537091,0.6665414474116339,0.9673308085390037,0.7194721442163426,0.9848508765646097,0.5094446703999477,1.0,0,0,0,0,0,0,0,0,0,0,0,0,0,0,0,0,0,0,0,0,0,0,0,0,0,0,0,0,0,0,0,0,0,0,0,0,0,0,0,0,0,0,1.0,0.8471207929347059,0.8092332344516749,1.0,0.6561338903051996,0.8367604662562416,0.5413863896561557,0.8586929300769933,0.43481418192806465,0.9133644534806021,0.5889546563046634,0.03205422644120583,0.34884645749720167,0.13342258715006153,0.1933294248832785,0.36981345714926633,0.09079724933074,0.6439781565526188,0.5977747370840267,0.01867683590472155,0.31062123075744486,0.0,0.13053203510369807,0.1311069728357433,0.0,0.3330757791015511,0.6076167959789072,0.170967347583085,0.32808902328471534,0.06560630283867491,0.16699845931878057,0.18897596674820571,0.053915064627746735,0.36408673287116,0.609773270883253,0.45709704334863227,0.4171854584377833,0.3008826870146379,0.2872277207706811,0.28523953136998675,0.17671443345916982,0.32778582882019985,0.9513422818791947,0.8154761904761905,0.10738255033557047,0.7113095238095238,0.05285234899328859,0.6369047619047619,0.39093959731543626,0.8616071428571429,0,0,56,63,63,64,0,0,0,0,1,0
1476d34c-f4a0-4373-8b00-81b9260b32cc,USE_COMPUTER,0.4786102807860048,0.02729297520544191,0.5217030450205861,0.0017045109884024673,0.5486328382969485,0.0008385683841875756,0.5723706350599732,0.0,0.48179108129693193,0.0029564515930810727,0.47638341213263724,0.003046564372359476,0.46872940300643495,0.002826441963016784,0.6887941321264583,0.008204813340962284,0.528130361708763,0.01198068211325109,0.536642081976156,0.05479320980322414,0.4876887783928187,0.05575308109566104,0.9821647681599971,0.16567773713804895,0.5634636472292166,0.134184986881335,0.6933796252876481,0.37118693507304384,0.28088547073673265,0.2700609767917135,0.16906872300992679,0.35405787519226,0.14449292980560818,0.2876781505460996,0.002255183181202918,0.3582000174779379,0.03817552865413991,0.3075588569915926,0.0,0.3278336590471385,0.10496333390340998,0.28114814501500224,0.037512449467897814,0.324474154311273,0.1489340918922445,0.2767238762784146,1.0,0.48403937860377216,0.6688178676515687,0.4791969364091494,0.8575126961044727,0.6917558917544514,0.5368733037650696,0.6851116955960935,0.8857324635716156,0.9251332280715747,0.6180590869838521,0.9266886857153258,0.950916887693062,0.9665767222890036,0.6638611215408815,0.9668106213836872,0.7116268375641782,0.9838221942651654,0.49331874499627937,1.0,0,0,0,0,0,0,0,0,0,0,0,0,0,0,0,0,0,0,0,0,0,0,0,0,0,0,0,0,0,0,0,0,0,0,0,0,0,0,0,0,0,0,1.0,0.9050680321903982,0.8290384943307303,0.9484712125470316,0.6788303266378632,0.8203956585065083,0.5654459606325257,0.9009560732074028,0.46190834252702123,1.0,0.589297930957972,0.10867411763322993,0.3509834164360541,0.05237832159836377,0.17889683963126635,0.12115746088669993,0.05477383527787536,0.2510485602266279,0.5977116962200075,0.13108792731834662,0.3252981014777698,0.0,0.13908919828987132,0.06197111156467092,0.0,0.20111518721274793,0.6146224321875635,0.2953632533203962,0.3467383979767723,0.13595858975194672,0.18575461173874724,0.20066744531725025,0.06655305528334021,0.32814885975420144,0.6360175306678829,0.5873625651443086,0.4657049760964115,0.402891835602854,0.342666210577569,0.3621355685520625,0.2349665226493435,0.37248813056538366,0.9513422818791947,0.8169642857142857,0.10822147651006711,0.7113095238095238,0.053691275167785234,0.6369047619047619,0.21476510067114093,0.7202380952380952,0,0,56,63,63,63,0,0,0,0,0,0
1476d34c-f4a0-4373-8b00-81b9260b32cc,USE_COMPUTER,0.47893949007062536,0.027630788492232224,0.5229757311645146,0.002043666315480445,0.5485660539162593,0.0010832096741979992,0.5702998591379925,0.0,0.48322389771126567,0.0033154943227437623,0.47769938614288726,0.003385133062570855,0.4695868034284655,0.0031487476329266554,0.6862721693680401,0.007914244273385026,0.5268411563236272,0.011942471605134682,0.5350883252159189,0.0543962610971317,0.4858584504855265,0.05543687203525673,0.982919054349899,0.16472022752517868,0.5642238843498221,0.13359578828335178,0.6945102686743383,0.3702637072789401,0.2866942290305301,0.2699883928280181,0.17103838256890355,0.3532522901023285,0.1540301555636444,0.28968546180606625,0.003622651776889804,0.35728171563530275,0.03990787891940742,0.30975669147098195,0.0,0.32636200785047137,0.11348084637052579,0.28358651027148163,0.03990099575146581,0.32306613183732963,0.15752388965391026,0.2790682186388892,1.0,0.4836991698003503,0.6665210404272747,0.47853295532648016,0.8639430915870278,0.6945528270109321,0.5394162992607072,0.6883726123962822,0.888617062239629,0.9282481339536034,0.6174140909784747,0.9282948459177606,0.9527936146875466,0.9702252360778317,0.6628072069197702,0.9690484236393155,0.7143107944673905,0.9858874071411935,0.4922640075504303,1.0,0,0,0,0,0,0,0,0,0,0,0,0,0,0,0,0,0,0,0,0,0,0,0,0,0,0,0,0,0,0,0,0,0,0,0,0,0,0,0,0,0,0,1.0,0.9053145568378431,0.8279469541739344,0.9445998251966538,0.6721356252024598,0.8293089916700854,0.5650928424485053,0.8923603802864635,0.47296489061870206,1.0,0.5861185472258307,0.14521520432370727,0.3250451889153205,0.0,0.13936156824745122,0.028282467937855625,0.0,0.14430818900165884,0.6043993492694086,0.20312773130228493,0.32187934834023113,0.06459340384924103,0.14281739389698841,0.1755239641118028,0.009994529594942415,0.36967607869717994,0.62989608272539,0.3798414283930578,0.3609122072739795,0.32544904839198757,0.2188113522009127,0.5146442395162585,0.11627176196309685,0.7346199810926993,0.6551970252024089,0.6612123860656761,0.4790364531149528,0.5729179672868023,0.3551191427673613,0.6019790235984518,0.24718087793491827,0.6677318373972139,0.9513422818791947,0.8154761904761905,0.05285234899328859,0.6369047619047619,0.10738255033557047,0.7113095238095238,0.21895973154362416,0.7202380952380952,0,0,56,63,63,63,0,0,0,0,0,0
1476d34c-f4a0-4373-8b00-81b9260b32cc,USE_COMPUTER,0.47847882447622664,0.027625923072276022,0.5231974285518715,0.002224876407787552,0.5485708754175342,0.0012514439583719299,0.5701161501669327,0.0,0.48331681490053097,0.0034415243629867,0.47758435842798524,0.003503700827672491,0.4687341507088615,0.0032743359850371484,0.6858648523527527,0.007563353369972408,0.5241098778878062,0.012008827988436105,0.5348528671395515,0.05387166410476934,0.48361540228088035,0.05503210724541737,0.9832536708791033,0.16369104094008247,0.5634761047064775,0.13330127775308803,0.6946481492807293,0.36884267833891937,0.304815187291486,0.28129671869233625,0.17103443192049766,0.3521688685685618,0.15052352023666654,0.2927392559897924,0.003813105037386202,0.3565028961522733,0.03863255728426434,0.3197545733793427,0.0,0.32528171883414064,0.10710651736217572,0.2879974805697211,0.03993529256662423,0.3216629345041713,0.15160778287529278,0.2828592945356353,1.0,0.48388806902985126,0.6634669105481298,0.47850638227684117,0.8606298444000082,0.6927088665296444,0.5368240622869801,0.6857488815589508,0.8857631900732252,0.9261121846315858,0.617084609343452,0.9275714063630017,0.9503483046903574,0.9684620578374102,0.6615232573728442,0.9691298844065009,0.7109760024366545,0.9842904602069111,0.4862582975253943,1.0,0,0,0,0,0,0,0,0,0,0,0,0,0,0,0,0,0,0,0,0,0,0,0,0,0,0,0,0,0,0,0,0,0,0,0,0,0,0,0,0,0,0,1.0,0.9460688375592635,0.8177422982924724,0.9793906281395219,0.6655069184658596,0.8581156241850603,0.5575269726949593,0.920624334688538,0.4533601371534181,1.0,0.5897047290368863,0.13350775715757568,0.3304367914854639,0.0,0.14145744758461645,0.05351049321756379,0.006178287284532548,0.20954542928353703,0.6073816220904548,0.19753327091696485,0.3173463711491462,0.05527354187240555,0.13320833215120922,0.1858425995989962,0.0,0.40827487142655605,0.6334639242738043,0.3887094774552932,0.3495942950014388,0.27571447503986524,0.19101648151225423,0.4444276290757675,0.076463841187366,0.66894272656928,0.6555038685856256,0.6925899800353122,0.4761205016799673,0.556593263307298,0.3439702550551005,0.5711636377627579,0.22865134498705067,0.6400140223074391,0.9513422818791947,0.8154761904761905,0.05285234899328859,0.6369047619047619,0.10738255033557047,0.7098214285714286,0.2214765100671141,0.71875,0,0,56,63,63,63,0,0,0,0,0,0
1476d34c-f4a0-4373-8b00-81b9260b32cc,USE_COMPUTER,0.4796294543039899,0.02822321810761485,0.5246053443866302,0.002503920477894728,0.5490022073738218,0.0014270695205408923,0.5707846228269948,0.0,0.4844117193133537,0.003818568640825429,0.4779192907871324,0.003858380437846386,0.468846783355727,0.0036132650187946573,0.6860878060104896,0.007339738684668685,0.5226784315454729,0.012120911845104661,0.5364297738673915,0.05380822920401259,0.48433682164108255,0.055337306389639546,0.9825332792081468,0.16397280365786138,0.5658501307304825,0.1337863897941376,0.6948832569009613,0.37001916173103266,0.3215890432811276,0.28490025140836694,0.17098603596125814,0.3531878433130057,0.15524261009633591,0.2951655756534453,0.0037916541296825635,0.357183802585591,0.04135348523834968,0.3232529505417419,0.0,0.3259257625037179,0.11247514759056458,0.2908020953422935,0.03981646179505403,0.3225546247825806,0.15651392513086018,0.28567404959891446,1.0,0.4849089939000633,0.6659555710898876,0.4791066705122179,0.8581775288826176,0.6913933354192926,0.5355452680234277,0.6855618107493177,0.8823287858665823,0.9241894635726262,0.6163971431239398,0.9277203852701218,0.9454667130102768,0.9658073026358791,0.6602513514004243,0.969215264032643,0.7072209461878057,0.9833304337820042,0.4825421955977029,1.0,0,0,0,0,0,0,0,0,0,0,0,0,0,0,0,0,0,0,0,0,0,0,0,0,0,0,0,0,0,0,0,0,0,0,0,0,0,0,0,0,0,0,1.0,1.0,0.8180442369596225,0.9281816742499349,0.6562760032159924,0.8042791120225274,0.5400799581639936,0.8945366541388813,0.4303121339474902,0.9863209023021219,0.5679965591691417,0.08367480030307942,0.30874330377979486,0.0,0.1303621203467731,0.06908439103276952,0.0,0.2261654798569043,0.595025098592652,0.206645317912974,0.3164708698737593,0.12309020382468137,0.1420253625770498,0.26299490721019914,0.01302381580915233,0.4802300991039555,0.6331969413944599,0.4669175993395583,0.3628202065502258,0.4772615040127866,0.2196345171143193,0.7219953105621671,0.11801482729096802,0.9874904345269284,0.6681733684911033,0.823787022621637,0.48994349930892295,0.7028671916524991,0.3640257018421694,0.7233410736701636,0.25700988987936013,0.7915198075973416,0.9513422818791947,0.8154761904761905,0.05285234899328859,0.6369047619047619,0.10738255033557047,0.7098214285714286,0.2214765100671141,0.71875,0,0,56,63,63,63,0,0,0,0,0,0
1476d34c-f4a0-4373-8b00-81b9260b32cc,USE_COMPUTER,0.48056996554135206,0.028388086668560065,0.5257225926590259,0.00264649991024063,0.5498503857911852,0.0015147419847515282,0.5714005807878157,0.0,0.4860200785345692,0.004043765748300756,0.4791725214916907,0.004082434905292177,0.4698319762319208,0.003837452631402103,0.685479435770394,0.007296470516129006,0.5244246992430011,0.012100544608239797,0.5380051595810461,0.053767519487849136,0.48551355581627825,0.05538016124662341,0.9806603812269591,0.16410758579784135,0.5703946809105813,0.13414448770808873,0.6954759108984477,0.37037732303080007,0.31999544308192523,0.2846421959381409,0.17118040012046765,0.3534570324859069,0.10879252145758693,0.29627912260811157,0.003979995357010415,0.3572715057155396,0.024918027036360584,0.3238457001410878,0.0,0.32617559297020876,0.06356819514782416,0.29577683551285106,0.03985752404257422,0.32280963897604575,0.13733066749836648,0.28731292899771427,1.0,0.48504546921511515,0.6681483687703004,0.4789554083365365,0.8490965049201642,0.6894320417864749,0.5305008606745034,0.6835976737681138,0.8762100050660392,0.9223872227648462,0.614738723028457,0.9281717990942605,0.9392609591565512,0.9640075582350967,0.6609756887771114,0.9704554744896312,0.7014239394589237,0.9817893524628465,0.47984826404725617,1.0,0,0,0,0,0,0,0,0,0,0,0,0,0,0,0,0,0,0,0,0,0,0,0,0,0,0,0,0,0,0,0,0,0,0,0,0,0,0,0,0,0,0,1.0,0.9013651130005341,0.8091324680679816,0.9227069341435864,0.6444617797082257,0.8190065059586876,0.5284446733051695,0.8986217524933671,0.4201895303817569,1.0,0.5561320577046216,0.08408535677696732,0.2984721894570318,0.0,0.12630989173940538,0.0836615500468464,0.0026752915661408597,0.2482745637154891,0.5811872684271981,0.17957934555134278,0.3014906895095662,0.11136835284537183,0.12737668779278039,0.27400506116301676,0.0,0.5018589704298486,0.6169324942360799,0.40894284738579545,0.35047112489121407,0.45595824978328064,0.21391577837206674,0.7072178489181545,0.11843691208510183,0.9656462614817474,0.6510734371995377,0.7379911210738772,0.469482694362559,0.644619668485066,0.34696023836758644,0.692135933381785,0.243140538547393,0.7754367223277847,0.9513422818791947,0.8154761904761905,0.10738255033557047,0.7098214285714286,0.05285234899328859,0.6369047619047619,0.2181208053691275,0.71875,0.38926174496644295,0.8630952380952381,56,63,63,63,64,0,0,0,0,1
1476d34c-f4a0-4373-8b00-81b9260b32cc,USE_COMPUTER,0.48160193389221395,0.028925265187756805,0.5268531409044962,0.0027863273734418446,0.5505126512421793,0.0016114589380448081,0.5713242530310361,0.0,0.487280965994414,0.004195979213473979,0.48031128181469596,0.004193304488549242,0.47087599587577994,0.0039118300803622,0.6849244504095457,0.007068292710335207,0.5262661549470189,0.011953956028563405,0.5394418874939236,0.053858494449757294,0.48679892699879557,0.055796323682141935,0.9801378097014992,0.1644039780304198,0.5750558997384962,0.13457628937493527,0.6965443931352302,0.3709602386342905,0.31915348867982424,0.28027090762912865,0.17110999174927846,0.353999754033014,0.09053231739024935,0.29708092549000825,0.004695480257015761,0.3578090649587106,0.01510641442675248,0.32516560900443814,0.0,0.3276122104100904,0.013796207014726633,0.29712828068699787,0.03955807877312439,0.3234519181305116,0.11387413502274041,0.2895394577844306,1.0,0.48554936776593494,0.6705371019287589,0.47910001358365334,0.831744109322142,0.6898379642665008,0.5224310279277881,0.6827720949646544,0.8666627664638398,0.9221807272857109,0.6134899541802217,0.927978956484972,0.9305694366743676,0.9632881258746373,0.6621111971726897,0.9701963120641421,0.6927423472235418,0.9828493765638053,0.47588493184884445,1.0,0,0,0,0,0,0,0,0,0,0,0,0,0,0,0,0,0,0,0,0,0,0,0,0,0,0,0,0,0,0,0,0,0,0,0,0,0,0,0,0,0,0,1.0,0.96776798422068,0.8186895147701908,0.9315425257534742,0.660384974487672,0.8047975326357713,0.5492497452731822,0.8864551534405634,0.44147056666309853,1.0,0.5601385733712351,0.10178957725862223,0.30144837470414027,0.0,0.13061043250036672,0.09656731372561375,0.011597008297949102,0.28065457891055356,0.583100907501457,0.21081884480037738,0.2955745427802292,0.1511926764078101,0.12371224195281309,0.3063968002045334,0.0,0.529556067089117,0.6179841098041081,0.4398872545621662,0.3430332710888035,0.45134724676613064,0.20151418739171634,0.6655680798256425,0.10159833644555982,0.904112363738172,0.6520176445401239,0.7578385716510581,0.47404512133718696,0.6576226052622339,0.3498006291851517,0.7032312136698892,0.2441643275410239,0.7939271943904553,0.9513422818791947,0.8154761904761905,0.10738255033557047,0.7098214285714286,0.05285234899328859,0.6369047619047619,0.22063758389261745,0.7172619047619048,0.3884228187919463,0.8630952380952381,56,63,63,63,64,0,0,0,0,1
1476d34c-f4a0-4373-8b00-81b9260b32cc,USE_COMPUTER,0.4816683314646825,0.030486892848461313,0.52589118336561,0.0029241711627336574,0.5474517990011212,0.001672201129862669,0.5676216491692998,0.0,0.48729042911018244,0.0041766156824471256,0.4802728366119662,0.004024688645383864,0.47079204974008765,0.003600552156688695,0.68250200795026,0.006444863533934204,0.5266134746712874,0.011450517227157292,0.5387787585363367,0.055355003755745855,0.4872269901131383,0.057605786841530886,0.9807660788910406,0.1661540505481783,0.5782386301090613,0.13544745204215486,0.6934771175211497,0.37584642977850224,0.318852879421058,0.27280865551598255,0.17099614718173478,0.35852583507859326,0.09246617062480889,0.30137608484116735,0.004715686474365508,0.36255145444816816,0.012086596677199062,0.3293635817478781,0.0,0.3324609588576109,0.022379451635918868,0.3015898594131985,0.03955176842319845,0.3275966657444589,0.11401227193965957,0.29507526456291366,1.0,0.4920704488864524,0.6744752624605035,0.4799576757736508,0.7809151360717562,0.6849263559921484,0.5064653144429722,0.6721916401258193,0.8365888084802773,0.9206727347450655,0.6048970339414942,0.9265378301059711,0.9044517378452757,0.9609471779347558,0.6592484354296199,0.9690125782812042,0.6621134644786464,0.9833309852317795,0.44634357353990417,1.0,0,0,0,0,0,0,0,0,0,0,0,0,0,0,0,0,0,0,0,0,0,0,0,0,0,0,0,0,0,0,0,0,0,0,0,0,0,0,0,0,0,0,1.0,0.9540971212369367,0.7761562964156419,1.0,0.5892623917583818,0.843600331535037,0.45555207724853725,0.8745675899685836,0.33436788831374076,0.9888487429296514,0.5506028711507368,0.12370856018833308,0.2994574916816467,0.0,0.12444748086027774,0.10667603038078553,0.0,0.3210628973581422,0.5926736427548093,0.2058528176342229,0.31632283974170716,0.09220776857398574,0.1362370383757669,0.2926425360775964,0.003004115297850795,0.5706538552528616,0.6454627581308598,0.4041939843927069,0.38646214221398906,0.33765950160556263,0.23784246877157478,0.548569717483841,0.12383503953808965,0.7858811403878827,0.6954088747141671,0.7064136478614832,0.5429961364311726,0.5318730240660687,0.42596845542397843,0.5310375690077607,0.3186077647232309,0.5647361864537166,0.29446308724832215,0.5223214285714286,0.950503355704698,0.8154761904761905,0.10738255033557047,0.7113095238095238,0,0,0,0,63,56,63,0,0,1,0,0,0,0
1476d34c-f4a0-4373-8b00-81b9260b32cc,USE_COMPUTER,0.4817561978414625,0.031126858579392725,0.5252901299527667,0.002896691633152948,0.5458755292332542,0.0016893314878901877,0.5653121558454272,0.0,0.48737573725557376,0.003936983306844272,0.480356166842058,0.0036843342263595544,0.47087459109338164,0.003165197811236009,0.6803103203543721,0.006054401370523072,0.5268958991050962,0.010940681571090396,0.5383764469787817,0.056187716615019145,0.4875286132661136,0.05852261917700856,0.9810574060024636,0.1664174863262816,0.5811982085607302,0.135292554824722,0.6921140778085053,0.3770811201762076,0.31829764322948534,0.26572043107372995,0.1708866645456548,0.3596013129236337,0.10190279239372507,0.30235021640717,0.0046550500477227676,0.3640477972564358,0.009380501374578857,0.33025991948632105,0.0,0.33372249293689266,0.02608289893378364,0.30236776199201265,0.0395029490222951,0.3290870081514658,0.11477888451090282,0.2960254368400974,1.0,0.4938817481172725,0.6778672409714235,0.48009781920493466,0.7705521972867363,0.6831886244705629,0.5054338692967214,0.6720631086055918,0.830593964905411,0.9197814392746024,0.6047910395405562,0.9267675919540059,0.8987531713206562,0.959777737816913,0.6585668485842245,0.9690909195688734,0.65821557638498,0.9830859827992336,0.44109476844260626,1.0,0,0,0,0,0,0,0,0,0,0,0,0,0,0,0,0,0,0,0,0,0,0,0,0,0,0,0,0,0,0,0,0,0,0,0,0,0,0,0,0,0,0,1.0,1.0,0.7727540237323582,0.98919818496223,0.5781182085871783,0.8243461226754039,0.43139041874127515,0.8487823904931546,0.3027573955509312,0.97652759178119,0.5553271393793033,0.08689731688184485,0.29433774440427785,0.0,0.12528297424578752,0.10146009127195663,0.0,0.30848014423222775,0.5942401026734835,0.1783616987158651,0.3146322330517877,0.0757513900987696,0.1465897506115905,0.256929257732763,0.02039665747147251,0.5285799106349598,0.6404547972220964,0.40913586346478054,0.3770084028291611,0.29304798928659653,0.23035062212897564,0.44968817581769877,0.11497258140047482,0.6646349338430001,0.6821980595839675,0.7653747307563957,0.5183660211724479,0.6193439340553613,0.38841420379192293,0.6355579247548095,0.2664817732549726,0.6956994699638986,0.2911073825503356,0.5223214285714286,0.950503355704698,0.8139880952380952,0.10738255033557047,0.7113095238095238,0.05285234899328859,0.6369047619047619,0,0,63,56,63,63,0,1,0,0,0,0
1476d34c-f4a0-4373-8b00-81b9260b32cc,USE_COMPUTER,0.48180358155146186,0.031218039791445083,0.5243981876093491,0.0027549726174928594,0.5438868520112071,0.00161264898035967,0.5631913409814805,0.0,0.48739996982067774,0.0035393318177160825,0.4804037503925351,0.003199292232810843,0.47094408260977727,0.002595577340290992,0.6794011443672742,0.005739129894992874,0.528348905591739,0.010356964795829416,0.5375663231389758,0.0565292164160129,0.4878215015436316,0.05883305577055073,0.9809723451372547,0.165954285419806,0.5836211108437568,0.13425857403431282,0.69065460581319,0.37651226934999255,0.3169465051121325,0.2597858167514831,0.17043747782431556,0.35878220318580084,0.10343783263526658,0.30097422488927045,0.004977059636787779,0.36340923926579144,0.0073336568774189335,0.3287991783512306,0.0,0.3330814548801631,0.02740600568513179,0.3009258498276101,0.03923083511078666,0.32853735797194844,0.11516951399056284,0.29429494017975505,1.0,0.4931427064502635,0.6782011492612183,0.478516174139423,0.776997809959992,0.6829466135280511,0.5061189799389073,0.6717086128711861,0.8326807802578293,0.9195100682479558,0.6045748589932342,0.9265272070327569,0.900786375259481,0.9595807075919811,0.6585087336511678,0.9687444208668565,0.6594465764821513,0.98224741757704,0.44360047471258274,1.0,0,0,0,0,0,0,0,0,0,0,0,0,0,0,0,0,0,0,0,0,0,0,0,0,0,0,0,0,0,0,0,0,0,0,0,0,0,0,0,0,0,0,1.0,1.0,0.7807839186503259,0.9853989848759946,0.5923362473045972,0.8271343012719994,0.45226910106922813,0.8525324493636517,0.32981332552524684,0.9805334325852539,0.5519410621809872,0.0833864313675584,0.28650673323391257,0.0,0.1195967255664378,0.11157560390115834,0.0,0.3170558440233986,0.5903843911057293,0.17747585746424707,0.3058518465214726,0.08982531255202664,0.14585373237287252,0.27831185732129643,0.02918057275292121,0.5459189766127492,0.6379217421296721,0.41269070620240245,0.3746258694147161,0.3217732157535112,0.23636641100146152,0.49487513172816017,0.13152275056389437,0.7147384743852468,0.6801213892769497,0.7699139419602894,0.5088106481125357,0.6308238229015671,0.37699037967647725,0.649525081303187,0.2541668631095208,0.7067864081816589,0.2911073825503356,0.5223214285714286,0.950503355704698,0.8139880952380952,0.10738255033557047,0.7113095238095238,0.05201342281879195,0.6369047619047619,0,0,63,56,63,63,0,1,0,0,0,0
1476d34c-f4a0-4373-8b00-81b9260b32cc,USE_COMPUTER,0.4856556519334257,0.030630682576210946,0.5249672333322728,0.002505617930548964,0.5422619780599137,0.0015003544933028053,0.560522741391104,0.0,0.49104760960995825,0.0029145665023721226,0.48431073900666055,0.002452029929017534,0.47511607484263946,0.0017152542473147072,0.6767880836763824,0.004964202575937804,0.5346002166984072,0.009192305025899072,0.5390021915150502,0.05608511111148033,0.4922701105246075,0.058336081049743485,0.9814681814991245,0.16389162676612404,0.5895802118067843,0.1315513134875632,0.6909394628071908,0.3733060143466492,0.3190370352199275,0.25621752733713843,0.17338439015298993,0.3549032555815555,0.11320293701391927,0.29297082623550974,0.011844657537418446,0.35989006188692974,0.0,0.3162200948140636,0.0063093191244723715,0.3297423103637022,0.025540391956462127,0.28611663783656527,0.04405164653466733,0.32539366686225524,0.12185492411629173,0.2857694752263034,1.0,0.4886474777314466,0.6804895897570291,0.47449009373299184,0.7845733176302686,0.6791585014954339,0.5102813541326886,0.6674012757011752,0.8398868692795964,0.917963579987432,0.6075676530791762,0.9238907233472771,0.9080941623638278,0.9593445451604712,0.6603617193997698,0.9652142115087929,0.6665121134053378,0.9783760819823756,0.4626878552792083,1.0,0,0,0,0,0,0,0,0,0,0,0,0,0,0,0,0,0,0,0,0,0,0,0,0,0,0,0,0,0,0,0,0,0,0,0,0,0,0,0,0,0,0,1.0,0.9176647157646832,0.8057553474025126,0.924259291079082,0.6480071286272298,0.7913058773806393,0.5402709027481752,0.8479053794893887,0.4422316480724992,1.0,0.5367177742178829,0.02646380760583039,0.2784526802569587,0.0,0.11632935351453999,0.1056101122250462,0.0,0.276729488044991,0.5707408130065135,0.12139865584020573,0.28830251428273157,0.11322017721801432,0.13452748610253243,0.28278903792328697,0.018757883931134676,0.507140594423846,0.6157287144733752,0.3424749120302546,0.35103617380627183,0.391580800648871,0.23374366023192894,0.6329521921791822,0.15271791341004645,0.8842276618736965,0.6526961646345025,0.656946902186438,0.4731964361835,0.5805758893270976,0.3450531477934935,0.6422821562909463,0.22971255575453958,0.7357414092586274,0.950503355704698,0.8139880952380952,0.2902684563758389,0.5223214285714286,0.10822147651006711,0.7098214285714286,0.05201342281879195,0.6369047619047619,0,0,56,63,63,63,0,0,1,0,0,0
1476d34c-f4a0-4373-8b00-81b9260b32cc,USE_COMPUTER,0.4879135861829142,0.030191262228192677,0.5265821840616044,0.0024323402100985213,0.5436921146892486,0.001463060147507434,0.5621063464577293,0.0,0.493168650277893,0.002782087529243873,0.4865256718637063,0.002314732153805492,0.4774749883420836,0.001577718047879293,0.6779624741155591,0.004782166549984682,0.5369853389366515,0.008867933410528477,0.5404991867853157,0.05539650756198264,0.4945802469424199,0.05755258286422385,0.9816614872947842,0.1620843716720816,0.5892551749347991,0.1299213012424663,0.691893492921194,0.36988763543862674,0.2966285442663713,0.25371643177302,0.17558598298367104,0.35154917664677565,0.11333186352428258,0.28602929048731995,0.016246974963008417,0.35675907960709785,0.0019881087238752112,0.31057585468958143,0.01076064551629164,0.32663056701435733,0.0,0.2790517192558505,0.047876197076100316,0.3224283504409497,0.11978755808518088,0.27777410265170693,1.0,0.48416121917962607,0.6789899979145037,0.47115729386142957,0.8020070546001304,0.6771780118834091,0.5127180235777886,0.6668113449675779,0.8503190390509792,0.9176595193196934,0.60673951216463,0.922522100242425,0.9182382332777067,0.959075364665063,0.655571702690548,0.9630488446094416,0.6746773945005888,0.9774555962168286,0.47207025826886406,1.0,0,0,0,0,0,0,0,0,0,0,0,0,0,0,0,0,0,0,0,0,0,0,0,0,0,0,0,0,0,0,0,0,0,0,0,0,0,0,0,0,0,0,1.0,0.875158966480727,0.7771706191397577,1.0,0.6200415204761467,0.8677445153190088,0.5232385273319865,0.888886575246962,0.4332148351808624,0.9622575592465856,0.523411799404293,0.007539387825770423,0.26678189882755887,0.0,0.11058373242005239,0.10886147994419496,0.0,0.27902058909950744,0.5622125272965842,0.09315262247456343,0.2794145548042113,0.13057038214423705,0.13409513210187998,0.3212568936889247,0.024915028123677865,0.5451865836531943,0.6087469237974357,0.3079950981639709,0.34200117525834367,0.3903013672852574,0.22587223789981284,0.6178310840877734,0.14239050139951479,0.8390491857137238,0.6450383230454598,0.627038607742834,0.46652844790855624,0.5977147387474097,0.33906527321016805,0.661312899247835,0.2221921385338889,0.7316121379825197,0.28942953020134227,0.5223214285714286,0.950503355704698,0.8139880952380952,0.05201342281879195,0.6369047619047619,0.10822147651006711,0.7098214285714286,0,0,63,56,63,63,0,1,0,0,0,0
1476d34c-f4a0-4373-8b00-81b9260b32cc,USE_COMPUTER,0.4865222798823244,0.03018140853332054,0.5250986520946882,0.0024336922640333515,0.542189327194532,0.0014626920119324733,0.5608653835666958,0.0,0.4917721991954335,0.0027831936972064777,0.4851291737541197,0.0023117424244138655,0.47606412779995627,0.0015714982079112604,0.6772191520585357,0.004808654528107438,0.5359974212510084,0.008881065866219976,0.5391583276748159,0.05534223486297163,0.49328067041010754,0.057518775178971256,0.9817401627633331,0.16215018061194886,0.5881695850613523,0.12973118442604958,0.6910834825552721,0.3700190048759116,0.2951341866418055,0.2547557676562267,0.17238411888097482,0.3516882566703765,0.1285491022649285,0.2846639658229057,0.013356982637473699,0.35721256992178535,0.018736728066798648,0.31038107967066664,0.007980226359548865,0.3268001699983661,0.0,0.2787789446432637,0.0451936263213362,0.3226263570789429,0.13382333872861696,0.27608612707423125,1.0,0.48427745942058437,0.6782088035356006,0.47129392925696323,0.8018085981728206,0.6778558842924859,0.5141182871839326,0.6677409996139281,0.8506558561717291,0.917722021894305,0.6057091175984672,0.9227786676491209,0.9187847564588897,0.9589189805710334,0.6546586530479852,0.9632907809379149,0.6750821511710808,0.9778871049721807,0.47225368685569147,1.0,0,0,0,0,0,0,0,0,0,0,0,0,0,0,0,0,0,0,0,0,0,0,0,0,0,0,0,0,0,0,0,0,0,0,0,0,0,0,0,0,0,0,1.0,0.9103825296480591,0.8031958209677675,0.9024273497605482,0.6485963264350669,0.7779099713210442,0.5440565436987193,0.8496691233536419,0.44850477495992763,1.0,0.5301271801748901,0.0,0.2672226873085652,0.0028711462399199036,0.11089631175509038,0.12519432857192778,0.0,0.3033321712220616,0.5580102085350177,0.12319923544455633,0.27701239664503025,0.18591504885337,0.1312037779117932,0.39270665467172794,0.018119356144165304,0.6335790020308504,0.5995054434939932,0.36021386098061065,0.34178754503181985,0.43908302106672065,0.23530812080430402,0.6617126594550755,0.1550433654441288,0.883962783183356,0.6371511521797781,0.6786802966878204,0.47241503467648505,0.6334473502644006,0.350507004729333,0.6874180731870049,0.23454362135182746,0.7600410883537759,0.950503355704698,0.8139880952380952,0.28942953020134227,0.5208333333333334,0.05201342281879195,0.6369047619047619,0.10822147651006711,0.7098214285714286,0,0,56,63,63,63,0,0,1,0,0,0
1476d34c-f4a0-4373-8b00-81b9260b32cc,USE_COMPUTER,0.4845796848005198,0.02952527528385507,0.5232709289384437,0.002501979720145161,0.5404748991653124,0.0015242716490966824,0.5592758987002087,0.0,0.489796603931214,0.00303766496784012,0.4831277367038912,0.0026344233921959184,0.47403484480692026,0.001947583744242621,0.6762332633243461,0.005297474923771459,0.5344158923322145,0.009482658699474213,0.5374660057195103,0.054528990686934474,0.49134738251748683,0.05696124030951533,0.9814119160684095,0.16310042060520394,0.5867277306020416,0.1306251415656053,0.6897444785563803,0.37109986247433463,0.29196311756479076,0.2538629721632773,0.16704640943475776,0.35292050444340817,0.12465681153041853,0.2858374310039631,0.007988879054524894,0.3584491982788378,0.006155321932611563,0.31129917850656585,0.0032803932966638137,0.32816189595373796,0.0,0.279950912622114,0.040527560074819065,0.3237646935194504,0.1298497938840642,0.27725834455418,1.0,0.48600316961911505,0.6771342598407741,0.4729116066944012,0.7872028634552113,0.6758871092564928,0.5061912676689928,0.6661622445317036,0.8420781276928874,0.9163301198322423,0.5994853024943257,0.9216439666431955,0.9120843561234171,0.9568384112684418,0.6516295021831964,0.9622747480791725,0.666602564789147,0.9790816959527335,0.4547539737484149,1.0,0,0,0,0,0,0,0,0,0,0,0,0,0,0,0,0,0,0,0,0,0,0,0,0,0,0,0,0,0,0,0,0,0,0,0,0,0,0,0,0,0,0,1.0,0.8564939360192361,0.7662057364965809,1.0,0.6073028902272045,0.8709064883601205,0.5061377602694496,0.8888937264265516,0.41149180394412604,0.9452133583255805,0.5216913071414641,0.003567811329920578,0.2647221597946259,0.0,0.11082223909692404,0.09845051122588806,0.0,0.26104142510804257,0.5620050412896672,0.07580777967714783,0.2753703001507833,0.13225496980612678,0.12890831129666683,0.3310617274897915,0.01536370647655236,0.5661187009530968,0.6076899963269472,0.27993913868405734,0.33635262890583617,0.3541955964149263,0.22246868747271198,0.5785544826406234,0.13750483882624678,0.7991500191719256,0.6406848510829566,0.5912866271618065,0.4680691919976952,0.5619757318557965,0.3446828353591226,0.6182785596766285,0.22746072259145259,0.6813343354674513,0.9496644295302014,0.8139880952380952,0.28942953020134227,0.5208333333333334,0.10738255033557047,0.7113095238095238,0.05201342281879195,0.6369047619047619,0,0,56,63,63,63,0,0,1,0,0,0
1476d34c-f4a0-4373-8b00-81b9260b32cc,USE_COMPUTER,0.48397911853693193,0.02928202981944711,0.5227155006332397,0.0026047414173112483,0.5400046497184969,0.0015903608475485275,0.5588108101077727,0.0,0.489255085832828,0.0033098932096973957,0.4826310253279596,0.0029503948221214194,0.47361203464202856,0.002294824015137423,0.6762490428245577,0.005602452011685963,0.5340429302330875,0.00987094718256866,0.5369452650095677,0.053989198920055104,0.490876309359103,0.05658281361037917,0.981507289165343,0.16358244003142666,0.5863090176900654,0.13104537140389486,0.6894643231651902,0.37149174887049674,0.28951716087538265,0.2530911596976176,0.16545096579205354,0.35338936141738553,0.12090861352222679,0.2867301548526891,0.006507980120014762,0.3596080057706758,0.0,0.311633871967797,0.0017728271101349231,0.3288027741431174,0.0020229527013076115,0.28804401472243574,0.03909242697422007,0.3245111919198216,0.12496646837622401,0.2788620366495178,1.0,0.48628633617086015,0.6769383717206072,0.47353213508390213,0.7881181808870558,0.6763750500725366,0.5076388696957036,0.6667208203623453,0.8423639754117683,0.9161538420416131,0.5996491576043219,0.9216025313847547,0.9123419136355434,0.9560984294914805,0.6517499036727898,0.9620795345331291,0.6664817075847314,0.9790410156708351,0.45568948334474085,1.0,0,0,0,0,0,0,0,0,0,0,0,0,0,0,0,0,0,0,0,0,0,0,0,0,0,0,0,0,0,0,0,0,0,0,0,0,0,0,0,0,0,0,1.0,0.9130566176347821,0.7986223039344642,0.9304835289599787,0.6442039515822854,0.7992211109812499,0.5381336558348543,0.8634848813717797,0.4402415006794121,1.0,0.5243601533759531,0.01918922077705241,0.26463922488972674,0.0,0.10920045756879403,0.12030287345766617,0.0,0.3044729768086421,0.5559678219759986,0.13713121733758535,0.2736273244946772,0.17865526856226938,0.12608238461418755,0.39739869433823655,0.01442586651905108,0.6522473410916134,0.5982109267645386,0.37559397592373067,0.33670581592069665,0.4317825121466615,0.2220898227007378,0.6709031105471424,0.13858154167880124,0.909242315462575,0.6338530755593694,0.6984672666254821,0.46623503434606617,0.6309835873975256,0.3424659361473666,0.6884084951496836,0.2276975352692811,0.7691892207770524,0.2911073825503356,0.5208333333333334,0.9496644295302014,0.8139880952380952,0.10738255033557047,0.7113095238095238,0.05201342281879195,0.6354166666666666,0,0,63,56,63,63,0,1,0,0,0,0
1476d34c-f4a0-4373-8b00-81b9260b32cc,USE_COMPUTER,0.4874726785316952,0.028630358870191146,0.5263634091978074,0.0027892489701173535,0.5440546277008708,0.0016875937281571466,0.563378758919527,0.0,0.4926143737545089,0.003829446672961496,0.48592449933691945,0.0035977185691934708,0.4768783812443003,0.003046890948213367,0.6813641575414504,0.005891556296764896,0.5370623197935956,0.010654371311736154,0.540707327730438,0.05296213436551222,0.49389107978451285,0.05572976139038305,0.9842605855591431,0.16329931769147593,0.5882762374699287,0.13175996863645772,0.6927477801650723,0.37070477082180703,0.2698758564298036,0.25560558398006816,0.16754709411686203,0.3526799310117483,0.09363779173690111,0.29125019926813595,0.008536413375088491,0.35873613147873906,0.0,0.3109936501089573,0.003796713528920569,0.32835717217416144,0.021138406258613386,0.2875288803547225,0.04108769161691356,0.3239268554297952,0.11184971402029352,0.27896500310533695,1.0,0.4851560567053998,0.6730957954004853,0.47492474697455067,0.793036582964342,0.6774523686038535,0.5108214890400857,0.6699225216634219,0.8434510724615812,0.9166896891994145,0.5942365888630986,0.9233320084857569,0.9124065599062325,0.9569967460685569,0.6420566031325494,0.9639784523520132,0.6621601197936445,0.9772719633159084,0.4563023122555713,1.0,0,0,0,0,0,0,0,0,0,0,0,0,0,0,0,0,0,0,0,0,0,0,0,0,0,0,0,0,0,0,0,0,0,0,0,0,0,0,0,0,0,0,1.0,0.8769664433310698,0.7885763626279433,1.0,0.6317329703020219,0.8792149247846183,0.5318650733625775,0.9359667844368157,0.43263701910956487,0.9879885400987016,0.5178034084606464,0.025658819148237047,0.2646059597640297,0.0,0.1077355921948268,0.11672701213272456,0.0,0.29006506044456404,0.5414659910250592,0.09713299055856849,0.2518272576009681,0.0691959605569099,0.10509655624464277,0.26212490103239255,0.006416578429889578,0.4973118363693831,0.5686325820602027,0.2946754644827554,0.29644380577824836,0.3464140084932201,0.16811853980739172,0.5819522201602884,0.08039378813089296,0.8174137612697896,0.5829650078152574,0.5956958087805,0.38990873796198255,0.587969294224047,0.25874123934856047,0.6862891137196486,0.14790198154590833,0.8040441372058745,0.950503355704698,0.8139880952380952,0.10738255033557047,0.7113095238095238,0.29194630872483224,0.5223214285714286,0.05201342281879195,0.6354166666666666,0.24664429530201343,0.5193452380952381,56,63,63,63,62,0,0,1,0,0
1476d34c-f4a0-4373-8b00-81b9260b32cc,USE_COMPUTER,0.5051953914552563,0.028695900826190637,0.5446631401903298,0.003080531651120566,0.5630949833924928,0.0017722799407911265,0.5839707911603325,0.0,0.5101233855794899,0.0047713360785806855,0.5033345590733989,0.004820253533866443,0.49432999247524284,0.004569647570898297,0.7042749347402905,0.005947926788411182,0.5532127176993027,0.011512782931176427,0.5595168713360604,0.05236493036013552,0.5113939486937757,0.05457387761809962,0.9989031599924931,0.16021359586284417,0.5909951414302359,0.13111694338307298,0.7290660817718394,0.36627892097202036,0.2770591581517743,0.2740246722927872,0.18560845990978403,0.350763854369003,0.07981984702958629,0.2734069800297302,0.03965663814482538,0.3557166440239631,0.0,0.2861323050535375,0.03279838727860239,0.3275991979108978,0.005101311714890373,0.26714508140344984,0.0669685544956085,0.323447768686267,0.058785969077287,0.2667453477472958,1.0,0.47541899657851067,0.6704474286465997,0.47168819674668383,0.8486996638920172,0.6825583982707045,0.5368971820360251,0.676637939553206,0.8680009336603199,0.9197193656132935,0.5926853326278434,0.9248740759507877,0.9316265754504108,0.9596514398243058,0.6325681676656691,0.9646367696777072,0.6831564661248863,0.9794215213550053,0.47149327094657034,1.0,0,0,0,0,0,0,0,0,0,0,0,0,0,0,0,0,0,0,0,0,0,0,0,0,0,0,0,0,0,0,0,0,0,0,0,0,0,0,0,0,0,0,1.0,0.8840117452211612,0.7892784481687025,0.9786425557528011,0.6373807497014317,0.8635926370371162,0.5359420098300691,0.9215917231130482,0.43015101759730284,1.0,0.52454186748236,0.009587811090827117,0.2605600338613416,0.0,0.10458911391435745,0.13290958178437953,0.0,0.30916647531222563,0.5468213294982321,0.0854358799875804,0.24758614685101588,0.10962358992120266,0.10425763361881549,0.3148010689402371,0.005364263801669884,0.5376337605686774,0.5692182782011319,0.2817678251429818,0.28650649664664674,0.3658785915194255,0.15855195560262017,0.6246297196206071,0.07083004868879088,0.8687458566359813,0.5788768377618996,0.566663437163143,0.38271340748631466,0.5560571881501124,0.25186234756233483,0.6475129135639911,0.13727689986200559,0.7525378939008919,0.950503355704698,0.8139880952380952,0.2961409395973154,0.5223214285714286,0.05201342281879195,0.6369047619047619,0.10738255033557047,0.7113095238095238,0,0,56,63,63,63,0,0,1,0,0,0
1476d34c-f4a0-4373-8b00-81b9260b32cc,USE_COMPUTER,0.5184738626926453,0.029002668512915008,0.5568734546993471,0.003218902852498674,0.574815313445238,0.0018296466740092454,0.5951315050954191,0.0,0.5232772831711128,0.0050474248973543835,0.5167149280954416,0.0051182408315143795,0.5080335515157024,0.0049035259194709115,0.7123058674757103,0.0057740781405902835,0.5653217688945821,0.011428249391905876,0.57142936040076,0.05231314259837105,0.5249715220488534,0.05443994128650363,0.9986647434680598,0.15980259080996612,0.6019434909715545,0.13081750578461038,0.7369241666757399,0.3658673552396097,0.295776363624027,0.2737314156371222,0.20762386981706418,0.35037821278433434,0.10406290696171702,0.2730748107240209,0.06687146806737633,0.3554237632997662,0.0,0.28672973658364725,0.0595695304621373,0.32723948563675415,0.035373252485775226,0.26717429213431154,0.09292443429510622,0.32307335941687515,0.082598129599412,0.26777766460081215,1.0,0.4754722487402636,0.6792881703561373,0.47119515911056903,0.8537128794502568,0.6827920993052541,0.5487546152900601,0.6767522338080446,0.8733612850400301,0.9195483146575274,0.604164605476824,0.9247612385530157,0.9350920470183242,0.9592472239421908,0.6428701608982543,0.9641673872326315,0.6936286866500698,0.979220280683873,0.48846972374454406,1.0,0,0,0,0,0,0,0,0,0,0,0,0,0,0,0,0,0,0,0,0,0,0,0,0,0,0,0,0,0,0,0,0,0,0,0,0,0,0,0,0,0,0,1.0,0.8661920913566332,0.7894026265678388,0.9643795103768097,0.6348909475268213,0.8491333544975795,0.5316364484486689,0.9152911172443544,0.42608691795569237,1.0,0.523661364292734,0.032505092330289836,0.2602631368177356,0.0,0.10355869444358207,0.13639470610304963,0.0,0.3193153113194794,0.5470854509826737,0.10650071467305038,0.2488218951788687,0.1060655311896686,0.10425239553850275,0.3055101975717825,0.005878588481326813,0.5266312545284145,0.5720670388146504,0.30190721250168984,0.28918856799379505,0.36453793843027116,0.1583819519793961,0.6158226031111442,0.06807740963297498,0.8587795419712825,0.5845867912945861,0.5872858069425816,0.3884793962426394,0.5592601425092999,0.2571690055707407,0.6351932047580061,0.14197627328327242,0.727852350522448,0.950503355704698,0.8139880952380952,0.2961409395973154,0.5223214285714286,0.05201342281879195,0.6369047619047619,0.10654362416107382,0.7113095238095238,0,0,56,63,63,63,0,0,1,0,0,0
1476d34c-f4a0-4373-8b00-81b9260b32cc,USE_COMPUTER,0.5235910363656981,0.0291185415938118,0.5614695315936582,0.003325792533315294,0.5791830584171457,0.0018766979793785742,0.599435878712054,0.0,0.5282608939459456,0.005326053674161305,0.5217920975666895,0.005472261166806755,0.5132190614925849,0.0053580588509050345,0.7151481893164624,0.005684636464965288,0.569702686772496,0.011614134819747646,0.5762221070247867,0.05224583891247158,0.5305372548091122,0.05441398904731144,0.9972907660809459,0.1594965591047266,0.6061230586912935,0.13075013340987948,0.7390080773894157,0.3653465455457647,0.3035614595625848,0.2731953863262866,0.2161197003814392,0.35014214310265174,0.09137032749440178,0.27267827538705447,0.07768871956804285,0.3553706656811093,0.0,0.2888433680379402,0.07039358581509732,0.32688070932458074,0.049222604229102775,0.26729698380896444,0.10334964927780761,0.3229505092808148,0.09052911449032819,0.2685969467204028,1.0,0.4761908319450605,0.6832479840794928,0.4709076776888632,0.851130921747019,0.6818701835440721,0.5491035991860305,0.675675122458136,0.8725566582387004,0.9182111720104941,0.6082545573946992,0.9243374085937947,0.9340791501918411,0.9577754900861781,0.6465956769393149,0.9638578644216851,0.6949445910027203,0.978456432939785,0.4916405187872202,1.0,0,0,0,0,0,0,0,0,0,0,0,0,0,0,0,0,0,0,0,0,0,0,0,0,0,0,0,0,0,0,0,0,0,0,0,0,0,0,0,0,0,0,1.0,0.8980155561749888,0.7904477559048142,0.9978196472694802,0.6348674576232322,0.8726371637933885,0.5324130289995403,0.9231923702615321,0.4267058844375144,1.0,0.5271260301700282,0.048344144544236196,0.267456216145228,0.0,0.11448033153052492,0.14122134399178568,0.014073735523941845,0.32543398389578404,0.5519493886467889,0.10836329448226663,0.24875238292776225,0.07729346492616408,0.09969158739208425,0.2661739022250779,0.0,0.4871438717836057,0.5794605437192331,0.29324051282778124,0.29261857834190963,0.3184496109381422,0.15432564577472643,0.559743554612757,0.0587883522386753,0.8048485879282948,0.5969389084549247,0.5777478035052576,0.41333986152180097,0.5170034441541507,0.2903091317856767,0.5731351251753968,0.1810201692881912,0.6555570253972903,0.950503355704698,0.8139880952380952,0.2961409395973154,0.5223214285714286,0.05201342281879195,0.6369047619047619,0.10654362416107382,0.7113095238095238,0,0,56,63,63,63,0,0,1,0,0,0
1476d34c-f4a0-4373-8b00-81b9260b32cc,USE_COMPUTER,0.5163577570322093,0.02927427463133765,0.5542397122035903,0.0034965064267493823,0.5719008018216233,0.0019507850133279423,0.5923049901752152,0.0,0.5210667536495979,0.005696245878686937,0.5146501420006806,0.005872200784875139,0.5060744299978202,0.005790695933214593,0.7089763875842321,0.0055455572982049265,0.5630390497951144,0.011575365036444223,0.569636004660696,0.05227798928048048,0.5239691816965749,0.054427713175886024,0.9927295024252242,0.1595473964798784,0.6022745200126084,0.1306176675165864,0.7331218351725728,0.36617572906054147,0.3005496547603552,0.2727937072619967,0.2065234061972202,0.35058663790097566,0.08430418098304303,0.27260683987074696,0.06753179137269416,0.3559955216730423,0.0,0.29125135552410947,0.06025509940047642,0.32704701681633563,0.03419503413191401,0.2679139363685507,0.0935268546731632,0.3232572106072707,0.08298783232158174,0.2696174252130578,1.0,0.47611420172381247,0.6788001060104474,0.4709491014415518,0.8534992072739476,0.682042423498175,0.5509344130926039,0.676266438022764,0.8767705391321257,0.9182918052354644,0.6124243930666659,0.9243430991575259,0.9392364111386243,0.9576343094664149,0.6499371935145443,0.9636843908901362,0.6976947432304645,0.9788056716606918,0.5051676956684695,1.0,0,0,0,0,0,0,0,0,0,0,0,0,0,0,0,0,0,0,0,0,0,0,0,0,0,0,0,0,0,0,0,0,0,0,0,0,0,0,0,0,0,0,1.0,0.9263133108126826,0.7932163649450044,0.9965518309028304,0.6407126078777193,0.8678231721526124,0.5362095006815322,0.9331387627330489,0.42831071608680726,1.0,0.5514998878619165,0.14145641145978466,0.30612334482801246,0.0,0.14578783373693793,0.10410015986076958,0.03216256464968643,0.28968449904588706,0.5733588673473327,0.1995448612340078,0.28110482123120806,0.02620021868822913,0.11547977314049451,0.15121427372531,0.0,0.3500991593050864,0.5970067583062281,0.37760955188467865,0.3173666698369747,0.31099356482997886,0.1792988304590749,0.534825530139703,0.0837420465843547,0.7757117552256221,0.6088777538476986,0.6492547163815735,0.43305230276626616,0.5380553369216454,0.3175420038482662,0.5618054978416351,0.21620928876704368,0.6161614186380384,0.950503355704698,0.8139880952380952,0.2953020134228188,0.5252976190476191,0.10570469798657718,0.7113095238095238,0.24664429530201343,0.5223214285714286,0,0,56,63,63,62,0,0,1,0,0,0
1476d34c-f4a0-4373-8b00-81b9260b32cc,USE_COMPUTER,0.5100418605095088,0.029524793008154974,0.5479599775383017,0.003642323114016834,0.5657894041457909,0.002033839070055848,0.5860688249595881,0.0,0.51476437026906,0.005987304481148194,0.5083312818115696,0.006159907665322034,0.49970960548388527,0.006073998434265474,0.7035464415490621,0.005348041355137953,0.5570031853868652,0.011474634002063961,0.5637440612684707,0.05242248337138284,0.5185952272756136,0.05452466459909049,0.9887260826809152,0.15951830050317806,0.5998582063881114,0.13038228377233302,0.7256041195871673,0.36600175264105345,0.3019092522461501,0.2723821993077039,0.19809875401308813,0.3505869578337448,0.0911587155309834,0.2724685544035677,0.058466279963030804,0.3561664386930183,0.0,0.29325655517573423,0.051097997322990876,0.3270201135678302,0.024665431047137462,0.2687935939856618,0.08466197139659372,0.32328009255725365,0.07597553508039112,0.2705467344076797,1.0,0.4760608407854583,0.6765300888237274,0.47092233805512485,0.8499934648415971,0.6818459972968465,0.5480114069079898,0.6760084498871498,0.8765565765267049,0.9181434303568445,0.6146763329691998,0.9242088325176266,0.9405030028993702,0.9575349083608712,0.6546912222450009,0.9635735586332196,0.6966597965337393,0.9786738939092869,0.5046431965214815,1.0,0,0,0,0,0,0,0,0,0,0,0,0,0,0,0,0,0,0,0,0,0,0,0,0,0,0,0,0,0,0,0,0,0,0,0,0,0,0,0,0,0,0,1.0,0.9302725963749101,0.7914699304097383,1.0,0.6401090511288285,0.8742489245849637,0.5397064519004666,0.9330257568741215,0.4363990354398689,0.9664540746530372,0.5577498790803967,0.1487311041798873,0.3117208738573191,0.0,0.15150371049012828,0.10417253683607873,0.04039426407842532,0.2949475298735474,0.5819967253697943,0.1976223669993164,0.28788504185179165,0.020268520945989542,0.11769990813356317,0.13738115714412888,0.0,0.33329576424909607,0.6041522930277144,0.3724460169011876,0.3176885715305937,0.2706117471992656,0.1757460620911238,0.45077265722049215,0.07771366188007323,0.6678517262585847,0.6134370707416511,0.6421552893595369,0.43294187094401193,0.5211689538888494,0.310072322033437,0.5371137632706665,0.20343134500803675,0.5990006623592895,0.950503355704698,0.8139880952380952,0.29446308724832215,0.5252976190476191,0.24664429530201343,0.5223214285714286,0.10486577181208054,0.7113095238095238,0,0,56,63,62,63,0,0,1,0,0,0
1476d34c-f4a0-4373-8b00-81b9260b32cc,USE_COMPUTER,0.5055504108343324,0.029786149509505203,0.5434306458867526,0.003717422786874009,0.5613708951638418,0.0020772348597252,0.5814507723944683,0.0,0.5103897067709124,0.006130001048605851,0.5039818877711711,0.006289655258028831,0.4953580932778836,0.006189949411679322,0.6991190869087126,0.005298126099071903,0.5525348134112753,0.011417853343116516,0.5595436124257439,0.05271084232587021,0.5145973572212088,0.05467149804217136,0.9849117976470889,0.15967695091745163,0.5979821487438182,0.13025429075369896,0.721782134944356,0.3659316395670398,0.30904195929601247,0.27230606619822517,0.19311683457724763,0.35057383568408745,0.10282322296160959,0.2726174552260552,0.05322806646219331,0.3562582104598496,0.0,0.29511148656476205,0.045838873337929464,0.32696131521964084,0.01934943834371046,0.26977357337388014,0.0795077433081895,0.32322967676916387,0.07204781410907281,0.2714842688521237,1.0,0.4760526623093012,0.6781823152383604,0.470994811247112,0.8459965792192271,0.6816748698655881,0.5489980096686335,0.6759022759277429,0.8742222489535211,0.9175360948095224,0.6194489272498833,0.9241523536010943,0.9390743469341286,0.9566300615409812,0.6615485098912348,0.9635525367851699,0.6939875205757016,0.9786072991064982,0.5051215684408671,1.0,0,0,0,0,0,0,0,0,0,0,0,0,0,0,0,0,0,0,0,0,0,0,0,0,0,0,0,0,0,0,0,0,0,0,0,0,0,0,0,0,0,0,1.0,0.9204628826785833,0.7912842991716379,1.0,0.6415420201620676,0.8839230665367416,0.538583047741593,0.9381540653931184,0.43185351334166117,0.9548488481616625,0.5601650215414193,0.18988210758516577,0.315795455398873,0.0,0.15107131323802203,0.08112403674560323,0.03719893957638129,0.2649683673519187,0.5804189624570987,0.23011226377187402,0.28844673974811186,0.018371174840942032,0.11769300285633463,0.12689987034599887,0.0,0.327230756466839,0.5977109269193893,0.38695944286195344,0.31263946848644303,0.24822152776986983,0.16831846754267604,0.40867689474600344,0.06873878181458608,0.6216754810781617,0.6016752490218118,0.6384337080881647,0.41665661150094,0.5171413326218902,0.28978678876391556,0.5328633036880626,0.1804817968122204,0.5984711564583798,0.950503355704698,0.8139880952380952,0.29446308724832215,0.5252976190476191,0.24664429530201343,0.5238095238095238,0.10486577181208054,0.7113095238095238,0,0,56,63,62,63,0,0,1,0,0,0
1476d34c-f4a0-4373-8b00-81b9260b32cc,USE_COMPUTER,0.5030697272474958,0.029850418054987417,0.5410049706053036,0.003732200685227516,0.5590114298690485,0.0020887054741582935,0.5790165392475967,0.0,0.5081012035425024,0.006177245583995017,0.5017554815431585,0.006343894011600043,0.4931736179446421,0.006252454961050924,0.6964414124593142,0.0053062828312026925,0.5497784358993768,0.011407641315512414,0.5572561060227588,0.052844976156291114,0.5125594517195267,0.05471390331566166,0.9815705977342114,0.15983817125037827,0.5956658592586985,0.13011009996480122,0.718785166401736,0.3658968118072694,0.31043464410970656,0.272300320441527,0.1915622713395403,0.3505675463316158,0.10194976408548431,0.27262373681419283,0.05208688151288068,0.35624625558247264,0.0,0.2896452756954255,0.04473095337218984,0.3269157042886431,0.03696414603991623,0.2707989151301506,0.07838819607397876,0.3232122711455524,0.07176926424948907,0.2720666488128368,1.0,0.4760613386063483,0.6783463275553201,0.4709635089881002,0.843032479247092,0.6814247070847126,0.549173037620165,0.6757757819599367,0.8722202772941741,0.9169542945285526,0.6183453498347337,0.9239997563052104,0.9372714972371509,0.9558012129665603,0.6606633045694245,0.9634265199570766,0.6925718466934121,0.9783991963208365,0.5028051119016981,1.0,0,0,0,0,0,0,0,0,0,0,0,0,0,0,0,0,0,0,0,0,0,0,0,0,0,0,0,0,0,0,0,0,0,0,0,0,0,0,0,0,0,0,1.0,0.9269656945086969,0.7909034253087476,1.0,0.6371039844312433,0.8897179183334529,0.5360381888157275,0.9532524699772319,0.4383016122614085,0.9960681574353304,0.5506860439096454,0.1819697640647072,0.29873058335248714,0.0,0.13430913135531009,0.08852418190379355,0.02259753001916731,0.2798972179410108,0.577236768429931,0.2346703082389749,0.2819447580494097,0.038812101960726104,0.11504335173786652,0.15246610146429798,0.0,0.3593925105326047,0.601583961021406,0.3974187387592431,0.31381661349164,0.2644213602624967,0.1749654978286161,0.40730194621259164,0.0747102374498668,0.5976689319291509,0.6168469318634008,0.6496941029783213,0.4513448505952194,0.5068044460827121,0.3360324173593258,0.47120923125386033,0.22949487606050512,0.4694874008689966,0.950503355704698,0.8139880952380952,0.2961409395973154,0.5223214285714286,0.10486577181208054,0.7113095238095238,0,0,0,0,56,63,63,0,0,0,1,0,0,0
1476d34c-f4a0-4373-8b00-81b9260b32cc,USE_COMPUTER,0.5017964534663859,0.029818605120312973,0.540491044547172,0.003735100938293861,0.558325371134423,0.002084679737625311,0.5786752136583619,0.0,0.5075357037091951,0.006205912989819959,0.5012693118649054,0.006386390780761819,0.4927087026078288,0.0063103973185871685,0.6962260557323692,0.0053152838674753134,0.5486186784313989,0.011417603424919324,0.5571067307953931,0.05280909521114859,0.5124332939922498,0.054663317870282245,0.9814604519584643,0.16000508096029864,0.5954448467058184,0.1300849849230931,0.7186212139793473,0.36605640917189236,0.3101315842915904,0.2726549027836931,0.1909906421324471,0.3502320936551624,0.10198494365602355,0.272374733686569,0.0513615261553798,0.3558640911897314,0.0,0.28627735005149113,0.04412539566180759,0.32658748961593437,0.028942865784338044,0.27060644689333646,0.0780817061595676,0.3229054504667041,0.07228472586704501,0.27223429277945044,1.0,0.47632625473981377,0.6781024479670466,0.4712383098134607,0.8441335977453734,0.6813485263477886,0.5495071849069044,0.6762442601995476,0.872791362259611,0.9169277601872265,0.6176941025047507,0.9240710387240767,0.9378048621793645,0.9556709911787181,0.660439261008044,0.9632436817761566,0.6927297598800602,0.9785589747307751,0.504178685545129,1.0,0,0,0,0,0,0,0,0,0,0,0,0,0,0,0,0,0,0,0,0,0,0,0,0,0,0,0,0,0,0,0,0,0,0,0,0,0,0,0,0,0,0,1.0,0.8943340170724651,0.7966390863214029,1.0,0.6414170872047373,0.8894217635943665,0.5406045013250016,0.9407660464522344,0.4439634724857685,0.982466859665372,0.5395908137309429,0.13745742794472543,0.28372722142249557,0.0,0.12182117180854544,0.10364143620778557,0.014041336779428122,0.3016307905673095,0.5703761430183865,0.17708358589654688,0.2675534601354446,0.02791611506860829,0.10742839265850945,0.1785642124796131,0.0,0.41236662641819294,0.601415533190473,0.33635762627756577,0.30748319210887914,0.20652316226923803,0.1698706283125041,0.36406360875250743,0.07227929930314729,0.5660656874487802,0.6241675288719493,0.6029253689847525,0.4574540032225348,0.48685135705245397,0.3384809203853955,0.47471539156592424,0.22694998118824838,0.4878106931627703,0.2986577181208054,0.5223214285714286,0.950503355704698,0.8139880952380952,0.10486577181208054,0.7113095238095238,0,0,0,0,63,56,63,0,0,1,0,0,0,0
1476d34c-f4a0-4373-8b00-81b9260b32cc,USE_COMPUTER,0.5008349145422573,0.03002879652191007,0.539479237954307,0.0037367992199369084,0.5573351698486568,0.0020918789249773323,0.5776917891366832,0.0,0.5065605829129881,0.006256192178143846,0.5003012245334525,0.00646244379407531,0.4917480072671945,0.006421934217433327,0.6952173231240177,0.0053357789840233795,0.5464372135679185,0.011461735099064167,0.5561635091976858,0.05328321660639791,0.5115386442052693,0.05505929889764093,0.9799568527065196,0.15994573319306632,0.5945020792723417,0.1299478664006627,0.7173601026864944,0.36641661722420904,0.3151156747102688,0.2740786430662918,0.19013864362243196,0.3502043819431634,0.11630464720656677,0.2719453998571214,0.049479821579301836,0.35568708159394413,0.0,0.28517082398793725,0.04311870294425026,0.32626875994042687,0.03869772391765327,0.2710998091865392,0.07750114618120618,0.3226543085451524,0.08868918219961093,0.2730910641037786,1.0,0.47650651109089887,0.6775466390013192,0.47144984754154057,0.8533395282120463,0.6835050701964189,0.5562966166526563,0.6787372265737125,0.877196794803989,0.9187655316387806,0.6223500491355537,0.9246832418202706,0.9413078035860094,0.9575966051016069,0.6628662256688039,0.9635167369544918,0.6978586791062016,0.9793246243382249,0.5150378737966476,1.0,0,0,0,0,0,0,0,0,0,0,0,0,0,0,0,0,0,0,0,0,0,0,0,0,0,0,0,0,0,0,0,0,0,0,0,0,0,0,0,0,0,0,1.0,0.8970440867626844,0.8015030488932431,0.8948996085924242,0.6428207162213398,0.8051475538034255,0.5367020729253701,0.9088306547511075,0.4357873168959532,1.0,0.5500514375725994,0.11833730384272752,0.2831353445939979,0.0,0.12156450729497743,0.11533906537836737,0.014710969650448422,0.3110041559341984,0.5736405146424114,0.1875007558076258,0.2729348802092021,0.0651985859343193,0.11126642599568624,0.21271611059380277,0.0,0.43333937979433973,0.5999716709675975,0.3807649982465263,0.3071408030903301,0.29384349340331106,0.16949139323238033,0.4809282526936984,0.07012617992558472,0.7041587558801833,0.6161146908172925,0.6637264742279677,0.43533219061161776,0.5557262001217355,0.30523953756754246,0.5615356398566586,0.1862895534051321,0.6054232724253161,0.2978187919463087,0.5223214285714286,0.950503355704698,0.8139880952380952,0.10486577181208054,0.7098214285714286,0.05201342281879195,0.6354166666666666,0,0,63,56,63,63,0,1,0,0,0,0
1476d34c-f4a0-4373-8b00-81b9260b32cc,USE_COMPUTER,0.5003072789006886,0.03018080311890172,0.5389462526025425,0.0037367405270829863,0.5569673512920867,0.0020994004161532737,0.5774493576269047,0.0,0.5059972324038452,0.006277378100893702,0.4997346782285716,0.006503531721511367,0.4911787300497983,0.006492657411115727,0.6953414912791752,0.005340194079922195,0.5456444367090088,0.01161483135626446,0.5560417754462313,0.05356626568937406,0.511277060872395,0.055275080809385424,0.9795431836865014,0.1599329679743016,0.5941123992920659,0.12996484572156664,0.7164477378298151,0.366710311628014,0.31353964433106835,0.27455457107154724,0.18954758957866777,0.3503887370193259,0.10722148318373216,0.2721037399957012,0.04746705282969349,0.3556129621851106,0.0,0.2891490702615891,0.041417590491018855,0.32606285127159396,0.03830331666777267,0.2699219012722605,0.07644392154158522,0.3225439173085402,0.08819986833490731,0.2699640814942534,1.0,0.4765243660815416,0.676607200111025,0.4714799674824304,0.8604372058819014,0.6849502623102578,0.5569048485516879,0.6803528672788992,0.8799100369876104,0.9209346866670686,0.6215903042978191,0.9252696744439699,0.942817864416757,0.960174466652895,0.6617830300021813,0.9641187623482822,0.7021508263547135,0.9804212579704824,0.5147731209562636,1.0,0,0,0,0,0,0,0,0,0,0,0,0,0,0,0,0,0,0,0,0,0,0,0,0,0,0,0,0,0,0,0,0,0,0,0,0,0,0,0,0,0,0,1.0,0.930672779746343,0.79018165381716,0.9578856547775764,0.6270866142524509,0.8349032477692234,0.5151936581767107,0.9094617460176383,0.40633769816625703,1.0,0.5347341647468495,0.11840011269173946,0.283749606038174,0.0,0.12771758200379862,0.10506408504201624,0.02264063714034398,0.28760122552266665,0.564703686627483,0.1842585403401211,0.27335102608662404,0.05502274796794322,0.11153301393813674,0.18751603593390764,0.0,0.39745638645217224,0.5994633818613813,0.38139110573738466,0.3167641730046415,0.2880137577831925,0.18074327171053509,0.4584004816230294,0.08340671776285523,0.6633753523713058,0.6268647631236136,0.6851246903911845,0.46548014042522473,0.5579490438810231,0.35053383871121097,0.5467880338813081,0.24475486833688873,0.5651071493853101,0.2953020134228188,0.5223214285714286,0.950503355704698,0.8139880952380952,0.10486577181208054,0.7098214285714286,0.05201342281879195,0.6369047619047619,0,0,63,56,63,63,0,1,0,0,0,0
1476d34c-f4a0-4373-8b00-81b9260b32cc,USE_COMPUTER,0.5127228445600812,0.03029002462244379,0.550564883910186,0.0037396985978256888,0.5683971288140012,0.002105148738627186,0.5885629776528422,0.0,0.5183632057807335,0.006289001278094877,0.5122562158405642,0.0065229482176263195,0.5038951068968753,0.006526382856248682,0.7043993758744973,0.005409182113064068,0.5568893065683939,0.011686028685567892,0.5672455179820464,0.053700610452737156,0.5235476794888291,0.055430992068316066,0.9806276194638957,0.16028203828682433,0.6043413503400398,0.1299537877381586,0.7232963812797027,0.36704041407576127,0.33091241873030186,0.2751079157226527,0.2095240440766962,0.35070957943312764,0.12426387247977719,0.2755985173679442,0.06866247498737332,0.3559701644866232,0.0,0.29305409828109863,0.06331089878813867,0.3260758885361177,0.06158800919171113,0.2715620161641924,0.09831626210294266,0.3226169405025738,0.1096917373342181,0.2702269561152308,1.0,0.4766326852775319,0.6847776458911009,0.47155967064413834,0.8633232051423989,0.6853339275792032,0.5677839593423835,0.6809328919840499,0.8826484778136918,0.9205856026818228,0.6307260511172504,0.9252312272574202,0.9438707489084056,0.9597732989022378,0.6698992329013603,0.9640157360548911,0.710202849995132,0.9803819848470506,0.5260718631244928,1.0,0,0,0,0,0,0,0,0,0,0,0,0,0,0,0,0,0,0,0,0,0,0,0,0,0,0,0,0,0,0,0,0,0,0,0,0,0,0,0,0,0,0,1.0,0.919802048886525,0.7885709331681799,0.9229767988873508,0.621333437633749,0.8073156349004463,0.5111837283379413,0.897028751143868,0.4051742306889358,1.0,0.5399972994828659,0.06140217574438142,0.2773127163963741,0.0,0.12126966158335006,0.12100802442013736,0.01694798714314684,0.3036139622928236,0.571140440343733,0.1389861612614428,0.2746024833796125,0.05996015870446414,0.11378120729059907,0.2059515825847949,0.0,0.4204322086811738,0.6094628711280339,0.3594743657933076,0.32296191922065665,0.30399387514411913,0.1872410032172028,0.5035348413120538,0.08785375155142716,0.7276545171638019,0.6405992856085855,0.691913802729426,0.4714873720928958,0.5777698124551951,0.34747708421876583,0.5677665419010839,0.2324729213367261,0.5834073888094192,0.950503355704698,0.8139880952380952,0.2911073825503356,0.5238095238095238,0.10486577181208054,0.7098214285714286,0.05201342281879195,0.6354166666666666,0.24664429530201343,0.5223214285714286,56,63,63,63,62,0,1,0,0,0
1476d34c-f4a0-4373-8b00-81b9260b32cc,USE_COMPUTER,0.509446470054485,0.030352390895740444,0.5476511864774416,0.0037385592534863563,0.5657999319950798,0.0021076306445775798,0.5861543217667076,0.0,0.5152658695193225,0.006288291300594549,0.5091579315851977,0.006527327567593467,0.5007501768629662,0.006541157141640984,0.7031491835743031,0.005479056533999402,0.5539801982949368,0.011775980194198902,0.5647274457745671,0.05375320489699344,0.5208283786615845,0.05551514958642187,0.9802714716272435,0.1606621486142402,0.6045476071106438,0.13025203660056398,0.7208489885522478,0.3669545763279733,0.33207667033707977,0.27582512320290514,0.2042789838166044,0.35079405160296423,0.11852763558625683,0.2859235600463285,0.061933647730654205,0.3563058043113848,0.0,0.29808187367696853,0.05665280709412506,0.3262848782257949,0.03983119959212486,0.27285858167697485,0.0923479026734579,0.3228588815847261,0.10382560481731107,0.27372142606651867,1.0,0.4770795634617528,0.6857587585281142,0.47178744645956944,0.8471990425277761,0.6853647669406187,0.5631329967051192,0.680874160078085,0.8667574428143076,0.9197803543265022,0.626597565639993,0.9253408754170208,0.9284592871679501,0.9591890515765332,0.6673339794186699,0.9645045916410673,0.6913405653208099,0.9791939131078785,0.5110159093689707,1.0,0,0,0,0,0,0,0,0,0,0,0,0,0,0,0,0,0,0,0,0,0,0,0,0,0,0,0,0,0,0,0,0,0,0,0,0,0,0,0,0,0,0,1.0,0.8485428738479168,0.7976643252395911,0.8919127995884623,0.6433371712847444,0.7822565725432828,0.5395502276482934,0.8799928808343787,0.43669631624585464,1.0,0.5290896508386599,0.06791075126712562,0.27364182681120575,0.0,0.11524973139790567,0.09862776521428923,0.003893881356234927,0.26079252237814476,0.556207708219765,0.1414052077633252,0.2654505635046794,0.05966048137112632,0.10958562954268339,0.21044628269488522,0.0,0.4216458542959715,0.5888379258358865,0.34255442219618454,0.3086545594686672,0.321756622892645,0.1784778216804089,0.5306510523797294,0.08764666831521647,0.7549359938612809,0.6121144261273175,0.64221587152404,0.43229956850089213,0.5646013540465665,0.30595105517669374,0.6061516772582469,0.19316660172252492,0.6755760318301642,0.950503355704698,0.8139880952380952,0.29194630872483224,0.5238095238095238,0.10486577181208054,0.7113095238095238,0.24664429530201343,0.5223214285714286,0.051174496644295304,0.6369047619047619,56,63,63,62,63,0,1,0,0,0
1476d34c-f4a0-4373-8b00-81b9260b32cc,USE_COMPUTER,0.5055004746547395,0.030361213801588266,0.5440884628660587,0.003705860579195228,0.5625934849644079,0.002094394046253392,0.5832188693324037,0.0,0.511393574530098,0.006238948035444435,0.505238259311901,0.006478374461114833,0.4967634780391937,0.006494922214969877,0.7011238199146583,0.005595453929887808,0.5502234645361115,0.011827338031697348,0.5615984312358484,0.053729969588965004,0.5172962884511432,0.055521521946387375,0.9786320081353435,0.16081589394320359,0.6024297484624505,0.1304652849387095,0.7166906655989908,0.3672222554264667,0.3267235735469843,0.26659070239361127,0.1986502189986568,0.35065973314593923,0.11046902897208175,0.2848857922960455,0.05500823551558731,0.356105047347839,0.0,0.2995102345277567,0.050495061326756914,0.3261443959492451,0.025374257741400157,0.27277023865473093,0.08647787575489642,0.32240232603768965,0.09806489418812331,0.2732610485927283,1.0,0.4770099119800062,0.685168070575779,0.47175413183623965,0.8511314646316316,0.6858291139081718,0.5617536515541105,0.6822871116787089,0.8644368386660791,0.920897679704203,0.6232041505385881,0.9269389977374238,0.9263940908973906,0.9612652312955178,0.6638920324061568,0.9667149582317789,0.6882940310111898,0.9788258500327601,0.5078428903666952,1.0,0,0,0,0,0,0,0,0,0,0,0,0,0,0,0,0,0,0,0,0,0,0,0,0,0,0,0,0,0,0,0,0,0,0,0,0,0,0,0,0,0,0,1.0,0.9061704256278502,0.7791125543884155,0.8982817847000318,0.5965673167362108,0.7850538995977813,0.4671247995880882,0.8767765749355659,0.3458552650025362,1.0,0.5206302556351114,0.03842563111165831,0.2519809235898521,0.0,0.10024520986855018,0.135455506842122,0.002851265685657262,0.32518812472124764,0.5560605326814795,0.13473635632033018,0.2559450648327755,0.10556183838355836,0.10295500832235156,0.28796270853938244,0.0,0.5264989029285407,0.5982424926781149,0.3667553510261756,0.31144686567240265,0.40522501176161707,0.18690344797701858,0.654586786057612,0.09878695034882505,0.9025012903125859,0.6346112964770836,0.6955832579801655,0.46448866605321715,0.6101820951088796,0.34163928659731796,0.6209946292012618,0.22725347104509874,0.6504056025250173,0.950503355704698,0.8139880952380952,0.29278523489932884,0.5252976190476191,0.10486577181208054,0.7113095238095238,0.24580536912751677,0.5223214285714286,0.05201342281879195,0.6369047619047619,56,63,63,62,63,0,1,0,0,0
1476d34c-f4a0-4373-8b00-81b9260b32cc,USE_COMPUTER,0.48539632017405915,0.030835767199225806,0.5248722883985597,0.003574334285613767,0.5442596355229695,0.0020212439437611953,0.5660607260693078,0.0,0.4913836745063206,0.005999523728952534,0.48429143875732766,0.006189382752294311,0.47544803368759575,0.006195002522295501,0.6894046435495654,0.005807452478689654,0.5308377128019427,0.011779644500842752,0.5439992176175373,0.05496623891950841,0.4980573066128975,0.05646634285849262,0.9757513036415534,0.16140090054762607,0.5965149473024616,0.13057667617757732,0.6990031799203121,0.36778932663309266,0.32597928218344047,0.26384470481007355,0.16371989966090042,0.3504754753593959,0.09206119643403231,0.2895214874671279,0.013360567295010192,0.35610412994934926,0.0,0.3024549510316435,0.009242175026471117,0.3249425944954513,0.002190332271478652,0.2738800440647058,0.047294955366547875,0.3216327462106872,0.09029027405235496,0.27335103638192715,1.0,0.4778532178874389,0.680478517498108,0.47177680143243833,0.832099143273466,0.6852007513864419,0.5434635468547846,0.6816016009101244,0.8484559677262397,0.9206212304277683,0.6052678914155697,0.9281824079576229,0.9125653735614229,0.9613617441311225,0.6477819610371276,0.9685556919920739,0.6666905584641826,0.9778795862050953,0.4809480921002188,1.0,0,0,0,0,0,0,0,0,0,0,0,0,0,0,0,0,0,0,0,0,0,0,0,0,0,0,0,0,0,0,0,0,0,0,0,0,0,0,0,0,0,0,1.0,0.8126929216272407,0.8023339508164541,0.837838243111428,0.6496749752367458,0.7393982607157022,0.5484751827190968,0.8441909269010255,0.45128489387588616,1.0,0.5187670494159482,0.0006755302837752022,0.2578577422179703,0.0,0.10451710337991156,0.12723286750984242,0.0,0.2965982814089717,0.5466996993812383,0.10262437142319461,0.2565392916568579,0.10258538410382023,0.11323081057758864,0.2894905931845667,0.012894692177268548,0.5006249217442027,0.5799332275865285,0.32179083753009335,0.2993509532881415,0.3676856602390073,0.18174110183758263,0.6011544745071665,0.1010558886153712,0.8201792367032623,0.6029886885014515,0.6300035913319193,0.41217386900683495,0.6100818208877563,0.28310485455050965,0.6790024044679468,0.1666286850617972,0.7523045629409034,0.9496644295302014,0.8139880952380952,0.24412751677852348,0.5208333333333334,0.1040268456375839,0.7113095238095238,0,0,0,0,56,62,63,0,0,0,0,0,0,0
1476d34c-f4a0-4373-8b00-81b9260b32cc,USE_COMPUTER,0.4826508337493485,0.030789451185460275,0.5218087727346257,0.0034810611642779946,0.5413493657435962,0.0019745077476978363,0.5634174631136412,0.0,0.4886579678890845,0.005818732374392159,0.4815257712661179,0.00598869045395059,0.47296069066011925,0.005991253709444559,0.6887693082695493,0.00596037004081931,0.5312244510988872,0.011829068096958486,0.5419951269962047,0.05528057421337561,0.4960537801888933,0.056658786851403575,0.9744553494470305,0.16111717995472258,0.6018103013169287,0.13094015102808174,0.6907841546251678,0.3670361676596226,0.3279217093824997,0.26058733546369534,0.1564975192113163,0.3491886824651376,0.08918840537937907,0.2931491532205374,0.0039394998783125424,0.3550052075917433,0.0,0.30528976366232535,0.00021455207113996131,0.32346933284636226,0.007983765937777956,0.27531729676441147,0.04013354368612117,0.3202806430118651,0.10367180366396644,0.27500059230782337,1.0,0.47909066161700586,0.6831909544199103,0.47270132008903964,0.8212781247404123,0.6873429950383739,0.5407094338302791,0.6834577405233908,0.8408217943451198,0.9203904820698587,0.6017087736576043,0.9286471552251812,0.9059918645093146,0.9610453518396582,0.6455870201340521,0.9689784139888672,0.6555169757646838,0.9769086280764161,0.4731303892039341,1.0,0,0,0,0,0,0,0,0,0,0,0,0,0,0,0,0,0,0,0,0,0,0,0,0,0,0,0,0,0,0,0,0,0,0,0,0,0,0,0,0,0,0,1.0,0.8183207465326052,0.8017435664930183,0.8498904447830584,0.6485142625853934,0.7546615652122332,0.5467250831519664,0.8602149580872512,0.44733226645438817,1.0,0.5257117077619559,0.036936606272267886,0.26321634324872367,0.0,0.10616443053528245,0.10771706206645978,0.0,0.2725541009984169,0.5549152120527893,0.1320223781823844,0.2632677170361714,0.0936687836219585,0.1196667586905869,0.2718778616897826,0.020137527130222824,0.48568589722200595,0.5881498129470424,0.3391577409751341,0.3094345466774502,0.3786035509978608,0.19440539454694677,0.6203101654635984,0.1162586316068,0.8489850849191961,0.6092195498708548,0.6285362607377089,0.420998212641094,0.5872626767064476,0.29106168420732365,0.6408946824010945,0.1724009539563677,0.7042936005664987,0.9496644295302014,0.8125,0.24412751677852348,0.5208333333333334,0.276006711409396,0.5238095238095238,0.10486577181208054,0.7098214285714286,0,0,56,62,63,63,0,0,0,0,0,0
1476d34c-f4a0-4373-8b00-81b9260b32cc,UNKNOWN,0.4856268716427267,0.030442223149612882,0.524802234871849,0.0034188770056212637,0.5442988649580941,0.0019487363414872859,0.5662936911362949,0.0,0.49227218283146884,0.005693547858425565,0.48507234366231,0.005856267201275292,0.47667997120193256,0.005856639070488464,0.691045887955857,0.006006520071454847,0.5354594536666571,0.011801659057307649,0.5444276263229163,0.054987025571692695,0.4987544070349795,0.05635603551790146,0.9742358017026636,0.1602731694574182,0.6060015043646315,0.1313388051349897,0.6919106357451379,0.3654999258298,0.3291690822852,0.25851379069008423,0.15980550426632814,0.34698554935716475,0.09715383397438712,0.2931055607250295,0.007670567512895274,0.352894586570595,0.0,0.30469622827400605,0.004119638485144298,0.3213053593950375,0.013378934302293491,0.2742775745492852,0.04423226841990548,0.3182292218475571,0.10620185801521366,0.2737513264884725,1.0,0.4790606024100631,0.6851874875861717,0.4737432268228484,0.8223926327227107,0.6905948981279343,0.5430620145513234,0.6866164642048346,0.8443041427236735,0.9199432874658631,0.6102401544491766,0.9293085125626362,0.9093337888595635,0.9596601235806395,0.6546354292777398,0.9691952043675437,0.6606865688117897,0.9756806742775073,0.4844633459180512,1.0,0,0,0,0,0,0,0,0,0,0,0,0,0,0,0,0,0,0,0,0,0,0,0,0,0,0,0,0,0,0,0,0,0,0,0,0,0,0,0,0,0,0,1.0,0.8588807785888077,0.797032819724971,0.9144354395320001,0.6409189723816265,0.8020049029869574,0.539966813770528,0.8847245961400289,0.43869634851063616,1.0,0.5234299298620838,0.04623407813646622,0.26507864784942187,0.0,0.10847478900888145,0.1038867328730936,0.0009428704833340865,0.26991426290714765,0.5552269566570773,0.12429923096565225,0.261507488239222,0.05924378672543503,0.1080332263943488,0.23034606929053916,0.0,0.45236074144450245,0.592464818078211,0.32443526316556287,0.3117680578775875,0.3035795485479291,0.18468965101742654,0.5097442456615774,0.09484910557839933,0.7247410672316528,0.6186585935264259,0.6280922595837906,0.4376028597392295,0.5663709078193977,0.30683505791273175,0.6135006207331782,0.1860469728234402,0.6762947405227961,0.28942953020134227,0.5252976190476191,0.9496644295302014,0.8139880952380952,0,0,0,0,0,0,63,56,0,0,0,0,0,0,0,0
1476d34c-f4a0-4373-8b00-81b9260b32cc,USE_COMPUTER,0.4829006451045905,0.029690571034964714,0.5225048310347465,0.0032720482629596433,0.5421478752615237,0.0018957697740064252,0.5642500763135071,0.0,0.48997891978200386,0.005362029979535186,0.48268739539960615,0.005512900838875603,0.47426629379201835,0.005491575397760623,0.6890063234191877,0.006097925823886296,0.5338934961505601,0.011833726190432579,0.5416937503215911,0.05476183915488675,0.49588932921901413,0.05599004298341753,0.9724339214690191,0.16020310243933136,0.6056129260985571,0.13163490441309034,0.6895184458167637,0.3654319625605247,0.3309590994335716,0.25871485388117454,0.15593020369466423,0.3468092777667729,0.0965475922856273,0.2942537280454805,0.0029485810534260787,0.35274217476211384,0.011024363536465255,0.30533329461128755,0.0,0.3210705852810673,0.06901996332266627,0.2730418692384476,0.040212270694975134,0.31807259990699277,0.12273005180271526,0.2717072682713415,1.0,0.47913050743453545,0.6867274595263773,0.47382119819282725,0.8218453805550033,0.6910021097320836,0.541899891703076,0.6867666116647261,0.8424548336720961,0.9201486289449168,0.6099247705122185,0.929518019015533,0.9077774186817889,0.9597184539164916,0.6544702105913536,0.9694160257132789,0.659463646296931,0.975668680443114,0.48400889735928204,1.0,0,0,0,0,0,0,0,0,0,0,0,0,0,0,0,0,0,0,0,0,0,0,0,0,0,0,0,0,0,0,0,0,0,0,0,0,0,0,0,0,0,0,1.0,0.9047264515502287,0.7932532610048709,0.9615462711620125,0.6380204183701004,0.82983914441807,0.5338452861977249,0.8945819036873123,0.42937626031175324,1.0,0.5436375693885022,0.10680441168390735,0.2951245316299119,0.012061182612213112,0.13306805149449988,0.10824567005375654,0.017813838342743908,0.286562773968485,0.5730323423034344,0.16654337670114275,0.286138798856147,0.0,0.12063318013376706,0.12816051636863407,0.0,0.3272006860708351,0.6079428397596701,0.3635227858170621,0.3326854740638184,0.204211181776124,0.18949564450498552,0.3228880588160819,0.08442066232397989,0.49271049737746714,0.631211757909166,0.683501254531802,0.44841477855710216,0.5904628509683106,0.3204607723094669,0.6288903027199969,0.2060722811578283,0.7013792285206717,0.9496644295302014,0.8125,0.2575503355704698,0.5238095238095238,0.2575503355704698,0.5193452380952381,0.10486577181208054,0.7098214285714286,0,0,56,63,62,63,0,0,0,0,0,0
1476d34c-f4a0-4373-8b00-81b9260b32cc,USE_COMPUTER,0.48223154806541624,0.028706167534402516,0.5219554031704821,0.00307818166265023,0.5415797308782532,0.001825157400265779,0.5635874769880599,0.0,0.4895269762927617,0.004913841785083681,0.482184286181835,0.005041006057524576,0.47374118456991443,0.0049814906319077725,0.6879693020355354,0.0061925570496728895,0.5334719789453954,0.011849439906093641,0.540836606312865,0.054234112325305166,0.49496660939859816,0.055229943664034824,0.9711234730419345,0.16014158235285236,0.6045696595805564,0.13191889366517173,0.6885653179394012,0.36532078230922893,0.32186100844600507,0.2581625689135054,0.1552370602850327,0.34652971494162166,0.0963643997684329,0.29444275508963863,0.002862973282195868,0.3524457887142981,0.015168322472509472,0.3051702425842383,0.0,0.3212896578987561,0.06072450370586397,0.27324734232505443,0.04002807323624054,0.31787754625149534,0.11736569358265886,0.271175866031661,1.0,0.4792918675724846,0.6856462110889928,0.473984633421225,0.8302754787120701,0.6907296290597662,0.5460410591242938,0.686925238971408,0.8472400753673804,0.9208687427424687,0.6105962756022705,0.9294124420056126,0.911602050423752,0.9607060983649596,0.6541991538348502,0.9691299887974499,0.6642715806551465,0.9762460250998086,0.4871067807253457,1.0,0,0,0,0,0,0,0,0,0,0,0,0,0,0,0,0,0,0,0,0,0,0,0,0,0,0,0,0,0,0,0,0,0,0,0,0,0,0,0,0,0,0,1.0,0.8864512160222093,0.7942474985260211,0.9492757931553317,0.6402716779089479,0.8319250322446646,0.5361255376498953,0.9015933264047932,0.429870351144065,1.0,0.5440594053337812,0.09164857239571318,0.2904051021121106,0.0,0.12848756893379537,0.10125102164257135,0.015205578688410052,0.28107993268059195,0.5736279738520431,0.16700318443314,0.28301056974647565,0.036673698262870716,0.11892711496054885,0.1773143424744084,0.0,0.37573695012640224,0.6045367906361583,0.3671563416356904,0.3225717959498369,0.29343715045158386,0.18216172950127418,0.4690367981583084,0.08125969118149982,0.6691106814464952,0.6214596620083621,0.6659206991325055,0.43040649948088977,0.5804681758834483,0.301159203205613,0.6175319018049877,0.185460745582047,0.6827727478479114,0.950503355704698,0.8139880952380952,0.2575503355704698,0.5238095238095238,0.2558724832214765,0.5208333333333334,0.10570469798657718,0.7113095238095238,0,0,56,63,62,63,0,0,0,0,0,0
1476d34c-f4a0-4373-8b00-81b9260b32cc,USE_COMPUTER,0.4821854363263168,0.02811864209157742,0.5223584855915637,0.00289867082857409,0.5421136372321986,0.0017542771558773653,0.5642264553039109,0.0,0.48976863715076635,0.004520576069134889,0.4822708999203576,0.004613988020598096,0.47372873306994423,0.004514987622209032,0.6882031698608282,0.006316006123735254,0.5333940931111344,0.011865952894662532,0.5406794613729549,0.054022649869280744,0.4946215180237076,0.054846680516465164,0.9713526032775127,0.16026263366136986,0.6041290848574475,0.13205544298195143,0.6884802009071719,0.3654192598784686,0.32916480622097566,0.25881386947124646,0.1542200229590689,0.3466823291734243,0.09795812961150668,0.295467608610007,0.0022526913372649814,0.3525265006010145,0.019839567096258292,0.3053649957051194,0.0,0.32167905170846695,0.0925013597580316,0.27315704294546383,0.03999285008347213,0.3180520435438344,0.1358996921859346,0.27091006284226254,1.0,0.4794025674350905,0.6865616238469873,0.47403369695553615,0.832248187567111,0.6904333587696093,0.5493891691181012,0.6865596454321423,0.8471467495373275,0.9207730831109759,0.611444123499086,0.92929786982728,0.9113782842812617,0.9605829153360725,0.6546059797747986,0.9690473609735443,0.664573292368859,0.9763641942758493,0.4876862279933261,1.0,0,0,0,0,0,0,0,0,0,0,0,0,0,0,0,0,0,0,0,0,0,0,0,0,0,0,0,0,0,0,0,0,0,0,0,0,0,0,0,0,0,0,1.0,0.9248195638601898,0.79146020979956,0.9858280201635911,0.6390718253534138,0.8605902400470148,0.5342447337393186,0.9241228080885531,0.4256047843051453,1.0,0.5514286061578481,0.13484421892131462,0.3014250811362725,0.0,0.13687026705077246,0.09084523149629116,0.02067826277212559,0.2743663063234656,0.5826527610643134,0.19993390587773727,0.29475914378441453,0.028908038819715258,0.12509815361800922,0.1500401692725821,0.0,0.3387047017177146,0.6170421422406982,0.39164918672484905,0.33262857212315694,0.2511544087302847,0.18489589031105277,0.3867287560711765,0.0758317227631307,0.5660758080047145,0.639402448066708,0.6887080796808598,0.4562090216241841,0.5714146177081781,0.3269041801893787,0.5848882138389045,0.20992962112095687,0.6309628171724251,0.950503355704698,0.8139880952380952,0.2558724832214765,0.5238095238095238,0.25671140939597314,0.5208333333333334,0.10486577181208054,0.7083333333333334,0.3901006711409396,0.8645833333333334,56,63,62,63,64,0,0,0,0,1
1476d34c-f4a0-4373-8b00-81b9260b32cc,USE_COMPUTER,0.4821870843286345,0.02786161330315967,0.5223342596933777,0.0028662871159083124,0.5421651231003722,0.001746003220897916,0.5643050905534001,0.0,0.48958727364067556,0.004390265458252476,0.48210956083829165,0.0044874609744807266,0.47352975733535807,0.004377950374665657,0.6879471602468568,0.006325341433042139,0.5331607938727754,0.011857199237963124,0.5405685582452034,0.0537885746803189,0.49435343716753344,0.05457366567615348,0.971073261954775,0.16019932484011903,0.6036570457490131,0.13244589698430811,0.6881803754038757,0.36506637662200647,0.3163794886060616,0.25864069641108606,0.15386237017837334,0.34636133716788875,0.09756282908197843,0.2953428965405234,0.0022237637380569907,0.3521729611614951,0.018875761112250953,0.30516634011670635,0.0,0.321275034846651,0.06019682907972203,0.2733402063396672,0.039846107007237085,0.3177741233802816,0.13358143536434672,0.2710148641292023,1.0,0.4793481613889407,0.6863028886283999,0.4740631706541417,0.832690447091346,0.6896534622055297,0.54971761947764,0.6855137565756053,0.8498863176841719,0.9196795053386064,0.6114118123557616,0.9286440380922321,0.9144093926880682,0.9594481436124621,0.654711018698956,0.9684766370584612,0.6683817462963999,0.9759671762207716,0.48750219797629846,1.0,0,0,0,0,0,0,0,0,0,0,0,0,0,0,0,0,0,0,0,0,0,0,0,0,0,0,0,0,0,0,0,0,0,0,0,0,0,0,0,0,0,0,1.0,0.9433183217473121,0.7972261715237368,0.9941628376465,0.6464775274687102,0.8632273719648458,0.5448058721248242,0.9363708611911332,0.43915102139863654,1.0,0.5485388182363469,0.15778857165160387,0.29578901173309485,0.0,0.13081285268512818,0.08088069816746818,0.016309500861562007,0.2599542759767842,0.578508553485828,0.220970103331642,0.2880858352552543,0.03820521997938848,0.12072142241391963,0.15332080476273915,0.0,0.3387165218517814,0.6115245782455838,0.4014712074015451,0.32423523529302406,0.24226092256894935,0.17893605654116856,0.3631306257115832,0.07242796098949002,0.5267895773143738,0.6345927664017237,0.6811982584013533,0.4603018549268528,0.5575665120110681,0.335609468277786,0.5528114129022133,0.22352054490249817,0.578795878692655,0.9496644295302014,0.8125,0.25671140939597314,0.5208333333333334,0.2558724832214765,0.5238095238095238,0.10486577181208054,0.7113095238095238,0.3901006711409396,0.8645833333333334,56,62,63,63,64,0,0,0,0,0
1476d34c-f4a0-4373-8b00-81b9260b32cc,USE_COMPUTER,0.4824165876000434,0.02779532613800333,0.5225730307253409,0.002845245446275868,0.5424694541203797,0.0017446184388442158,0.5646546326379607,0.0,0.48952831272766073,0.0042982638558324345,0.48202559260481154,0.0044010897416464165,0.4731788876240736,0.004287803981241013,0.6881447448644838,0.006361465254689968,0.5329050654159124,0.01190005749385305,0.5406488937468683,0.053753791926146904,0.4938563339980463,0.05459081236527371,0.9714615557313726,0.16098775255056952,0.5984462058738537,0.13286044063019503,0.6884372658522603,0.36612684849474425,0.3191447492160357,0.2597366274492284,0.15366925272411178,0.3476296062672732,0.09738910110315063,0.2964125998585612,0.0020737562257411054,0.35336629789403723,0.0027479244306276404,0.3061365247651714,0.0,0.3223644706071319,0.04148817917047495,0.2748003715205626,0.0396963068056821,0.3190270260112261,0.1295975152961078,0.272309928566148,1.0,0.48094826031897653,0.6863480374420418,0.47551316765246554,0.8248663146852144,0.6865469879727398,0.5498857878798965,0.6823787811338611,0.8398155070935936,0.9189567498368526,0.6018496029531243,0.9285570709372739,0.903659381148078,0.958594072300426,0.6451257864422727,0.969463477575004,0.6573276990943776,0.9774085855714363,0.46564844650403575,1.0,0,0,0,0,0,0,0,0,0,0,0,0,0,0,0,0,0,0,0,0,0,0,0,0,0,0,0,0,0,0,0,0,0,0,0,0,0,0,0,0,0,0,1.0,0.8952937214352805,0.7946861933888377,0.9398270226789437,0.6400946197249869,0.8313087497385311,0.5390325915101278,0.9190960727574046,0.438746924003646,1.0,0.5446342649498921,0.108750869207404,0.29542492125204967,0.0,0.13387151560174676,0.06742303526821661,0.017761481072389465,0.21896273371684796,0.5763570428403512,0.18193793071700223,0.29208635027381563,0.03643765895087777,0.1262002800470166,0.1372019153656486,0.0,0.30832573491940296,0.6148214761361331,0.37709669785987204,0.33263842899977275,0.24911140957375927,0.1920093739996139,0.35485791033252384,0.08210289406354086,0.49217289332795994,0.6444282617779808,0.6766306169373694,0.48812781482685225,0.5429976005433708,0.37725656558745113,0.49789330776928065,0.2708088862388415,0.4636984260178308,0.9496644295302014,0.8125,0.25671140939597314,0.5208333333333334,0.10486577181208054,0.7127976190476191,0.2558724832214765,0.5238095238095238,0,0,56,62,63,63,0,0,0,0,0,0
1476d34c-f4a0-4373-8b00-81b9260b32cc,USE_COMPUTER,0.48742100963790325,0.02765203504532003,0.5273896133168998,0.0028077017711925925,0.547309332092827,0.001731981043010167,0.56947347218692,0.0,0.49424363481155015,0.0042027720965550535,0.48675471704145623,0.004312382608837086,0.477762964170787,0.004198847923022843,0.6912856026127366,0.006366785113376032,0.5368037138458734,0.011899585690730272,0.5450679480969577,0.05356734807779687,0.4983406628716124,0.05445836630334561,0.9729190745438822,0.16131540498598387,0.5978016180934888,0.13305233528188376,0.6917979509264632,0.366330033541385,0.31465747796742394,0.26013092427905876,0.1612585544583895,0.3487235986354601,0.08399842698676846,0.29706197837901127,0.01077402162253757,0.3542784527129365,0.0,0.3069412361760999,0.008716235766548211,0.3237191200170476,0.049640476955516016,0.27697429387560274,0.04808352956033961,0.3207341556921353,0.12583162683777982,0.27398925852492517,1.0,0.4816913244744435,0.6888069877595911,0.47622319285638476,0.822883186183061,0.6842887686726515,0.5530711324895972,0.6804051508524219,0.8366365012604887,0.9184628476029807,0.59652322512473,0.9284864297551364,0.899885381048068,0.9582649762132048,0.6391862533990035,0.9700485058034531,0.6532723950565181,0.9778971369709333,0.45687737690452096,1.0,0,0,0,0,0,0,0,0,0,0,0,0,0,0,0,0,0,0,0,0,0,0,0,0,0,0,0,0,0,0,0,0,0,0,0,0,0,0,0,0,0,0,1.0,0.9054269342446746,0.7976197449914713,0.9206844766497361,0.6346092364637176,0.8242434754306173,0.528602079862428,0.9145753212677693,0.4226815510999998,1.0,0.5356194312447998,0.11838014235424107,0.2961910061935182,0.0,0.13192625563205063,0.03853999822985099,0.011456221417777522,0.15892083722337852,0.5662904023304626,0.1979733221414235,0.2939488592925608,0.03299115211004617,0.12653994014984382,0.0873411505397527,0.0,0.21612591469594836,0.604628805915912,0.40449189585813683,0.33095235022071484,0.2557829626013196,0.18725364432644745,0.2958347251843667,0.07585769006991785,0.3794678418172007,0.6375064288281562,0.7199431553762566,0.47142845086588125,0.615996865123211,0.34826674821432474,0.5974652608257459,0.2339130365713446,0.5974566955886174,0.9496644295302014,0.8125,0.25671140939597314,0.5208333333333334,0.10570469798657718,0.7113095238095238,0.2726510067114094,0.5238095238095238,0,0,56,62,63,63,0,0,0,0,0,0
1476d34c-f4a0-4373-8b00-81b9260b32cc,USE_COMPUTER,0.49433766272628954,0.028008724485158835,0.5339556790940834,0.002876858064963598,0.5539350806734336,0.001776009876330043,0.5760572528175595,0.0,0.5009178243031599,0.004350415954286512,0.4933711716499771,0.004468124176107701,0.4844034333035602,0.004359362427179176,0.6971763164163173,0.006414621064040203,0.5428298244311339,0.012135341449878358,0.5527205999566576,0.05415066029560191,0.50518856245674,0.055256386742090415,0.9778892882243679,0.16362283477580059,0.6015545034831163,0.1349940135135663,0.6981934241201442,0.36911734080440023,0.3131048279110271,0.2638733378168903,0.16935742589299949,0.3537868664661877,0.07821287650394455,0.301059739415706,0.019195560125908066,0.35899958199990534,0.0,0.3112142201612493,0.017138503567159073,0.32828524250134816,0.057146809150881404,0.2833387027171482,0.05632397061020334,0.3251885748176877,0.11618959301445972,0.2800904670219058,1.0,0.4885287406521734,0.6944754895746063,0.48254450433741025,0.7743308597242142,0.6798278043380817,0.5382467912360971,0.6760308996412933,0.8058522849229064,0.9194631669840805,0.5778178519274231,0.9292544605322748,0.8725710485146845,0.9592358372878874,0.6259244995698781,0.9729396016414635,0.6194514606040681,0.9842685364663005,0.40945437424358583,1.0,0,0,0,0,0,0,0,0,0,0,0,0,0,0,0,0,0,0,0,0,0,0,0,0,0,0,0,0,0,0,0,0,0,0,0,0,0,0,0,0,0,0,1.0,0.9154542641973471,0.7717061479869839,0.9446824647766895,0.613762691152381,0.8567883442270061,0.5143806518895921,0.9476672919595688,0.40665984998024046,1.0,0.5439201076876782,0.20058391130500847,0.28826353618878264,0.015852284668836262,0.12416340377044464,0.0,0.0,0.05144372168069333,0.56812945147417,0.29236359411571966,0.2944887523399979,0.1697696337402306,0.14098896649742157,0.29278915880481593,0.036567539340119956,0.456934419959245,0.5968795441568147,0.48309620503341205,0.3354632718107424,0.5331026668285379,0.19379603397268008,0.7548597268292428,0.09802626097445322,0.9545716221455509,0.609166905964125,0.7321579393270073,0.4223189490718104,0.6791888423726667,0.2961574221408455,0.7464711418840506,0.19221170219352748,0.8248050691803702,0.9496644295302014,0.8125,0.10570469798657718,0.7098214285714286,0.27348993288590606,0.5208333333333334,0.2516778523489933,0.5223214285714286,0,0,56,63,63,62,0,0,0,0,0,0
1476d34c-f4a0-4373-8b00-81b9260b32cc,USE_COMPUTER,0.4868307173873638,0.02846200502708649,0.5271529711467153,0.0029376997706814954,0.5475098764755534,0.0018172032634579975,0.5699863773869163,0.0,0.49361883857252137,0.004538194241572225,0.4858306664768602,0.004675202906146149,0.47669596020290267,0.004586571815812087,0.6930064208845911,0.00652868018091819,0.535552393555703,0.012492509086566479,0.5468389603491488,0.05512222966407955,0.4980245427539599,0.05636244141187841,0.9793266064452697,0.16644441957712425,0.5993570360099395,0.1381546152407551,0.6991831296210604,0.37258867226078674,0.315754401245459,0.269859021733561,0.1588667127347274,0.3597074370782527,0.07279739921909124,0.30676150138316216,0.007171328112358508,0.363319140255317,0.0,0.31715934219556213,0.0016862888285817403,0.3318938896042828,0.05595461571811535,0.29214047072370025,0.04174264059486816,0.32946375091102237,0.10597248303496644,0.2884535053917155,1.0,0.49756929280605666,0.6939485894709945,0.4906137052897595,0.7487626639877581,0.6768975883430806,0.5248709159318422,0.6780998755937119,0.7817855837667482,0.9202725106189509,0.5618116745891409,0.9301019241033983,0.8499910663415745,0.9592712906898404,0.6110959604623193,0.9735309749797715,0.5950552605953027,0.9891957728929999,0.3861443335474601,1.0,0,0,0,0,0,0,0,0,0,0,0,0,0,0,0,0,0,0,0,0,0,0,0,0,0,0,0,0,0,0,0,0,0,0,0,0,0,0,0,0,0,0,1.0,0.9031221537296924,0.7838121674200859,0.7920672900096163,0.6094796147753041,0.7064213864320593,0.48922704079061063,0.8660800145515047,0.37897341480203073,1.0,0.5646577872713733,0.14702369568095827,0.291766428255532,0.0,0.12554800485007395,0.012880355334905289,0.0,0.08045591148191293,0.578983908993134,0.26397539618745225,0.2937308581172439,0.17506944732368673,0.1508958704841053,0.32596841734999443,0.06036020923245848,0.5203306454956539,0.5992937874647146,0.4857982396424182,0.3229897485193756,0.4824004365451411,0.18276305848288632,0.6549527945442557,0.08520378504277934,0.8221386164568424,0.608889251906337,0.7708893671031672,0.44350958835630727,0.6974129618063125,0.32992625375212564,0.7138228595044196,0.23440016521889048,0.7443061219303748,0.9496644295302014,0.8125,0.10570469798657718,0.7098214285714286,0.2709731543624161,0.5223214285714286,0.25083892617449666,0.5223214285714286,0,0,56,63,63,62,0,0,0,0,0,0
1476d34c-f4a0-4373-8b00-81b9260b32cc,USE_COMPUTER,0.49065025094891945,0.02893648680314761,0.5306357790530064,0.003014194887215728,0.5509402728549309,0.0018643606531388978,0.5732144716047279,0.0,0.4975521449700253,0.004675492540370613,0.48979044626774804,0.004815632251660102,0.48093065646936695,0.004731902031063633,0.6956467757364898,0.006491334703824026,0.539021907871807,0.012712235125477058,0.5511424846802299,0.05600762657803038,0.5026541919765097,0.057276365541911796,0.979741125185863,0.1684866621517982,0.6068096207209854,0.14011605689731832,0.7077628230000259,0.3756426350263333,0.3167066682099473,0.27315777555882664,0.16758305021655673,0.36512549399480865,0.06992776103868288,0.3112672904813144,0.024564449883133697,0.368910345629008,0.0,0.32164998672208805,0.013676799015924019,0.33808891457103674,0.014328729940688036,0.3008882047457187,0.05170030622149976,0.33561553241560865,0.06562833320917527,0.30003057948998935,1.0,0.5037312244657955,0.7008326193233781,0.49572312398104423,0.7482516158949172,0.6820914457957185,0.5292618710271948,0.6833882499235606,0.7772544535739039,0.9218056143839399,0.5632282810547012,0.9301351614946397,0.8431405664179704,0.9586008309782387,0.6092801639177586,0.9718391762628714,0.5966614989412593,0.991979914126926,0.39521646088378054,1.0,0,0,0,0,0,0,0,0,0,0,0,0,0,0,0,0,0,0,0,0,0,0,0,0,0,0,0,0,0,0,0,0,0,0,0,0,0,0,0,0,0,0,1.0,0.9904989257217665,0.792520732986882,0.8775284933740216,0.6124804911744745,0.7636383333989921,0.46572334910343804,0.8956442487476856,0.33206858812592727,1.0,0.5808700132039293,0.12385715887499281,0.3103837858831467,0.0,0.1392534715807153,0.06905608974844617,0.016875881735113812,0.18338414310780057,0.5697805202300307,0.249165881286952,0.2796572029202296,0.13725457515250508,0.11642930873562075,0.24152850549563773,0.0,0.37239423132286226,0.5615928612120021,0.4728877326213904,0.28044858801427736,0.49583319443981466,0.13926702906805036,0.7316713587422611,0.043740441639137435,0.9370289615714463,0.5442826082159968,0.7589707535705735,0.3468305651691137,0.6851448078572316,0.2232697522621731,0.7375707978144727,0.12177600957424439,0.8072640300131216,0.9488255033557047,0.8110119047619048,0.10486577181208054,0.7098214285714286,0.2701342281879195,0.5208333333333334,0.24916107382550334,0.5223214285714286,0,0,56,63,63,62,0,0,0,0,0,0
1476d34c-f4a0-4373-8b00-81b9260b32cc,USE_COMPUTER,0.4895157768850899,0.028855773886726874,0.5307820448907662,0.0031754852274628563,0.5523457888010206,0.0019586601397192827,0.5758352708221992,0.0,0.49558914349966526,0.004945382421986966,0.48723452300858794,0.005091873985948328,0.4780193814291734,0.005020806379943887,0.6997491435528762,0.005864683438670908,0.5372917414253022,0.012815630620340088,0.5544654143687566,0.05559076119645213,0.5011924244878195,0.05694158102497135,0.9894366255733897,0.16673324255385005,0.6075865867127562,0.1395624169985739,0.715243511670994,0.3728047493392005,0.30356340535548415,0.27123599746652294,0.16071723726004764,0.36268549752714263,0.05733398428081555,0.2963868416906131,0.019725637608712498,0.36621395801746703,0.0009839040153992536,0.31608958786104746,0.005893363894164719,0.3372165288558108,0.0,0.29462916443249804,0.04200481958323176,0.3352604899109104,0.05480746110860391,0.29662142016778303,1.0,0.5016281680831209,0.697538394206124,0.49377314865748306,0.7545815473017218,0.6851915487953505,0.5189411084309782,0.6788732140618315,0.7909612195155208,0.9167373404781444,0.5650824986140206,0.9264036424418549,0.8586520531617458,0.9575943102204004,0.6102745719094655,0.9671612282904154,0.6029963094869498,0.9906014290901826,0.39730499760716936,1.0,0,0,0,0,0,0,0,0,0,0,0,0,0,0,0,0,0,0,0,0,0,0,0,0,0,0,0,0,0,0,0,0,0,0,0,0,0,0,0,0,0,0,1.0,0.9533327745305434,0.7850361119239933,0.9724297215585287,0.5929675651188245,0.853833788259664,0.4365334223590154,0.9004213428363004,0.2963302243953943,0.9495019324341034,0.5609386455084028,0.2152159786614792,0.29610719612816244,0.0,0.13924565213214746,0.12215041698583434,0.04304807526048504,0.3147282434144953,0.5542299775050515,0.27945893504913455,0.23013036712234786,0.2742421513796758,0.07568426659479272,0.5851918367211444,0.0,0.8889545436061204,0.5463218016674496,0.4584553639673449,0.22715025283497886,0.43926961709007045,0.08650795926907985,0.7319514306319644,0.011865326566564749,1.0,0.5329824281012275,0.7073264855094414,0.30336522089961415,0.7036533253883749,0.16817890598091648,0.8225264470018432,0.07882420388514684,0.9555220642728329,0.9496644295302014,0.8110119047619048,0.10486577181208054,0.7098214285714286,0.2701342281879195,0.5223214285714286,0.25,0.5208333333333334,0,0,56,63,63,62,0,0,0,0,0,0
1476d34c-f4a0-4373-8b00-81b9260b32cc,USE_COMPUTER,0.49636418984547825,0.029384448085258807,0.5345021653280424,0.003235217409474322,0.5558327824278715,0.0019683239357577023,0.5791086695239098,0.0,0.49963047169396585,0.005283267296546974,0.491802111993205,0.005598994549624025,0.4822023389358414,0.005674295361771101,0.7038906229392887,0.0050643422579638,0.541316582489418,0.01289437813427466,0.5617810683722755,0.05549728612274154,0.5103012547373031,0.057057946407855636,0.9912690124594493,0.16425022241373752,0.6196346853949639,0.1404332420567283,0.7188305154899133,0.3705308573216884,0.3213618880698346,0.27832296553216873,0.16582373292434996,0.3611634069120747,0.06878394082238504,0.295060090452048,0.027271520772799398,0.3647260662583983,0.0,0.3125369297143211,0.011604101225042324,0.337267435066683,0.005019695734291315,0.290061519349683,0.04728643462003283,0.33573387646377545,0.060665267076479505,0.29400973501238414,1.0,0.49902481684147004,0.7000025713529713,0.4906725778202036,0.7392881997294273,0.6746301299757017,0.49726217266054573,0.678663873846884,0.7896878792227214,0.914703147342592,0.5654317260165346,0.9267630286930431,0.8605404320370673,0.9534353438693021,0.6152942415794411,0.9672206255406106,0.6070169734180165,0.9871994862284895,0.39630189674607724,1.0,0,0,0,0,0,0,0,0,0,0,0,0,0,0,0,0,0,0,0,0,0,0,0,0,0,0,0,0,0,0,0,0,0,0,0,0,0,0,0,0,0,0,1.0,0.8800578893700302,0.8158258394933107,0.7736735972344794,0.6170192526229626,0.6609779462534238,0.45530724506750864,0.7915788342562405,0.3203796752362361,0.9032822266830671,0.5251125998474555,0.0,0.2587828450636352,0.022193211488250653,0.11379092513868849,0.4175979569533547,0.04486591974152874,0.797051117319713,0.5198344908983096,0.06544676784350666,0.21020555915999117,0.05176777491734989,0.06278705342419169,0.5065056951982917,0.0,0.9106978732744075,0.5161376500737944,0.3010167220715798,0.21587414336109476,0.2166953217524109,0.07856527259501707,0.6311267393103575,0.019548541114964915,1.0,0.5107459017187177,0.6700385929133534,0.28337139351531965,0.5602671324642307,0.15345335629286042,0.7263264027655206,0.07643859228402675,0.9295404974096108,0.9496644295302014,0.8125,0.2701342281879195,0.5223214285714286,0.10486577181208054,0.7098214285714286,0.24916107382550334,0.5223214285714286,0,0,56,63,63,62,0,0,0,0,0,0
1476d34c-f4a0-4373-8b00-81b9260b32cc,USE_COMPUTER,0.500262311502722,0.029109066552106162,0.5383750247950476,0.003265531115246117,0.5600338563786291,0.001999880231323095,0.5835783135156696,0.0,0.5031426401791593,0.005372870565434141,0.495158323994867,0.005701737348954499,0.4855574494518813,0.005832929781338294,0.7123582164674594,0.004282841846438228,0.5480582939133867,0.012756719757545974,0.5679596508625195,0.0547055090500455,0.5152175071728456,0.05627087083522999,0.9971891347583174,0.1612635345970694,0.6227541986626051,0.13915383194784448,0.7221467583329804,0.36534491345447806,0.32454319709685947,0.281260216646823,0.16078124314846418,0.3551595147600795,0.07457579434711874,0.29078596576455934,0.022386208242259283,0.3578853457311929,0.0,0.3062950514189199,0.011501006183654856,0.33224541342995856,0.009123748611663839,0.2834931631805926,0.047020694218230075,0.33054793735870447,0.0659304150456805,0.2885999795420784,1.0,0.4948246862945464,0.6963609034921623,0.4859424995028768,0.7493505624756038,0.6647972257192912,0.4911863086409612,0.6703254557441273,0.7954719621787347,0.9055179504524612,0.5702832773577966,0.9224206258218846,0.8671728158246657,0.9436460358041103,0.6235836152833151,0.9636187370051392,0.6131820047263319,0.980584243029697,0.4051033741075959,1.0,0,0,0,0,0,0,0,0,0,0,0,0,0,0,0,0,0,0,0,0,0,0,0,0,0,0,0,0,0,0,0,0,0,0,0,0,0,0,0,0,0,0,1.0,0.8567068822590853,0.7745053873885239,0.9098892919857025,0.5628496922767474,0.8108693520639646,0.4007820133943821,0.8817309492187152,0.2572696717340928,0.9560978544751174,0.5002892158204625,0.023973365898009573,0.20918932686505523,0.0,0.06832426211284653,0.4339172542273169,0.014676215152766653,0.8220928004135951,0.5079102907273599,0.05217850553094387,0.17659214499353132,0.019230169270949397,0.03764596174972001,0.5106117464590372,0.0,0.9093856685712248,0.5149374615420321,0.24940501127581627,0.1952614427703781,0.1632018415680961,0.05652205478914024,0.6193108381541533,0.01008059956938978,1.0,0.5184386987430418,0.5739256776631874,0.2670432026545966,0.4621168228047813,0.13934906207190406,0.6853077896726002,0.08120091216051359,0.948268293117741,0.9496644295302014,0.8125,0.2701342281879195,0.5208333333333334,0.10486577181208054,0.7113095238095238,0.25,0.5193452380952381,0,0,56,63,63,62,0,0,0,0,0,0
1476d34c-f4a0-4373-8b00-81b9260b32cc,USE_COMPUTER,0.5054475694393044,0.0296017082441463,0.543359934125193,0.0034345506575140707,0.5650015224716073,0.002089400930894425,0.5882615189923732,0.0,0.5081220159372475,0.005720381632071562,0.5002799172213825,0.006123371683552405,0.4907251912985779,0.006315329941237264,0.7166120504343358,0.003923088712586141,0.5562393160156244,0.01280887424284678,0.5731730606521118,0.05517148998065323,0.5203860297710878,0.056811430790268805,1.0,0.16240915224556757,0.6260974942889935,0.14041617871724466,0.7280258029289524,0.3690128558006173,0.31237625062066376,0.26796837983707844,0.1709165148216271,0.35608450273730796,0.06353356213618429,0.287272039530296,0.034043332085530925,0.3591415251451355,0.0,0.29268647799270764,0.023609637462010797,0.3317457215457566,0.01980071856734072,0.2723631050789578,0.059007940652478254,0.33140834810893555,0.07455416281686772,0.2745585512201925,0.9998735567496692,0.4989041477786184,0.6998109648871347,0.4886155356087131,0.7544825399946299,0.6660020497571792,0.5012034600303971,0.6593598596392167,0.7987788984371991,0.9090368643632296,0.575914409206181,0.9209843813657357,0.8678169131178657,0.9475687657102283,0.6277335685319554,0.9637528344962989,0.617323510453937,0.9837402941482409,0.40524104819000906,1.0,0,0,0,0,0,0,0,0,0,0,0,0,0,0,0,0,0,0,0,0,0,0,0,0,0,0,0,0,0,0,0,0,0,0,0,0,0,0,0,0,0,0,1.0,0.8581147985498866,0.7683771937605447,0.8979767301938191,0.5586244140024217,0.8068320093388601,0.39674159637903034,0.8446038494018867,0.2592695939158184,0.9144537387367537,0.5100219830840604,0.14073313289798753,0.2247891370910345,0.0,0.07019642852310419,0.28085650585972105,0.009904264886691348,0.5780982864666571,0.5104276072175237,0.1727482276041381,0.16930763358158893,0.10346223130766526,0.029625295310305468,0.520184582786603,0.0,0.8562009797529123,0.511607495356671,0.34351788314373516,0.19525254387070062,0.29090495389477417,0.058944493238946294,0.6792132118250259,0.023131400269233396,1.0,0.5079857439203738,0.6202166896151048,0.2752810728683159,0.5520674729048046,0.15970976676161297,0.7450906680648576,0.11025248824396623,0.9545791802056456,0.950503355704698,0.8139880952380952,0.1040268456375839,0.7113095238095238,0.26929530201342283,0.5208333333333334,0.25,0.5208333333333334,0,0,56,63,63,62,0,0,0,0,0,0
d5981c2c-7770-44e3-842a-ffed89d6a8ea,USE_COMPUTER,0,0,0,0,0,0,0,0,0,0,0,0,0,0,0,0,0,0,0,0,0,0,0,0,0,0,0,0,0,0,0,0,0,0,0,0,0,0,0,0,0,0,0,0,0,0,0,0,0,0,0,0,0,0,0,0,0,0,0,0,0,0,0,0,0,0,0,0,0,0,0,0,0,0,0,0,0,0,0,0,0,0,0,0,0,0,0,0,0,0,0,0,0,0,0,0,0,0,0,0,0,0,0,0,0,0,0,0,1.0,0.29064312864061054,0.7832250314516457,0.16804834998675466,0.5613979952112333,0.12980888003881333,0.3818755191212478,0.15484199341006705,0.2333231064756571,0.28291171454339265,0.5440437211693249,0.0,0.26132651542821583,0.006472659517154959,0.102630250395682,0.2145046983781145,0.0,0.4345575607128081,0.6046861734507528,0.13279072051719365,0.31039898272526817,0.2321942333622052,0.15611022279939937,0.5450154330633663,0.0772168878427553,0.827469662198966,0.6910570187898218,0.34248095795122735,0.43538471111832583,0.42372792565936535,0.3022533176413295,0.7268838903820911,0.22900466701838398,1.0,0.7883748224503876,0.612289004574854,0.6441747223462251,0.6038875841972575,0.5332201344642398,0.7458607541812142,0.4458866658550113,0.9302785690261246,0.3738888888888889,0.4873417721518987,0,0,0,0,0,0,0,0,63,0,0,0,0,1,0,0,0,0
d5981c2c-7770-44e3-842a-ffed89d6a8ea,USE_COMPUTER,0.19729706289910806,0.8145851386630794,0.191499766313881,0.7987518809816593,0.19388439470817,0.8023320046106402,0.19627663600061918,0.8050802322926381,0.18948876701949216,0.7910342854470478,0.18994688436171894,0.7875050549232889,0.19035678668226466,0.7843524333781743,0.22267159882952436,0.8158858013738387,0.21348611474548215,0.7852082628395052,0.223973926868709,0.8462942941951599,0.21949142257749743,0.8355011045179322,0.28257271773149967,0.7427911979686773,0.3278369950129546,0.8669783525489193,0.187700706223186,0.8496862508837519,0.2071851727015802,1.0,0.10431118422810512,0.8206224364317606,0.0392325482146485,0.9230276170747743,0.08377248062704008,0.7911751355544735,0.0,0.8565983598665226,0.08743741936485441,0.7298387651406988,0.01718775959422954,0.8683321091478293,0.09604492027877537,0.7521403989469254,0.0316839865075561,0.90201316618387,0.6027152371559585,0.034482417119890404,0.6464852219465822,0.07253202826905672,0.6448890509656663,0.0,0.8223215249321668,0.006252699397810771,0.5082826092894972,0.30715089393051576,0.9704300108207644,0.46559048381461704,0.5130305201087241,0.3437999818435408,1.0,0.48001826649830676,0.4213891389618127,0.3892585287215927,0.9895458488284421,0.7027223684825877,0,0,0,0,0,0,0,0,0,0,0,0,0,0,0,0,0,0,0,0,0,0,0,0,0,0,0,0,0,0,0,0,0,0,0,0,0,0,0,0,0,0,1.0,0.30403864491344607,0.785544996019588,0.2418708624522914,0.5785948928761686,0.18333957829690506,0.4141693569676021,0.18358387878214497,0.26853330863707014,0.2646997313628295,0.5423511283553136,0.009856979960513573,0.26153807830961795,0.0,0.10361701718615987,0.20034787144254923,0.0,0.4171217606066868,0.5909330329540072,0.11549593309714508,0.2965438944036297,0.16462149296539086,0.14167496479025368,0.48904600193697606,0.0628373815153018,0.7955170705353075,0.6668741455964613,0.31775277164346694,0.41212581698704626,0.36484301281939563,0.28269772497389634,0.6970543274485445,0.2162786962274873,1.0,0.7561050382237378,0.5989432525762031,0.6117773268045343,0.5658898637394593,0.5004787657270717,0.7263678959908578,0.41924745717723777,0.9407849856967512,0.3738888888888889,0.4873417721518987,0,0,0,0,0,0,0,0,63,0,0,0,0,1,0,0,0,0
d5981c2c-7770-44e3-842a-ffed89d6a8ea,USE_COMPUTER,0,0,0,0,0,0,0,0,0,0,0,0,0,0,0,0,0,0,0,0,0,0,0,0,0,0,0,0,0,0,0,0,0,0,0,0,0,0,0,0,0,0,0,0,0,0,0,0,0,0,0,0,0,0,0,0,0,0,0,0,0,0,0,0,0,0,0,0,0,0,0,0,0,0,0,0,0,0,0,0,0,0,0,0,0,0,0,0,0,0,0,0,0,0,0,0,0,0,0,0,0,0,0,0,0,0,0,0,1.0,0.34955382516678185,0.7704226118408649,0.3993730060393995,0.5498382029312213,0.37603058769579095,0.38104825065117437,0.3710944648169865,0.23930879206118982,0.43733704616526126,0.5256628086003097,0.04176435424845965,0.24949576538878915,0.0,0.09626407551816046,0.23208223368006103,0.0,0.4879135371449503,0.5787311855594598,0.11680530874072248,0.2898001343536809,0.11279603833909788,0.1405825184445392,0.48324361455574427,0.06915958312182138,0.8338265806776127,0.652831088882381,0.28956429174926124,0.4004875807569026,0.3241215312241053,0.27347149720651115,0.6840415272451773,0.2064495074838226,1.0,0.739451036290295,0.5504308784828523,0.5991441256093611,0.5144575535661611,0.4901511565675646,0.707196573117024,0.4091700419260655,0.9387191918522066,0.37444444444444447,0.4873417721518987,0,0,0,0,0,0,0,0,63,0,0,0,0,1,0,0,0,0
d5981c2c-7770-44e3-842a-ffed89d6a8ea,USE_COMPUTER,0,0,0,0,0,0,0,0,0,0,0,0,0,0,0,0,0,0,0,0,0,0,0,0,0,0,0,0,0,0,0,0,0,0,0,0,0,0,0,0,0,0,0,0,0,0,0,0,0,0,0,0,0,0,0,0,0,0,0,0,0,0,0,0,0,0,0,0,0,0,0,0,0,0,0,0,0,0,0,0,0,0,0,0,0,0,0,0,0,0,0,0,0,0,0,0,0,0,0,0,0,0,0,0,0,0,0,0,1.0,0.33341538959201,0.7695087439314744,0.33538150499373254,0.5492287534674263,0.3107646273907242,0.3821508796177802,0.32063240467429543,0.2397396537564063,0.40227989163398165,0.5125013796919122,0.014182038736808055,0.24107103775664637,0.0,0.09011185400381856,0.26325146577170355,0.0,0.5416796732845417,0.5690510501462049,0.11833957381424123,0.2905754304863106,0.11699809955117059,0.14109090930845106,0.49186235898265335,0.06688676595529569,0.8461267235453479,0.6465767238820458,0.31547677004569163,0.40724118151281635,0.3324591807852493,0.27615504516565426,0.6845251708382193,0.2065012179675919,1.0,0.7363119855568816,0.6024396910759775,0.5944784605041192,0.549030447616352,0.4858676175764225,0.736024261048886,0.4085927062730391,0.9695061259148438,0.3738888888888889,0.4873417721518987,0,0,0,0,0,0,0,0,63,0,0,0,0,1,0,0,0,0
d5981c2c-7770-44e3-842a-ffed89d6a8ea,USE_COMPUTER,0,0,0,0,0,0,0,0,0,0,0,0,0,0,0,0,0,0,0,0,0,0,0,0,0,0,0,0,0,0,0,0,0,0,0,0,0,0,0,0,0,0,0,0,0,0,0,0,0,0,0,0,0,0,0,0,0,0,0,0,0,0,0,0,0,0,0,0,0,0,0,0,0,0,0,0,0,0,0,0,0,0,0,0,0,0,0,0,0,0,0,0,0,0,0,0,0,0,0,0,0,0,0,0,0,0,0,0,1.0,0.3331085487238334,0.7665356913491417,0.3508847313284703,0.550059361849763,0.3363343932247829,0.3868667255980009,0.34328215860626804,0.250288724758397,0.4219314963004902,0.5167504725976197,0.0,0.24477658116365,0.0008964423707193612,0.09025840594750326,0.2826728811017479,0.0,0.5811356172393282,0.5677451705521845,0.09703685355468046,0.27470132244516793,0.0701675100302128,0.11632092981893305,0.4578656920383448,0.03768299293356383,0.8352126607319486,0.639981867079541,0.2957521774955894,0.37692802772546413,0.26850504754346144,0.23218912817446882,0.6438363689365868,0.15576022900009248,0.9919020249150318,0.7287903886845528,0.5899675966413742,0.5804250036330911,0.5334219665451752,0.4687739515352546,0.7383483554832111,0.38718142917621606,1.0,0.37444444444444447,0.4873417721518987,0,0,0,0,0,0,0,0,63,0,0,0,0,1,0,0,0,0
d5981c2c-7770-44e3-842a-ffed89d6a8ea,USE_COMPUTER,0,0,0,0,0,0,0,0,0,0,0,0,0,0,0,0,0,0,0,0,0,0,0,0,0,0,0,0,0,0,0,0,0,0,0,0,0,0,0,0,0,0,0,0,0,0,0,0,0,0,0,0,0,0,0,0,0,0,0,0,0,0,0,0,0,0,0,0,0,0,0,0,0,0,0,0,0,0,0,0,0,0,0,0,0,0,0,0,0,0,0,0,0,0,0,0,0,0,0,0,0,0,0,0,0,0,0,0,1.0,0.28922140196106616,0.7712180393344913,0.30239142157551846,0.5573516124489373,0.2791864093231987,0.3973091409935204,0.295369833041807,0.2620447179514976,0.3761169955170125,0.5195608250186684,0.0,0.24256001827395346,0.0372267078773397,0.0926960808273997,0.2835904209193868,0.0,0.5426850476208829,0.5687915138392773,0.09078057559524919,0.2740730057991733,0.17029666187862164,0.13384896596814932,0.5414558668504383,0.06392205694252948,0.8901887618570454,0.6377281642952308,0.2822724712472473,0.3836789785169738,0.3612913253197023,0.25656911363098517,0.6954449549095046,0.18742000910793974,1.0,0.721625743044791,0.5625689656969796,0.5810098004722385,0.5426973678599082,0.47890853779819187,0.718009630636075,0.4024867288800573,0.9444865824699425,0.3738888888888889,0.4873417721518987,0,0,0,0,0,0,0,0,63,0,0,0,0,1,0,0,0,0
d5981c2c-7770-44e3-842a-ffed89d6a8ea,USE_COMPUTER,0.11713909975175485,0.7848177402004303,0.10787393653843738,0.8022820340555542,0.10871003712996108,0.7956146875574858,0.10958618630974398,0.7885946785197271,0.10862104985734201,0.8352276135518392,0.11002106736996821,0.8504973266629876,0.11140779289424976,0.8658395217985939,0.1310243078099969,0.8157063298302021,0.13379361590115388,0.9182970123409394,0.13887249327880682,0.7698098371603842,0.15022048517224756,0.8122825539266262,0.19138033544404068,0.6845546054578464,0.2455998231992927,0.9817963894954052,0.09422194245751515,0.6963550539466212,0.17687981189937638,0.9648730864745543,0.021438768837347622,0.742098709520039,0.10143927634962988,0.9170823135862306,0.0,0.7543880367668818,0.07982292136930094,0.9119368396637634,0.008321777287297653,0.7542718155897338,0.09469216812311039,0.9106437853412354,0.017400636884758416,0.7496153453943422,0.10316637171830842,0.8972702269837081,0.4596605631841355,0.3155146898569155,0.5127732771306637,0.5540349743263671,0.47342320875244637,0.0,0.7405197590369661,0.6528112278155017,0.42655108333373254,0.20171603692284312,0.9280188770401746,0.8543080066143597,0.418534633376105,0.23700990904255745,0.9522424037473395,0.816729950972159,0.42358334484514465,0.2709110640561141,1.0,1.0,0,0,0,0,0,0,0,0,0,0,0,0,0,0,0,0,0,0,0,0,0,0,0,0,0,0,0,0,0,0,0,0,0,0,0,0,0,0,0,0,0,0,1.0,0.3175603255947611,0.7748430354347351,0.25379797046199654,0.5600701013670283,0.17445609338430432,0.39689421513507533,0.16067094684746605,0.25572475042868537,0.21717214113995986,0.5058115782260569,0.0,0.23068992841562377,0.037924552573652334,0.08406652989813544,0.2769956374015106,0.0,0.5191767246331386,0.5630848198985775,0.11135584931143028,0.2776759657403823,0.22933796629622638,0.14575464215370443,0.607332901476098,0.09047303401295978,0.9343490095981751,0.6417797947553523,0.3052478103205093,0.4017322695724207,0.38943303982894556,0.2722287293902383,0.7187216987632475,0.20585937896166775,1.0,0.7360459836187759,0.5693364363641364,0.5909374550911324,0.5480059168834309,0.4858774467977621,0.708746197731976,0.41090750404574483,0.9075302168750363,0.3738888888888889,0.4873417721518987,0,0,0,0,0,0,0,0,63,0,0,0,0,1,0,0,0,0
4b3cf1c1-3296-44ce-80d0-c5c43cfe680c,USE_COMPUTER,0.68754853864715,0.02515326189182019,0.6578546716949776,0.0009423500679610525,0.6491754422410073,0.0005182044460327409,0.6376036689624315,0.0,0.6416785183528021,0.0009894647297027878,0.6222039342271369,0.000704105602314063,0.5997724875757043,0.0001999389384890527,0.4752984227935889,0.005871771281675659,0.4462031991562665,0.006582014861635207,0.6342764745361863,0.05075522131615064,0.6144057910800748,0.050598532386811716,0.3834859737292063,0.15251192188491383,0.19047144409466435,0.16242549461301528,0.48938381885296983,0.35474646401337806,0.25365098515476436,0.38725916110213526,0.8480502644657153,0.3442645600218057,0.8403993352402563,0.3517690333571805,0.999477859984979,0.34721993942498064,0.9922426053468416,0.3490339391517269,1.0,0.3272629302750746,0.985064478499177,0.32622947670557917,0.916421043800636,0.32485218272168387,0.9259164416177951,0.3249699977926014,0.3585652734943032,0.4898330651946432,0.17528044551686667,0.5026028435204439,0.3846740719730261,0.7294169171302545,0.4018423712427492,0.7514410039185304,0.2927700386711197,0.9308711404339732,0.1316343142268173,0.953127220043998,0.20440782850476996,0.9636319141192354,0.0,0.9878945440880704,0.5556382732226466,0.9783859073851919,0.39943900909250707,1.0,0,0,0,0,0,0,0,0,0,0,0,0,0,0,0,0,0,0,0,0,0,0,0,0,0,0,0,0,0,0,0,0,0,0,0,0,0,0,0,0,0,0,0,0,0,0,0,0,0,0,0,0,0,0,0,0,0,0,0,0,0,0,0,0,0,0,0,0,0,0,0,0,0,0,0,0,0,0,0,0,0,0,0,0,0.40166666666666667,0.5189873417721519,0,0,0,0,0,0,0,0,63,0,0,0,0,0,0,0,0,0
4b3cf1c1-3296-44ce-80d0-c5c43cfe680c,USE_COMPUTER,0.6452060389435635,0.02431276745230532,0.6162121807356646,0.001782208913919384,0.6074097880618256,0.0009157176858183393,0.5956469532480756,0.0,0.6005357254667251,0.0020665367108034126,0.5807203685651263,0.0015163427305427486,0.5572486725530619,0.0008178197015815525,0.4265710828781932,0.004701241758713398,0.391034470473499,0.006166016492582268,0.5933636346472637,0.04723740835057489,0.5720165364064302,0.04807557101777346,0.32827254243782183,0.1415411167540997,0.10537121740689631,0.15146106684602403,0.4849474946589054,0.3305936966610453,0.17833522543211158,0.3626630352330013,0.827429071362613,0.3224518544061395,0.8167493355431937,0.33251300065063655,1.0,0.32542612320747577,0.9802266699847284,0.32943278059524167,0.9997553053877295,0.30753438343550404,0.9724625760710642,0.3078232724961359,0.9024850369884599,0.3046714257115027,0.9089064038841377,0.3066666334610275,0.3129261155604973,0.48141506318507526,0.1266281818432971,0.49154361326774443,0.3591040635839057,0.7160158814812055,0.3510530348371954,0.7382688932112464,0.265498454338588,0.9336714831401142,0.12491798623800807,0.9548135496819683,0.16943907226821772,0.9701477333774319,0.0,0.9930745669306781,0.5564115481776918,0.9791907838975695,0.43184833712730875,1.0,0,0,0,0,0,0,0,0,0,0,0,0,0,0,0,0,0,0,0,0,0,0,0,0,0,0,0,0,0,0,0,0,0,0,0,0,0,0,0,0,0,0,0,0,0,0,0,0,0,0,0,0,0,0,0,0,0,0,0,0,0,0,0,0,0,0,0,0,0,0,0,0,0,0,0,0,0,0,0,0,0,0,0,0,0.40166666666666667,0.5189873417721519,0,0,0,0,0,0,0,0,63,0,0,0,0,0,0,0,0,0
4b3cf1c1-3296-44ce-80d0-c5c43cfe680c,USE_COMPUTER,0.5982900847096381,0.024181872658389645,0.5705892943589331,0.0021184804506961257,0.5616990631315978,0.0010954468832418166,0.549785407822274,0.0,0.5542145975992874,0.0023381953696029354,0.5333668867745301,0.0016020953163488909,0.5081620477598899,0.0006908026344956992,0.3737159088265053,0.003847166481911854,0.32804173879414084,0.0052063610195571845,0.5452563709558823,0.046564617787764634,0.5215887705005615,0.0478236439715901,0.26861092141921117,0.13781521397373286,0.01822751537295034,0.14970133280889322,0.4479903966075483,0.32686844475059146,0.10148688580768501,0.36127250743541967,0.801299548270985,0.3187740911112362,0.7865782018442796,0.3317426700284033,0.9812849958965557,0.32387742804057634,0.9604196649972022,0.3285282531396544,1.0,0.3063271600426342,0.9517993823486159,0.3070129175428281,0.8848473909526339,0.30240501008217735,0.884555756128228,0.30576275774057887,0.2558177307196287,0.48437035751603097,0.06356475795326116,0.4966033531322444,0.34606120174782107,0.7145552763748368,0.3163609847272356,0.741849480145146,0.2771295497912812,0.9298948807511794,0.13732216431442434,0.9556443759079797,0.17689651300982726,0.9671799191035153,0.0,0.993457698296318,0.614531275519459,0.9726417189444344,0.5137604876152336,1.0,0,0,0,0,0,0,0,0,0,0,0,0,0,0,0,0,0,0,0,0,0,0,0,0,0,0,0,0,0,0,0,0,0,0,0,0,0,0,0,0,0,0,0,0,0,0,0,0,0,0,0,0,0,0,0,0,0,0,0,0,0,0,0,0,0,0,0,0,0,0,0,0,0,0,0,0,0,0,0,0,0,0,0,0,0.4011111111111111,0.5189873417721519,0,0,0,0,0,0,0,0,63,0,0,0,0,0,0,0,0,0
4b3cf1c1-3296-44ce-80d0-c5c43cfe680c,USE_COMPUTER,0.5834495792894483,0.024033204558296332,0.5579712493853478,0.0021892095910384887,0.5497799888469811,0.0011279054484533509,0.5387792663730987,0.0,0.5411615072508358,0.0024558293114706592,0.5203837078018938,0.0017078784143290833,0.4949561433629923,0.0007746155503967846,0.37045702653924023,0.0037214686199260275,0.3183197949602639,0.005091447293029605,0.5333814250041893,0.04601297610080242,0.5083274592269255,0.04740345263958081,0.2677340966466773,0.13476701849709166,0.016511962024794866,0.14689389902544916,0.4310918695591261,0.3157787770595287,0.10176245168627601,0.35579248770516836,0.7992399464874859,0.3108297959656661,0.7733306595389903,0.3263996476243952,0.9938219967200235,0.31749089178880435,0.9446142181761243,0.32334526454794793,1.0,0.30139938352501405,0.9350437192845585,0.30232048709256504,0.8849722685405204,0.2967587418101709,0.8702272084213534,0.30105114771156144,0.2576374829339582,0.48434148066071286,0.07394352616701508,0.4939472979898471,0.34136489875750975,0.7170996386101606,0.31787806948385694,0.7416614709246958,0.2800459306589896,0.9342014490020342,0.13658206671483158,0.9571428640374022,0.18315795256945228,0.9727796923716784,0.0,0.9956585815434054,0.6144321162990657,0.9727569556939907,0.5030151060223554,1.0,0,0,0,0,0,0,0,0,0,0,0,0,0,0,0,0,0,0,0,0,0,0,0,0,0,0,0,0,0,0,0,0,0,0,0,0,0,0,0,0,0,0,0,0,0,0,0,0,0,0,0,0,0,0,0,0,0,0,0,0,0,0,0,0,0,0,0,0,0,0,0,0,0,0,0,0,0,0,0,0,0,0,0,0,0.4011111111111111,0.5189873417721519,0,0,0,0,0,0,0,0,63,0,0,0,0,0,0,0,0,0
4b3cf1c1-3296-44ce-80d0-c5c43cfe680c,USE_COMPUTER,0.5779552489508839,0.024081357048932953,0.5513059598779824,0.0021552066364010068,0.543114596616987,0.001107160148031279,0.5321853634969411,0.0,0.5333001511176527,0.0024532035320131425,0.5114079783379305,0.0017292680322482494,0.4844416230822383,0.0008244020333070645,0.3637946822315976,0.0038757076992592698,0.3030312291089676,0.005326527709801517,0.5274046526260203,0.04604102744184183,0.500374030234766,0.047547611782796186,0.2586165712584337,0.13411851218578055,0.0,0.14629429811522968,0.4165085642699444,0.31491346360702904,0.08668793923834456,0.35426560031495974,0.8026697826489969,0.30709711659047145,0.7765620453128248,0.324107225613407,1.0,0.31404877621514,0.9514616840910751,0.3206461808879587,0.9984198374221238,0.29725846859219207,0.9415872409511985,0.30067062111696313,0.8919808771565163,0.29379721036368406,0.875468043391552,0.29956216660663226,0.25565612588269,0.485819727250375,0.0643597161909363,0.4943836552305621,0.33784401737010344,0.7188479620425721,0.3218814990421725,0.7412861728559735,0.2950021066587269,0.9350457506365928,0.15344329155595005,0.9551685207672691,0.20234260450431724,0.974140616157554,0.014718971725831007,0.9930391597437632,0.6361322869325363,0.9731866844866995,0.53912374232474,1.0,0,0,0,0,0,0,0,0,0,0,0,0,0,0,0,0,0,0,0,0,0,0,0,0,0,0,0,0,0,0,0,0,0,0,0,0,0,0,0,0,0,0,0,0,0,0,0,0,0,0,0,0,0,0,0,0,0,0,0,0,0,0,0,0,0,0,0,0,0,0,0,0,0,0,0,0,0,0,0,0,0,0,0,0,0.4011111111111111,0.5189873417721519,0.2811111111111111,0.5474683544303798,0,0,0,0,0,0,63,27,0,0,0,0,0,0,0,0
4b3cf1c1-3296-44ce-80d0-c5c43cfe680c,USE_COMPUTER,0.5585311592342921,0.02407786090523234,0.5322917471596665,0.002110885654523019,0.5246385582859382,0.0010857491255819968,0.5143842319279143,0.0,0.5134333923240074,0.0024032068275052394,0.4910825013847048,0.0016954601378352837,0.4633201032111641,0.0008084345013723662,0.3539683611850371,0.003969591987665097,0.28867643840427976,0.005372117896351607,0.5104150872026262,0.04611445801276937,0.48264901449549463,0.04765752038398426,0.2592108939113519,0.134126720415522,0.0,0.14582671077188197,0.4052354538454264,0.3138519720977348,0.08212366426651176,0.35393438390547377,0.7974141010226551,0.3053055426621255,0.7521086148899666,0.32335823425323923,0.999629736703457,0.312038498647838,0.9209095551382679,0.32026848448304196,1.0,0.2970035893638913,0.9156221174499818,0.3004818035067559,0.8850627507666536,0.29334167160798824,0.8508999635248504,0.2993119857225083,0.2702866946759791,0.4878233984560687,0.06739959201869689,0.49680914927155334,0.3483188738635289,0.7196150838898062,0.32970973886494737,0.7410777004977537,0.3034111019547978,0.9335179503112113,0.15882306850573472,0.9524706616640572,0.21804087918619888,0.9714345679555968,0.022879267254772167,0.9890757655858735,0.6172100022965835,0.9739097155915163,0.5221828891020358,1.0,0,0,0,0,0,0,0,0,0,0,0,0,0,0,0,0,0,0,0,0,0,0,0,0,0,0,0,0,0,0,0,0,0,0,0,0,0,0,0,0,0,0,0,0,0,0,0,0,0,0,0,0,0,0,0,0,0,0,0,0,0,0,0,0,0,0,0,0,0,0,0,0,0,0,0,0,0,0,0,0,0,0,0,0,0.40166666666666667,0.5189873417721519,0,0,0,0,0,0,0,0,63,0,0,0,0,0,0,0,0,0
4b3cf1c1-3296-44ce-80d0-c5c43cfe680c,USE_COMPUTER,0.5420288361585329,0.023484116792212986,0.5163591799768471,0.0020286421165906453,0.5090111686337395,0.0010463833232007647,0.4991317148103628,0.0,0.49750238409267183,0.0023084050469945284,0.47528869356748443,0.001637912929266001,0.44763845488592907,0.0007949308980490199,0.34389455492712834,0.003912883750719304,0.2791268261898523,0.005259902012100563,0.4954139335738266,0.045093602176930904,0.46842786865571107,0.046605203697141315,0.265734016734833,0.13205522954331916,0.0,0.14129665235102687,0.39288171611944067,0.3073716420288112,0.0742635703727814,0.34522745611839173,0.787994100980803,0.29827394347652225,0.7336698815525371,0.31530082025039907,0.9960849145423474,0.3042453923904951,0.8989377199381781,0.3124803812880175,1.0,0.29006335077002104,0.8950588697568026,0.29325810740956276,0.883716599924639,0.2865214295699781,0.8309561525928225,0.29213468622089866,0.2798894426113863,0.48086096706969367,0.06748359411212368,0.489242645218132,0.3821814180895296,0.7231811540724798,0.3228156778520566,0.7340027634278209,0.3300141401358467,0.9376491617060428,0.16431095480371896,0.9469968041770024,0.24569391915511904,0.9749223801891485,0.034656633055829764,0.9831108654730826,0.6359603070824466,0.9831539359339898,0.5176563190865862,1.0,0,0,0,0,0,0,0,0,0,0,0,0,0,0,0,0,0,0,0,0,0,0,0,0,0,0,0,0,0,0,0,0,0,0,0,0,0,0,0,0,0,0,0,0,0,0,0,0,0,0,0,0,0,0,0,0,0,0,0,0,0,0,0,0,0,0,0,0,0,0,0,0,0,0,0,0,0,0,0,0,0,0,0,0,0.40166666666666667,0.5189873417721519,0,0,0,0,0,0,0,0,63,0,0,0,0,0,0,0,0,0
4b3cf1c1-3296-44ce-80d0-c5c43cfe680c,USE_COMPUTER,0.5419827065997669,0.023667695552892946,0.5162419438728324,0.002017547956961162,0.508977450205535,0.0010429047142615046,0.4992116818320934,0.0,0.49746557197001856,0.002288024369725525,0.47537532956231243,0.0016194893200293513,0.4479295984208367,0.00077549593820647,0.34458604133337134,0.0040191284715635125,0.2799352847118694,0.005404363089204031,0.4970560370531989,0.04558045382643697,0.46924608923914113,0.0471738944535542,0.2726106451720355,0.13363486803833113,0.0,0.1424758232537324,0.3945048183004677,0.3101390545299824,0.0739774392414436,0.348078903653908,0.7970181221811191,0.3010023738919785,0.7367319092753811,0.3181928856287106,0.9991706970144362,0.30519869115740217,0.9014883701794676,0.31493211890228057,1.0,0.2922362218178739,0.8961644162608126,0.29567150298821243,0.8887336860846989,0.2889310399069515,0.8329285495227644,0.29476568492809385,0.2830367651043672,0.48625548649775113,0.06816605314744081,0.49528131270834447,0.3833431644685752,0.7220724287642646,0.3282647905331232,0.7372426002080565,0.34856130759632975,0.9337772221131143,0.19388888697452372,0.9487033460142531,0.2703472390381798,0.9708855581549917,0.06549791541297503,0.984712576664207,0.6487658557729126,0.9774918317945573,0.5607338088825221,1.0,0,0,0,0,0,0,0,0,0,0,0,0,0,0,0,0,0,0,0,0,0,0,0,0,0,0,0,0,0,0,0,0,0,0,0,0,0,0,0,0,0,0,0,0,0,0,0,0,0,0,0,0,0,0,0,0,0,0,0,0,0,0,0,0,0,0,0,0,0,0,0,0,0,0,0,0,0,0,0,0,0,0,0,0,0.4022222222222222,0.5189873417721519,0,0,0,0,0,0,0,0,63,0,0,0,0,0,0,0,0,0
4b3cf1c1-3296-44ce-80d0-c5c43cfe680c,USE_COMPUTER,0.5373768400861522,0.023784562746681753,0.5118232693343968,0.002055488772711942,0.5048851990580605,0.0010577887906467057,0.49556241173436516,0.0,0.49306769737308287,0.00237142097510512,0.47129955852763444,0.0016948640423109216,0.44421653074239537,0.0008351530608173296,0.3434738222871861,0.004138987488087243,0.27856613763588994,0.005524652739713657,0.4943491454815411,0.04590438460869664,0.4657560234858684,0.04759676792037805,0.27755721096248887,0.1340938072143112,0.0,0.1426956159793284,0.3934873762633212,0.3114690923539524,0.0737872899133699,0.34870961055521743,0.7963758150924555,0.30169527618486,0.7415516295257509,0.31835812068877894,0.9972237007545733,0.3056881762025427,0.907076782244868,0.315117892719872,1.0,0.2927460601272402,0.9001271766696933,0.29607496437198294,0.8878293121830882,0.28942308863511407,0.8374237640339269,0.2951985445540271,0.2866260157242602,0.4891197517190282,0.06926988149952293,0.4981131221567414,0.3974363622281583,0.7223534778110852,0.3245575800920517,0.7379237507933087,0.37567625689440093,0.9295941871204876,0.19174200315408027,0.9477660508784465,0.30492532541901973,0.9656814937180025,0.069662184653768,0.9834827966974834,0.651410684652944,0.9749677741278223,0.5349748200905357,1.0,0,0,0,0,0,0,0,0,0,0,0,0,0,0,0,0,0,0,0,0,0,0,0,0,0,0,0,0,0,0,0,0,0,0,0,0,0,0,0,0,0,0,0,0,0,0,0,0,0,0,0,0,0,0,0,0,0,0,0,0,0,0,0,0,0,0,0,0,0,0,0,0,0,0,0,0,0,0,0,0,0,0,0,0,0.4022222222222222,0.5189873417721519,0,0,0,0,0,0,0,0,63,0,0,0,0,0,0,0,0,0
4b3cf1c1-3296-44ce-80d0-c5c43cfe680c,USE_COMPUTER,0.5104660049982233,0.02444158142809003,0.48348133641662727,0.002183541553567806,0.4768558658284547,0.001073534715373473,0.4679978723294978,0.0,0.46602970928070764,0.002774865895265053,0.4456183758013045,0.002145307619478743,0.42024041048652,0.0014438306299829511,0.3250578747502124,0.0055743971482849495,0.2637572029098578,0.0071797359097500344,0.47284434059124547,0.047411550829109694,0.4457061727349433,0.049343337441158465,0.2735059573514282,0.13766766954047888,0.0,0.14497053502132384,0.37799361136793924,0.316609659800818,0.07036468772442848,0.3521555432170332,0.7788957297063832,0.30426867148517667,0.7055759871316442,0.3197833918784971,0.9638766978313479,0.30797347132961134,0.8702545442423382,0.31684526918832695,1.0,0.29522085027378414,0.8627096285036524,0.2981719630350959,0.892713116154471,0.29233337308365226,0.8013725199667767,0.2971277085711724,0.2761947142175893,0.49506557422096714,0.0670215239125027,0.5040817354209132,0.3830015252052302,0.7219226514891447,0.3053436838101001,0.7397377714849268,0.37709839274436835,0.9303249397927295,0.19754271306285612,0.9508568253554619,0.31804245398437697,0.9654012873581233,0.08391972026695307,0.9887261959904594,0.6308733943990401,0.976830972221364,0.5394440322166293,1.0,0,0,0,0,0,0,0,0,0,0,0,0,0,0,0,0,0,0,0,0,0,0,0,0,0,0,0,0,0,0,0,0,0,0,0,0,0,0,0,0,0,0,0,0,0,0,0,0,0,0,0,0,0,0,0,0,0,0,0,0,0,0,0,0,0,0,0,0,0,0,0,0,0,0,0,0,0,0,0,0,0,0,0,0,0.40166666666666667,0.520042194092827,0,0,0,0,0,0,0,0,63,0,0,0,0,0,0,0,0,0
4b3cf1c1-3296-44ce-80d0-c5c43cfe680c,USE_COMPUTER,0.5002118002456581,0.024872387346877318,0.46945505640169066,0.0021991138804362356,0.4629486882868445,0.0009875936236026113,0.45425472083185203,0.0,0.4524162345076397,0.0033823250264852756,0.43259184437384435,0.003001353340022623,0.40804953793312304,0.0028748894387547732,0.3165971638329449,0.008537625635226479,0.25706831592470747,0.010991965474793473,0.46865544463944114,0.04839396786646937,0.44219038321548887,0.05091734380784361,0.27886342646148754,0.14395126685817014,0.0,0.14818862365738852,0.3992020811349183,0.32199449855261186,0.06935329447193835,0.355002765034942,0.7817627950108439,0.30644010463977056,0.7059665220180087,0.32131278173718675,0.9571770375428162,0.3080596260384746,0.8750337168685917,0.3183020921359967,1.0,0.2947580001279394,0.8673502209230805,0.30020875749393283,0.8982254675687927,0.2942938247265693,0.802754343691983,0.2991616860107252,0.27859124621684506,0.500038174209123,0.06989803116059387,0.5084599257442101,0.3785876723228242,0.7200964353515035,0.3177406218199397,0.7423709003024543,0.3740648153895639,0.9247618003126773,0.211693781236304,0.951036833587308,0.3195388548114959,0.9598308342599627,0.09576549988431869,0.98852582642919,0.6192378953150012,0.9700329781554079,0.5557623398096055,1.0,0,0,0,0,0,0,0,0,0,0,0,0,0,0,0,0,0,0,0,0,0,0,0,0,0,0,0,0,0,0,0,0,0,0,0,0,0,0,0,0,0,0,0,0,0,0,0,0,0,0,0,0,0,0,0,0,0,0,0,0,0,0,0,0,0,0,0,0,0,0,0,0,0,0,0,0,0,0,0,0,0,0,0,0,0.4022222222222222,0.520042194092827,0,0,0,0,0,0,0,0,63,0,0,0,0,0,0,0,0,0
4b3cf1c1-3296-44ce-80d0-c5c43cfe680c,USE_COMPUTER,0.5138115153454618,0.02501791487123558,0.47911051064219734,0.0023350806631798455,0.47226522899567575,0.0010339678596572664,0.46337666848822406,0.0,0.4621998688286746,0.0037079034516341335,0.4422464744707688,0.0033836417248988733,0.4177966000047018,0.0034175932562262377,0.322883255121511,0.009375115850536554,0.2647859686023633,0.01250660724380394,0.48220469539609756,0.04853267813524879,0.45662139320835754,0.05098029608247368,0.2820326469788135,0.14480746354622656,0.0,0.14882928270112894,0.40564497286135326,0.3238897748903409,0.07145066178188617,0.3545529540881677,0.7877667146284815,0.3053448839153507,0.7185844435797777,0.3199597362289734,0.9662188258199287,0.3057453617799169,0.8871945792754103,0.31706274606848195,1.0,0.2936306991973441,0.8794766772681628,0.29929835185256426,0.9006492836673469,0.2935322371667517,0.8150743392136534,0.2981820172153428,0.28219058992072626,0.5014018991284984,0.07722248796596647,0.5086337047883792,0.38897997742164386,0.7260641283308839,0.31972554775063244,0.7436502446355447,0.3769765057475014,0.9275807362429709,0.20201401239842498,0.9502823201906766,0.31931696874293825,0.9641210783084042,0.08389936750856523,0.9874680262230647,0.6237411462953696,0.9713585814029853,0.5414559441384793,1.0,0,0,0,0,0,0,0,0,0,0,0,0,0,0,0,0,0,0,0,0,0,0,0,0,0,0,0,0,0,0,0,0,0,0,0,0,0,0,0,0,0,0,0,0,0,0,0,0,0,0,0,0,0,0,0,0,0,0,0,0,0,0,0,0,0,0,0,0,0,0,0,0,0,0,0,0,0,0,0,0,0,0,0,0,0.40166666666666667,0.5210970464135021,0,0,0,0,0,0,0,0,63,0,0,0,0,0,0,0,0,0
4b3cf1c1-3296-44ce-80d0-c5c43cfe680c,USE_COMPUTER,0.4746152732195363,0.02516313053250617,0.44131887733495867,0.002356007815449881,0.4349668385168651,0.0010417178344709298,0.4267511294743336,0.0,0.4256976430229863,0.003721338681073336,0.40732882127101955,0.003378630113338665,0.38480811711487584,0.0034258954059645805,0.2971379931100784,0.009640404681007141,0.24382783011319764,0.013048215641133537,0.44528067952174755,0.0486828162517146,0.4213042261286212,0.05109003133383014,0.26178342631350293,0.14472087380970622,0.0,0.1486141107158699,0.37954050803933226,0.3224175635318869,0.0678506807612474,0.35353299807270744,0.7483525349716657,0.3027198264220844,0.6634731421957395,0.3173538163082589,0.9407209645395187,0.29659215576346937,0.8167296053209729,0.3143844347725011,1.0,0.28042530111498226,0.8100554026367575,0.29688227481390106,0.8895879715116611,0.28872761038736783,0.751096055579102,0.29586447759462586,0.26798605323978913,0.5002292616265389,0.0757511218711249,0.5075927667438483,0.3891615729588877,0.7279266923886445,0.2928485456741544,0.7437088206097461,0.37939198024155923,0.9290427266726583,0.1949928627088606,0.9542157633347319,0.32558778549827627,0.9660487502905606,0.08880335573804435,0.9941284040705644,0.6174997219524262,0.9714898007437072,0.5168007041632164,1.0,0,0,0,0,0,0,0,0,0,0,0,0,0,0,0,0,0,0,0,0,0,0,0,0,0,0,0,0,0,0,0,0,0,0,0,0,0,0,0,0,0,0,0,0,0,0,0,0,0,0,0,0,0,0,0,0,0,0,0,0,0,0,0,0,0,0,0,0,0,0,0,0,0,0,0,0,0,0,0,0,0,0,0,0,0.4022222222222222,0.5210970464135021,0,0,0,0,0,0,0,0,63,0,0,0,0,0,0,0,0,0
4b3cf1c1-3296-44ce-80d0-c5c43cfe680c,USE_COMPUTER,0.45498764800586877,0.02530142753295624,0.42187854507128963,0.0022784975603085764,0.41581303496141653,0.0009922743286233035,0.40797382290861955,0.0,0.40688761412095065,0.0036636295359683733,0.38934547730069347,0.0033650986802222843,0.36786802900981314,0.003492139077827244,0.28402831472055245,0.010135906476048732,0.23334431307131193,0.013699334594240636,0.4275453395487488,0.04905452622244482,0.403793810484431,0.05144310583592691,0.257640804162652,0.14685003487723508,0.0,0.14962367769869045,0.3803128203625644,0.3230873959991131,0.0681136672237596,0.35587180500151366,0.7809098974442936,0.30340450475318076,0.6373918593616311,0.3180286642608343,0.9407528159819276,0.294585448918798,0.7865412280154389,0.31502423437010507,1.0,0.27749445823701796,0.7811757078659028,0.29777668937203405,0.8991470677217911,0.28869930355727064,0.7234149681496125,0.29683756825429664,0.25939086350136664,0.49961697819273376,0.07516802925468294,0.5083207428824836,0.3726289739945708,0.7275083557602638,0.2830682561139141,0.7437177173116168,0.36940057638980306,0.9281308178720268,0.20577273023189088,0.9547515022117457,0.31880844314548973,0.9651535075097373,0.10165146123537504,0.9943799150641639,0.6059779311488525,0.9692925210360583,0.5301383674967557,1.0,0,0,0,0,0,0,0,0,0,0,0,0,0,0,0,0,0,0,0,0,0,0,0,0,0,0,0,0,0,0,0,0,0,0,0,0,0,0,0,0,0,0,0,0,0,0,0,0,0,0,0,0,0,0,0,0,0,0,0,0,0,0,0,0,0,0,0,0,0,0,0,0,0,0,0,0,0,0,0,0,0,0,0,0,0.4027777777777778,0.5210970464135021,0,0,0,0,0,0,0,0,63,0,0,0,0,0,0,0,0,0
4b3cf1c1-3296-44ce-80d0-c5c43cfe680c,USE_COMPUTER,0.45082603579144287,0.02573585578171939,0.4173835050989652,0.0022533930634479737,0.41139945526437466,0.0009606721085754745,0.4037051753228291,0.0,0.4019133544159725,0.0037113461451146745,0.3846383416736798,0.0035068953487820812,0.3634934505409696,0.0038079807423936963,0.28132900712607023,0.011152836305298723,0.23128860045277877,0.015143901400405531,0.42423863703906317,0.04955825197291057,0.4001838969688767,0.051931435133540975,0.2616199803162195,0.14866892870683548,0.0,0.15121825723759205,0.3883077541438471,0.3242659275240265,0.07075393660980027,0.3588454207705115,0.7636381404553854,0.3048117294925941,0.6312027294797675,0.31928948856465256,0.9431683295947303,0.29614988570422246,0.7799823827406032,0.3162979819943497,1.0,0.2793579567709563,0.7747996950042271,0.2992638148402398,0.9025983075092042,0.2901014442195189,0.7166311392792573,0.29819717948376195,0.25666551274760113,0.49918364722815695,0.07356062668756483,0.5077938128478701,0.36967345205073376,0.7307379306397447,0.2486875041432828,0.7432893361370572,0.3595839471104359,0.9316128635038102,0.2011646250714651,0.9554454445368463,0.3089113789321687,0.9680888586430466,0.09425300654991882,0.996177962386804,0.5864598730009104,0.974522407271839,0.5079678515528961,1.0,0,0,0,0,0,0,0,0,0,0,0,0,0,0,0,0,0,0,0,0,0,0,0,0,0,0,0,0,0,0,0,0,0,0,0,0,0,0,0,0,0,0,0,0,0,0,0,0,0,0,0,0,0,0,0,0,0,0,0,0,0,0,0,0,0,0,0,0,0,0,0,0,0,0,0,0,0,0,0,0,0,0,0,0,0.4027777777777778,0.5221518987341772,0,0,0,0,0,0,0,0,63,0,0,0,0,0,0,0,0,0
4b3cf1c1-3296-44ce-80d0-c5c43cfe680c,USE_COMPUTER,0.44841353814859314,0.025927073409950062,0.41465480369989927,0.0022347136966053382,0.40874058133449914,0.0009327866165207986,0.40111519455906147,0.0,0.3988674448398435,0.0038352522289785175,0.3816967149460668,0.0037378083177893313,0.36061619843664966,0.004185871980533228,0.2797343861226724,0.011871164985011916,0.2298985068721259,0.016154187908112454,0.42297727006041524,0.04963699850284118,0.3982186629117313,0.05222391143400612,0.26387101239357713,0.14957789399404262,0.0,0.15196714226980446,0.3929416044813587,0.3243537771380815,0.07246673395144376,0.35996673710693816,0.7730000164311617,0.3050247264879975,0.6263514008063219,0.3194002127283377,0.9434766379586057,0.29572269251257927,0.7737480492144826,0.3164275238109929,1.0,0.2785823976987646,0.7678213789993489,0.2994692771512587,0.9013816615290241,0.29022104750013633,0.7105533036012294,0.2983980310164861,0.25466474870197975,0.4990823522185705,0.07189504570601465,0.5077005210039331,0.3650473009991308,0.7324774607456757,0.21605102091454517,0.7434731081108605,0.35172926358355006,0.9320623598742227,0.18303592100893307,0.9559601415425671,0.30168426045748004,0.9680519501131503,0.08676757059632005,0.997364403326539,0.5752657574425278,0.9758985159750886,0.4884235827334715,1.0,0,0,0,0,0,0,0,0,0,0,0,0,0,0,0,0,0,0,0,0,0,0,0,0,0,0,0,0,0,0,0,0,0,0,0,0,0,0,0,0,0,0,0,0,0,0,0,0,0,0,0,0,0,0,0,0,0,0,0,0,0,0,0,0,0,0,0,0,0,0,0,0,0,0,0,0,0,0,0,0,0,0,0,0,0.4027777777777778,0.5221518987341772,0,0,0,0,0,0,0,0,63,0,0,0,0,0,0,0,0,0
4b3cf1c1-3296-44ce-80d0-c5c43cfe680c,USE_COMPUTER,0.46211972330974177,0.025872492089839095,0.427145412052675,0.002194353308627467,0.4211027727447017,0.0009060571893345677,0.4132840270928075,0.0,0.4106187620812606,0.0038301313271420266,0.3929624656158959,0.0037905749971030543,0.371212263586563,0.00431474688905946,0.2890992769973309,0.012084433567435996,0.23757025318657,0.016578068023121256,0.43650981072128403,0.04936532739904184,0.4105631471454699,0.05196879571372053,0.2763542725834269,0.14936266883982308,0.0,0.15170465112093634,0.40300597877567373,0.32316876262381483,0.07675405383134609,0.35841517033249987,0.7803327388884718,0.30387704447782204,0.6438074257164313,0.31744062209022744,0.9626903716684931,0.29436927892738185,0.794597544728142,0.3145067346483203,1.0,0.2807960016784918,0.7878478984229764,0.2976944355597767,0.9036254390199662,0.2901022471771753,0.7296267140816592,0.2966009025840122,0.2654316352551412,0.49714270558603707,0.07550764998748664,0.5083210819641385,0.3845273636113856,0.7291147155673167,0.22631477662482138,0.741858825453589,0.3740608708023373,0.9256464261480982,0.1863728780754783,0.9547049204500353,0.3259985113225291,0.960831958534054,0.0866210278371462,0.9956909364916933,0.5928558107956073,0.9701732136581743,0.4966147596767225,1.0,0,0,0,0,0,0,0,0,0,0,0,0,0,0,0,0,0,0,0,0,0,0,0,0,0,0,0,0,0,0,0,0,0,0,0,0,0,0,0,0,0,0,0,0,0,0,0,0,0,0,0,0,0,0,0,0,0,0,0,0,0,0,0,0,0,0,0,0,0,0,0,0,0,0,0,0,0,0,0,0,0,0,0,0,0.4027777777777778,0.5221518987341772,0,0,0,0,0,0,0,0,63,0,0,0,0,0,0,0,0,0
4b3cf1c1-3296-44ce-80d0-c5c43cfe680c,USE_COMPUTER,0.47099586067738203,0.025962141774879526,0.4345689608049147,0.0021816705230420317,0.428514711876546,0.0009020814226437952,0.42070229459735975,0.0,0.41768971823596074,0.003854055539317473,0.3998007168168751,0.003882898427345299,0.3777444156590958,0.00451830875806632,0.2954729144885761,0.012530375637538059,0.24231397474397706,0.01733578167913571,0.4457286468930116,0.04952885406213449,0.41899646498319004,0.05211345822345723,0.2837874306974438,0.15001436051718162,0.0,0.15201863974151245,0.4065078226181678,0.3231931906061779,0.0796549947553659,0.3576540601848314,0.7837926387460741,0.3038743347527945,0.6535974488309222,0.3169148375667411,0.9731218205616342,0.2942328708199529,0.8056476768014145,0.31434591107277843,1.0,0.2813806507611288,0.7993188216725411,0.2973138841987441,0.9051074601207665,0.2906634880531087,0.7388056007613221,0.29609841273793386,0.2718338830478878,0.49693410526917986,0.07825932380590421,0.5090625899338145,0.3917562185607106,0.7296551080258489,0.22799141059351524,0.7427972141840329,0.37774768683013626,0.9240467265338327,0.18046473871306107,0.9553060857903314,0.3283729754786993,0.9591382704811922,0.0818935948318941,0.9969720997442845,0.5979224620554919,0.9686293896039654,0.49746996440879826,1.0,0,0,0,0,0,0,0,0,0,0,0,0,0,0,0,0,0,0,0,0,0,0,0,0,0,0,0,0,0,0,0,0,0,0,0,0,0,0,0,0,0,0,0,0,0,0,0,0,0,0,0,0,0,0,0,0,0,0,0,0,0,0,0,0,0,0,0,0,0,0,0,0,0,0,0,0,0,0,0,0,0,0,0,0,0.4033333333333333,0.5232067510548524,0,0,0,0,0,0,0,0,63,0,0,0,0,0,0,0,0,0
4b3cf1c1-3296-44ce-80d0-c5c43cfe680c,USE_COMPUTER,0.4756334141000557,0.025883105770370698,0.43865814944866993,0.0021346065517263203,0.4325943394189115,0.0008870263771246461,0.4248452259092735,0.0,0.42150588906021225,0.0037627733667041294,0.4034561246658115,0.003836650704012404,0.38108607486686447,0.00453358932183694,0.2995953025728736,0.012664095519385589,0.2445801210205113,0.017691566676452195,0.4504920723358859,0.049455781909515634,0.4233243928458824,0.05196452173555979,0.28770333130336756,0.1498557062232425,0.0,0.1517607448669453,0.4109949855526906,0.3223754347114451,0.08181625786611728,0.35619192001693123,0.7857689898976811,0.30234523295829224,0.6580870812115872,0.3149584490433495,0.9731125421649801,0.2927229900841913,0.8102752547175108,0.3129872571684314,1.0,0.2798161084687747,0.8014790244070988,0.2954732203497605,0.8960574609879455,0.2890738233682315,0.7394101005912815,0.29422605129693474,0.28335263960333607,0.5023399307332065,0.08510056968613275,0.5119971065000246,0.42025404805404026,0.7298899035817278,0.24831439418479598,0.7447707178839019,0.4050531462309583,0.9233637116612126,0.18484799011795397,0.9551832414604899,0.35341150861007814,0.9588919087098365,0.08376105143587684,0.9967805925804629,0.6337782845493692,0.9682246221878087,0.5014576881713464,1.0,0,0,0,0,0,0,0,0,0,0,0,0,0,0,0,0,0,0,0,0,0,0,0,0,0,0,0,0,0,0,0,0,0,0,0,0,0,0,0,0,0,0,0,0,0,0,0,0,0,0,0,0,0,0,0,0,0,0,0,0,0,0,0,0,0,0,0,0,0,0,0,0,0,0,0,0,0,0,0,0,0,0,0,0,0.4033333333333333,0.5242616033755274,0,0,0,0,0,0,0,0,63,0,0,0,0,0,0,0,0,0
4b3cf1c1-3296-44ce-80d0-c5c43cfe680c,USE_COMPUTER,0.4553135487983719,0.02580634771656275,0.4196340087052482,0.002100961963899272,0.4140189702017735,0.0008784887484338336,0.4067581075728202,0.0,0.40234147188084074,0.0037119007170601493,0.38469423158111465,0.003839690816392033,0.3624071398674993,0.0045868934616123775,0.2873650827589199,0.012816994883164418,0.23226016559537968,0.01796546806049614,0.43129319442815284,0.049444503578978186,0.40529821405975286,0.05193137726213456,0.27540464654953534,0.14999450929035757,0.0,0.1519673216367953,0.3995342000966443,0.32155383338933136,0.07506449416562276,0.3553394628447063,0.74787231532776,0.3012651095862088,0.6291809434815483,0.3143113034756254,0.9431444974519917,0.290863084760267,0.7728335412885569,0.3130393035385039,1.0,0.27547491539112734,0.7658821780641142,0.2956506761184727,0.8862302626076051,0.2869255926154282,0.7068753576937081,0.29419861958427157,0.2716515538239427,0.5060016096990355,0.08365203028144813,0.5156568285894172,0.404901771059199,0.7298004552888006,0.23248255642548646,0.7459374141418018,0.39375484314599873,0.9255321419993467,0.17361679255340473,0.9570438812704518,0.34515304300111477,0.9617804954373058,0.07874400654238187,0.9997096085286428,0.6080845005964792,0.9696466529370412,0.47468217331273743,1.0,0,0,0,0,0,0,0,0,0,0,0,0,0,0,0,0,0,0,0,0,0,0,0,0,0,0,0,0,0,0,0,0,0,0,0,0,0,0,0,0,0,0,0,0,0,0,0,0,0,0,0,0,0,0,0,0,0,0,0,0,0,0,0,0,0,0,0,0,0,0,0,0,0,0,0,0,0,0,0,0,0,0,0,0,0.4033333333333333,0.5242616033755274,0,0,0,0,0,0,0,0,63,0,0,0,0,0,0,0,0,0
4b3cf1c1-3296-44ce-80d0-c5c43cfe680c,USE_COMPUTER,0.4606886979865637,0.02565646880553719,0.42254691167015235,0.002072296449520604,0.41759230161976607,0.0008917981013540139,0.41096386167654353,0.0,0.40248436082596006,0.0036318612607020725,0.38274032421070125,0.0038115239827184884,0.3573879291801586,0.0046081421711233455,0.2917514261453701,0.01275983371692378,0.2294930131270498,0.01826560877333672,0.43632729184572644,0.04911612930352846,0.40802216123357465,0.05143672012110775,0.27910699645345693,0.1480331241170255,0.0,0.1497420593969578,0.40952879205610465,0.3175336703804378,0.0720463301935856,0.34947011713584025,0.7596536772216932,0.2966718866507644,0.636530121037915,0.30899178981474523,0.9708974970215576,0.2835524235948111,0.7744930963085873,0.30804130351163916,1.0,0.2713701727085105,0.7692152904552989,0.2907041182646521,0.8895252206839629,0.282297701932664,0.7119703415601127,0.2892621972845718,0.27530422079841066,0.49497581950056996,0.08540010194127316,0.5042236116760688,0.41207055232290085,0.7214161988213323,0.23125846811041392,0.7383608003558537,0.3983585565670821,0.9235229034779531,0.17076877045732874,0.956671186233576,0.34780424566927237,0.9598774972525765,0.07102725186006875,1.0,0.627291536408141,0.9649736947883114,0.4811129004198285,0.9984537822570712,0,0,0,0,0,0,0,0,0,0,0,0,0,0,0,0,0,0,0,0,0,0,0,0,0,0,0,0,0,0,0,0,0,0,0,0,0,0,0,0,0,0,0,0,0,0,0,0,0,0,0,0,0,0,0,0,0,0,0,0,0,0,0,0,0,0,0,0,0,0,0,0,0,0,0,0,0,0,0,0,0,0,0,0,0.4033333333333333,0.5242616033755274,0,0,0,0,0,0,0,0,63,0,0,0,0,0,0,0,0,0
4b3cf1c1-3296-44ce-80d0-c5c43cfe680c,USE_COMPUTER,0.4353925243865376,0.02600661036503453,0.39731585954676835,0.002064128529861706,0.3933979910910138,0.0009079990916839802,0.3879416185463576,0.0,0.3757092473648806,0.003614553130057175,0.3549520789117965,0.0038478122335403892,0.32857370386713075,0.004728567695610815,0.2774419281863995,0.012759550882122519,0.21027952484559326,0.018766655411248563,0.41252970827711705,0.049765773656243927,0.38330639613325074,0.05201581710282417,0.2653475280297356,0.1493449577045393,0.0,0.15068734336665218,0.39429893552493206,0.31983590875429485,0.06502178606988582,0.3513095049781303,0.7668057609578877,0.2986875872062794,0.604320718415762,0.3106604493331448,0.9595948356873183,0.2841386357245996,0.7334089842662167,0.31012498706841807,1.0,0.2665786719777645,0.7303807745960373,0.2923885674905827,0.8799628241206413,0.28382843622285203,0.6764447537312579,0.29092036136096594,0.2614701925363398,0.4963693140091851,0.08197203511712278,0.5055251726444655,0.39193196947597714,0.7243223579862421,0.21446014226910834,0.7410100380037054,0.379026592166552,0.9258385250935222,0.16213351843915985,0.9568967991928864,0.33085690179387767,0.9618180591913748,0.06801582088944896,1.0,0.593177650728576,0.967017143264204,0.45736043626819534,0.996838910075873,0,0,0,0,0,0,0,0,0,0,0,0,0,0,0,0,0,0,0,0,0,0,0,0,0,0,0,0,0,0,0,0,0,0,0,0,0,0,0,0,0,0,0,0,0,0,0,0,0,0,0,0,0,0,0,0,0,0,0,0,0,0,0,0,0,0,0,0,0,0,0,0,0,0,0,0,0,0,0,0,0,0,0,0,0.4033333333333333,0.5253164556962026,0,0,0,0,0,0,0,0,63,0,0,0,0,0,0,0,0,0
4b3cf1c1-3296-44ce-80d0-c5c43cfe680c,USE_COMPUTER,0.4267240851999271,0.026110278907718734,0.3876599506201032,0.0020678680849410247,0.38429570596909535,0.0009261516231133356,0.37949463869580863,0.0,0.36473477989056874,0.003624902562768215,0.3431366429135833,0.0038927141009200607,0.3162032373914541,0.004833507955957823,0.27315737418901315,0.012631946061038617,0.20109494008194015,0.01912727425107481,0.40446250976728837,0.05013000767072666,0.37363991195560015,0.052318424447118705,0.2616284449786806,0.15005040119350027,0.0,0.1511558044328931,0.3932005243516418,0.32094059651380885,0.06025777799247601,0.35206598603433176,0.7811289871788558,0.29957770195164385,0.5951678154242069,0.31169518430148085,0.9576348277898842,0.28307027869332335,0.7211684233408627,0.31119452229474714,1.0,0.26351848935045624,0.7180918255285471,0.2931096848131672,0.8838380432235643,0.28385866908446217,0.6658454982015015,0.29170929298119375,0.25771462861405353,0.49588656826161015,0.08148004493187914,0.5051035730822179,0.386088558211784,0.723712241892595,0.20692331749341344,0.7417167785481801,0.37577499178936097,0.9235139505021908,0.15972374924598573,0.9565876583039057,0.32892808107562976,0.9594742001315365,0.06743169642310999,1.0,0.5848015503443136,0.964258823497883,0.4535980478911597,0.9951129540995265,0,0,0,0,0,0,0,0,0,0,0,0,0,0,0,0,0,0,0,0,0,0,0,0,0,0,0,0,0,0,0,0,0,0,0,0,0,0,0,0,0,0,0,0,0,0,0,0,0,0,0,0,0,0,0,0,0,0,0,0,0,0,0,0,0,0,0,0,0,0,0,0,0,0,0,0,0,0,0,0,0,0,0,0,0.4033333333333333,0.5253164556962026,0,0,0,0,0,0,0,0,63,0,0,0,0,0,0,0,0,0
4b3cf1c1-3296-44ce-80d0-c5c43cfe680c,USE_COMPUTER,0.4258620122388684,0.02627723747077044,0.38548364075680924,0.002111109177382049,0.38273617190056247,0.0009585580092388224,0.37859974084382847,0.0,0.36009744511906894,0.0038053963664793104,0.3366959095126316,0.004166541551964001,0.3087067905055392,0.00521560781075248,0.2739148811709068,0.01271567935264686,0.196051414955929,0.01967625264809905,0.4045491273579081,0.05029992928267688,0.37149507768175866,0.05262984172768159,0.26058292701612745,0.15005536850071383,0.0,0.1514981249699527,0.3939300836951507,0.3208510514299081,0.059507451785361626,0.3526111526619623,0.7728404553151277,0.2999234814896948,0.5979733965293776,0.31213968713893464,0.9591199799340566,0.28294208095930085,0.7239061271743069,0.3116620682224721,1.0,0.26286146002454813,0.7205353453560147,0.2933394137558602,0.8901643660500839,0.28373245318742946,0.668172164720944,0.2919956301614984,0.2569333112727885,0.49509322331460887,0.08339730181231794,0.5043061896271392,0.38654059017953857,0.7248140576605656,0.20352698878060338,0.742587046600888,0.37673343137493925,0.9250663691691395,0.1602246483035512,0.9571324130947803,0.3286712679787326,0.9612432048730362,0.06789069552337419,1.0,0.5919392536545273,0.9648906800327965,0.4586971922749274,0.9955917788007569,0,0,0,0,0,0,0,0,0,0,0,0,0,0,0,0,0,0,0,0,0,0,0,0,0,0,0,0,0,0,0,0,0,0,0,0,0,0,0,0,0,0,0,0,0,0,0,0,0,0,0,0,0,0,0,0,0,0,0,0,0,0,0,0,0,0,0,0,0,0,0,0,0,0,0,0,0,0,0,0,0,0,0,0,0.4033333333333333,0.5253164556962026,0,0,0,0,0,0,0,0,63,0,0,0,0,0,0,0,0,0
4af1f4a1-edfb-4ec5-b10e-0a659a681b86,UNKNOWN,0.8008509544201523,0.04435986156085281,0.8195514778790451,0.015371695323942523,0.8308586524950894,0.014834580312695866,0.8419750332061318,0.014096984950826234,0.7714426756991652,0.012608238219681005,0.7475966684867476,0.009767976120034471,0.721387163515308,0.006508889101163172,0.791254123027379,0.013996819055007381,0.6267851856184928,0.0,0.7904736025069162,0.06496740690142651,0.7305882931104525,0.0636530312792429,0.8555729250185055,0.1288074739431254,0.24057036834616885,0.12119564579556531,0.9590949430942725,0.29731510831509894,0.0,0.37176544378357157,0.9743040401204552,0.4169157877050504,0.6491099430322049,0.38339486398904943,1.0,0.44444933863768143,0.790432620928391,0.39639563218756224,0.986284945085535,0.42100227399238754,0.8238846421279404,0.3674971212982629,0.930673623218768,0.41813879955129246,0.7882570262576286,0.3589693898667619,0.6593840757829309,0.44942101363875475,0.3065715406573819,0.46028684065994063,0.6995307184138735,0.6819740607098178,0.39723486576662503,0.6805033267556366,0.645756085466827,0.8882029755473396,0.40792927225729086,0.8992132761817013,0.6045881342855797,0.9098502480860775,0.3950009446168826,0.9274841996377241,0.7083776379340455,0.9981608397623473,0.44602598572174595,1.0,0.955323065479001,0.8776685267347433,0.7123204081958806,1.0,0.4414271746063109,0.8739252736397513,0.271211410190659,0.5864745592416741,0.18323122140587567,0.3782343279820432,0.5571221434932885,0.9193043943051132,0.3165130750242991,0.5949269025384094,0.13943980578151582,0.31945865760482545,0.0,0.1028032956865478,0.6887724339928839,0.7003012532201618,0.45606765683999784,0.3251927868375516,0.2589725075076602,0.11813828554610392,0.10335581878171778,0.0,0.8437004665137288,0.4777730604181009,0.678202142389114,0.14907890263313245,0.5574541222757037,0.05625705137204688,0.45896829421020285,0.0024458852125433654,1.0,0.24950397244911596,0.913099287081013,0.04353878656353127,0.8543644676643949,0.04684056245210987,0.7956281953865846,0.05123165374655149,0,0,0,0,0,0,0,0,0,0,0,0,0,0,0,0,0,0,0,0,0,0,0,0,0,0,0,0,0,0,0,0,0,0,0,0,0,0,0,0,0,0,0,0,0,0,0,0,0,0,0,0,0,0,0,0,0,0,0,0,0,0
4af1f4a1-edfb-4ec5-b10e-0a659a681b86,UNKNOWN,0.8075405888831302,0.03915967028950808,0.8224888205602561,0.0141125536177302,0.8331060285645846,0.013534457847819386,0.8430942554613159,0.012787085963557866,0.7727120984913262,0.01152759106511511,0.7473822244965173,0.008715275230110956,0.7197514402061235,0.005495196889363094,0.7970966011014595,0.01269290052210317,0.6257785195525565,0.0,0.7980668415908836,0.058635343141415164,0.7341487521322235,0.05748450342253905,0.8652572907493665,0.11734442248252408,0.23008291255901878,0.10875769006290074,0.957559318427644,0.2856770636580271,0.0,0.33021815508790847,0.9757180824469541,0.3911418311506438,0.644530515341388,0.3423284008815176,1.0,0.41913951903185165,0.789751234690605,0.35670147585712636,0.9700601884145549,0.4041932706401647,0.8224223302454771,0.32837937512601145,0.9310312371498831,0.3925701726963244,0.7854937821193555,0.3214607260088686,0.7351911821062647,0.46104500382572605,0.3381181030330464,0.46313029791043436,0.6984032135028185,0.7156055563926493,0.37937318457694114,0.709700581805705,0.6543317058461566,0.9085079119900313,0.36988026734978413,0.9026679521167955,0.6183430026369886,0.9343918288133516,0.3603527233483072,0.9315664637853013,0.7165080944618404,1.0,0.39763824674883946,0.9884331952838828,0.0,0.4186296630023428,0.27652614547661813,0.17284123265453236,0.5365839173708609,0.14937754550369436,0.7277711829703427,0.18217913137502253,0.846180087272436,0.24160317174265633,0.6098442865833995,0.0,0.895884909216088,0.02583528563705172,0.977426423010975,0.16431212831140746,1.0,0.24019174626058748,0.5492521626479775,0.18836258785366733,0.8116405602064486,0.2585215354117859,0.8368686335075606,0.4286725536132637,0.800740828211136,0.5153447468012254,0.44442856166214006,0.44236150657776174,0.6552711156411568,0.5483914218778159,0.6769594001556513,0.71913786267796,0.6489684132893311,0.7867031897639214,0.312075955608314,0.7114204361146153,0.41231495695420717,0.8586858893494324,0.4392196996220588,0.9701452513966481,0.432981218955203,1.0,0.975064331108901,0.9400430670371148,1.0,0.5656397961558681,0.8538622972323822,0.18920850077556475,0.6560586597541451,0.0,0.4729867020202811,0.006134529965445458,0.7640459344304709,0.7259839418220645,0.5352990953682426,0.3307112246110376,0.37506169441919907,0.149124905801029,0.23171970670122927,0.049955158848355524,0.6402788958532286,0.896979285178331,0.3731336150746142,0.4730359005909917,0.17684195434736574,0.25925672739346767,0.009646988447179278,0.1226629296327583,0.5377100185145055,0.973116468177431,0.29575006818314775,0.5669223670268607,0.13307125736316197,0.3386703255744306,0.0,0.20601701522320476,0.4607046718021692,1.0,0.2852090771338853,0.6777508134070974,0.1731505887645708,0.4903668836294803,0.08302111906054746,0.35891801800482104,0,0,0,0,0,0,0,0,0,0,0,0,0,0,0,0,0,0,0,0
4af1f4a1-edfb-4ec5-b10e-0a659a681b86,UNKNOWN,0.8611262655154719,0.03650320171979179,0.8769461752369425,0.013035807946765053,0.8882757183739852,0.012352703614828695,0.8989251539307089,0.01160019345264304,0.823901281142301,0.010409064217330212,0.7968543505902119,0.007440139312413438,0.767363082103986,0.004238695671144253,0.8526818878240312,0.012849651814084916,0.6676996203177492,0.0,0.8520991488255766,0.056185400339395127,0.7838496629096015,0.05476503549055777,0.9241605502999836,0.11558184822141576,0.24561859787769622,0.1038543800632581,1.0,0.28197355079429787,0.0,0.30942917171843126,0.9931998445047676,0.36000478906365396,0.6874821920410296,0.3211351308195577,0.9757217239061403,0.38148070803274603,0.8434596658472244,0.3318420387124979,0.9681518228355646,0.35625460365926437,0.8757028391868601,0.3034830373930507,0.9510031724855899,0.3464645154868586,0.8353913259870671,0.29977783383974227,0.7920118741813861,0.44783660922510876,0.3574978593636917,0.4483801961785555,0.7686139646793169,0.7118948644656324,0.382488729908757,0.7020955712759522,0.7243331632604229,0.907490803727492,0.37968252688587667,0.888785594958007,0.6775839118389152,0.9342661125082623,0.367478875251152,0.9176717983001524,0.8134666454627714,1.0,0.42427218365518343,0.9726138462728977,0.0,0.6821823292093714,0.2381272433882514,0.5036542898602498,0.48169916652422934,0.49453886271945297,0.6700687465416695,0.5646944375965977,0.8018888641031806,0.6784313493932151,0.47723484201042354,0.22294194321716268,0.7271512626708886,0.08678919965811613,0.8818695119372155,0.03158735383947696,1.0,0.0,0.43583800962393643,0.3693113460865663,0.6734547961793957,0.27262139018013853,0.8231495939811287,0.3171799599364061,0.9306497171049392,0.38370117341749543,0.3674298411557994,0.6201428058982349,0.5945460497536075,0.5928880477928857,0.704662771125873,0.7326899145733168,0.7779686599204475,0.8543214505560042,0.2827884501174746,0.9328248376568259,0.374407629620402,0.9326580290306057,0.42707565016614474,0.9614288265972664,0.4684753795834649,1.0,0.9446158270726671,0.9309470377373666,1.0,0.6240125659800692,0.8393253945644122,0.2818088198418844,0.6222726873971818,0.0695465807066156,0.4414653712129639,0.0,0.806949000328295,0.7337961466220255,0.5623511706925758,0.3620951500805087,0.39223831138821735,0.16625321522237274,0.24579253386728744,0.054977739858348855,0.6499742699959212,0.888470618663193,0.3711804057653297,0.47407083818935075,0.16759683570691492,0.2615152666880095,0.0,0.12744660483556827,0.5202851011067067,0.9593214244598189,0.2911632584585693,0.5545322216141796,0.13354640851649568,0.32954629683658393,0.003619384053547349,0.19860651355558254,0.421727880562135,1.0,0.25788337479978984,0.6712453851406655,0.16169023969149318,0.4920571588079351,0.08144789832442957,0.3693779934489105,0,0,0,0,0,0,0,0,0,0,0,0,0,0,0,0,0,0,0,0
4af1f4a1-edfb-4ec5-b10e-0a659a681b86,UNKNOWN,0.8639146688436643,0.035446574233653785,0.8789347850055278,0.012630034246782534,0.8899379612224126,0.012140257007235322,0.900238209426768,0.011699300974825865,0.8269850489181538,0.00975421833138806,0.8000188043274759,0.006881021062738953,0.7704412934276686,0.0037454775293471287,0.8585287154938995,0.014663428494253741,0.6718953093234354,0.0,0.8539235703490228,0.05532354780160542,0.7881379712355802,0.053547744115592245,0.9245689299434839,0.11814696008071693,0.24824530181355975,0.10491596145556667,1.0,0.28246207695347963,0.0,0.30824954692143913,0.9822954794560899,0.355308434898952,0.687314310685974,0.3185614166120388,0.9857756479581847,0.3710835240856957,0.8447946256466039,0.3270841786871833,0.9699320445164639,0.3453412031995529,0.8765941842829564,0.2979573622305115,0.9537710838506119,0.33684384500777725,0.8350158281915535,0.2969225452752735,0.8143686401452693,0.4512604073524738,0.3627942063338118,0.45633383977560066,0.8218241638526291,0.7112623511709429,0.388718005398903,0.7135960169118829,0.8254108476529382,0.908164961621625,0.3861425785693956,0.9024219984145448,0.7968561754387213,0.9355120614718595,0.3732585136319063,0.9312463762218207,0.8699585000712686,1.0,0.4329941714792339,0.9864785121824413,0.0,0.8109391527445405,0.2175264722199144,0.6922648742320012,0.4497407049074444,0.7017351707789139,0.629731431925323,0.815219690775013,0.7539245350778689,0.9529110809371273,0.44351279859136433,0.33662913256464694,0.693668911657425,0.1448436245789604,0.8647790162598793,0.05741742372525337,1.0,0.0,0.4131687066333983,0.43339359794750226,0.6529262154708718,0.26221858800759185,0.8252466318438494,0.29187177890638477,0.9562942376188268,0.36635884201918967,0.3614758513857212,0.6652763295099061,0.594966861149153,0.5504084740549583,0.7249461979433276,0.6655628990030082,0.8152736199738962,0.7917840076218483,0.30007959756329616,1.0,0.43082810946406985,0.9329277349757316,0.5007560428486816,0.9436208280508023,0.5531081910448721,0.9878260478165956,1.0,0.9441187215640706,0.9965288243213374,0.6479521302705548,0.7938051319147226,0.33370885792778016,0.573343782024233,0.15431002988639309,0.40832780758333836,0.0992302282277546,0.7797235115638878,0.8081782819106048,0.559902143990998,0.3876958830165783,0.39468925191391885,0.15106871617261042,0.24902746800088413,0.0,0.6471235959571604,0.9449427298170283,0.3731559065244037,0.4941941215379985,0.16871219884662528,0.2534742730782663,0.0,0.09036248316174542,0.5379679305563928,0.9912143338810627,0.30853477203769564,0.5650878003325002,0.15104888781722828,0.3193820581859265,0.022901722024634797,0.16668624759194853,0.456799686539273,1.0,0.2848011734683626,0.6647155481666621,0.17932666224606666,0.47100923307685005,0.09539755259509314,0.33222178053377066,0,0,0,0,0,0,0,0,0,0,0,0,0,0,0,0,0,0,0,0
4af1f4a1-edfb-4ec5-b10e-0a659a681b86,UNKNOWN,0.8667067157772707,0.033289102377468856,0.8818830663800251,0.01000981905327096,0.8929494610796017,0.009579057609343215,0.9032922203226919,0.009320926180890636,0.8296686868538642,0.007705718692481624,0.8024959461739953,0.005160202577403112,0.7726768458665649,0.002376880110244161,0.8616342972023098,0.014537222418849175,0.6736604031080555,0.0,0.8566359847678864,0.05370450256061939,0.7905074436316412,0.05246017594178993,0.9281236471960731,0.12176593494123523,0.24436573214665677,0.10535578779922056,1.0,0.2842894467203566,0.0,0.30632579393313336,0.9526146260574799,0.3437397329888504,0.6861159210806289,0.31566183818393106,0.9636252577206125,0.3523715887857767,0.8474171075126017,0.3226466231631138,0.9571024499049827,0.3246675925473655,0.8776102237124975,0.2955158118295554,0.936672817720906,0.3193057368104973,0.8330324452825205,0.2943145909403827,0.8176337762581535,0.45550504989392054,0.3608061977680111,0.4583726903634967,0.8230459091209251,0.7126434193748746,0.4002766140097292,0.7025375665546401,0.8178166570059652,0.9116980459317733,0.3571114380259885,0.9053089306580878,0.7898278316249789,0.9404659282638411,0.3412298867863615,0.9335150479972093,0.8594599056430725,1.0,0.41413794748002436,0.986111375323955,1.0,0.788228473249507,0.8702017087637022,1.0,0.5561423401786656,0.9293138251972387,0.32637305573360814,0.6372022158530573,0.2071368877132912,0.3370315581854043,0.647760188888979,0.931448009122288,0.4525931665679489,0.4362691845414201,0.294164360998645,0.1775995438856016,0.15361225831054712,0.00408923508382643,0.6707546633995148,0.694368682199211,0.3903614286757487,0.2636468349358974,0.16973435458875266,0.0994572084566075,0.0,0.0,0.6774079693623374,0.47549540803747536,0.4536398451889295,0.07871825690335306,0.4193164945191364,0.07427268244575937,0.4444185254002126,0.13157205374753453,0.6767852361517928,0.2922117696005917,0.46908646863615344,0.04543808555226824,0.41794526438777413,0.07656866370808678,0.42094229474145417,0.12522150825936884,0,0,0,0,0,0,0,0,0,0,0,0,0,0,0,0,0,0,0,0,0,0,0,0,0,0,0,0,0,0,0,0,0,0,0,0,0,0,0,0,0,0,0,0,0,0,0,0,0,0,0,0,0,0,0,0,0,0,0,0,0,0
4af1f4a1-edfb-4ec5-b10e-0a659a681b86,UNKNOWN,0.8634417825443652,0.032909803664942575,0.8787460518061558,0.010091040598616043,0.8901815940552592,0.009895988987706333,0.9010377325707931,0.009805491031197428,0.8255241244474357,0.0069239001474004904,0.7969383779987527,0.004137098816395027,0.7661617611825103,0.0012741144507090868,0.8666963562308763,0.015515416681164006,0.6700158567877842,0.0,0.8534424958254766,0.053140964594157854,0.7872633598466628,0.05165515059528185,0.9280612104929138,0.12517886451620633,0.24244452410432926,0.10539754352485105,0.9957770100353166,0.28725629781673534,0.0,0.30154368430257356,0.96209532727715,0.33521526070900165,0.687310546135571,0.3103617913595247,0.9802620485067735,0.34690510814016157,0.852517607984359,0.3170668777018335,1.0,0.3220997968375601,0.8784325739023244,0.2906756343555359,0.9760851474754421,0.31742639249914223,0.8330940488579271,0.2892789357855073,0.8260239699031949,0.4602888515043168,0.36321051486093764,0.4619414905076803,0.8260952980143351,0.7139299109168301,0.3978490916639385,0.7285772154372117,0.8106538593080441,0.9133872918518198,0.3526014642380969,0.9173920136446263,0.7847807757937996,0.9422246298685424,0.3322987404187143,0.9461083804909678,0.8461816598965926,1.0,0.4173373033218782,0.9983104359870107,0.0,0.7278056479341638,0.26911151666303224,0.6716801633379053,0.5100548765383744,0.6962732277398869,0.6885941697912278,0.8282071034452524,0.8175079869498849,1.0,0.4760555582608033,0.20246102875323324,0.6954426220484277,0.029822633072168047,0.8652894250454658,0.0,1.0,0.021577450851448934,0.4552471455519729,0.2820318909744534,0.6883898647776039,0.0901442985175582,0.8640016683145154,0.11496909230971572,0.9950098765066172,0.20261133970902304,0.41987803096544174,0.5183019246065298,0.6581368441332703,0.3202547144404988,0.8122447510548702,0.31638107585066605,0.9206243264815289,0.3762001390376341,0.3808451876112827,0.87466571469728,0.5335774760603218,0.7494613857417532,0.6367488615023723,0.6930196218426871,0.7193447207796194,0.6898161195974172,1.0,1.0,0.9009780923482953,0.9839367091217772,0.6243269991824238,0.7972121220452687,0.42768884119332223,0.4924220033405047,0.3143847771746288,0.21864038253131438,0.7292584049310146,0.9548390348736772,0.44317323878831816,0.4442504599494571,0.25720790558364115,0.17586451023115468,0.10689645730022519,0.0,0.7166309601891248,0.902871046897661,0.36564693487164573,0.41620900836500857,0.15711936742812957,0.18370484418997343,0.0,0.023452267212878127,0.6852527249279894,0.8179837373785974,0.3959702751724147,0.3027601549737548,0.3323114717545029,0.1611186337381805,0.3243495575048148,0.1306187723530854,0.6359856096158435,0.7351859616323108,0.3864814363262012,0.36043082887130806,0.3097948757401542,0.23070331598928656,0.28709051103075883,0.17832979349815906,0,0,0,0,0,0,0,0,0,0,0,0,0,0,0,0,0,0,0,0
4af1f4a1-edfb-4ec5-b10e-0a659a681b86,UNKNOWN,0.7922778436499663,0.031147691587452817,0.8068659571081379,0.007997094338678139,0.8180169633802111,0.007683521570218746,0.8286130007847764,0.007445940760962575,0.7558554050478118,0.005635637143988265,0.7289780946220238,0.00328333288416153,0.7004794342411923,0.0007746942368884632,0.7997559650534423,0.013197910577069379,0.6123160709145946,0.0,0.7832047753557497,0.05199881170045653,0.7214838286696749,0.050522477206790956,0.8503099290909552,0.12562185576206347,0.21902989928408176,0.10475067829179793,0.8931695020390481,0.2884159834876535,0.0,0.29752891663546477,0.9119809285789543,0.34433979400585596,0.6371433599782855,0.3063456788909762,0.9533910237485473,0.35260805816475405,0.7935080246396087,0.3127538632871319,1.0,0.3290586302542578,0.814733902097942,0.2868795334218004,0.9584212279291614,0.3226509543544833,0.7695612861790301,0.28529381570656054,0.7534720660204418,0.4593252332119778,0.33341789601380156,0.4608020197024268,0.7609849991074251,0.7082453422720217,0.38941694550348666,0.6937140976836238,0.7488485026645653,0.902761931994711,0.3534045952599436,0.9202116068141001,0.7246384062504966,0.9302164426146862,0.32349690255898667,0.94982338508188,0.789443298116074,0.9857892211310079,0.47664501811594967,1.0,0.0,0.7486074507272243,0.2649433474349172,0.7145285383359283,0.5016838865589942,0.7197782250408233,0.6809274909712839,0.8435970075570577,0.8068625791124737,1.0,0.45218419982767527,0.2215334371321156,0.6959536038838846,0.027606425397789847,0.8669314443034166,0.0,1.0,0.006837048570235066,0.4212924570724853,0.28482588387194774,0.6762112067152727,0.0674970569247712,0.8604115735793184,0.09823567386928948,0.9964241000130484,0.17941746098051875,0.3793419524457064,0.5075411081152926,0.6313631015864012,0.2806227926935784,0.79529590141041,0.31347586678312384,0.9099252792189095,0.3990658109596324,0.3382773349839699,0.852952569019861,0.4900681426779781,0.7306862112178635,0.5945289592901688,0.6936558690616337,0.6768603900060282,0.70371321155964,0,0,0,0,0,0,0,0,0,0,0,0,0,0,0,0,0,0,0,0,0,0,0,0,0,0,0,0,0,0,0,0,0,0,0,0,0,0,0,0,0,0,0,0,0,0,0,0,0,0,0,0,0,0,0,0,0,0,0,0,0,0
4af1f4a1-edfb-4ec5-b10e-0a659a681b86,UNKNOWN,0.7934108555288498,0.03103345437523741,0.8093042515007388,0.008398430677061492,0.8208565576962356,0.008015349303270924,0.8318282161036928,0.00769192520313412,0.7571250146344529,0.006167822588429215,0.7297948676276779,0.0037970668157601825,0.7009640239956035,0.0012407719551873987,0.8071855712825828,0.01303726659091683,0.6128567617761098,0.0,0.7847685458852818,0.051219191033020604,0.7227505642183445,0.049720281337300845,0.8570809043238747,0.12315568103634342,0.2194425443354235,0.10155834070219315,0.8901070422592318,0.2829279039364474,0.0,0.29080680309253154,0.9376380558959233,0.3379892496599508,0.640015434385195,0.29943072833032314,0.968386540797138,0.35495327279196204,0.7938223940833055,0.3056034625721799,1.0,0.3363382166757698,0.8155212542938287,0.2806232347365817,0.9603573154779211,0.32941990448103387,0.7702378223190738,0.27913743198118823,0.7693921072108616,0.45687008141369084,0.34361028109806463,0.45790588841573293,0.7892931048201876,0.6979690754574005,0.3950474477260721,0.7128961972820235,0.7840461571911717,0.890079734898749,0.3656856247521857,0.9199294532043876,0.7644793234819743,0.9179254986059459,0.3294089911037731,0.9512215420042117,0.8134865374014382,0.9726240994083334,0.4914937717626774,1.0,0.0,0.8254990715886742,0.2633780117441662,0.6665831715952999,0.49404306342160315,0.6841139045150364,0.6682051213793073,0.8182657050189157,0.7851520818497838,0.98330637250545,0.4571351244628719,0.20983711996948928,0.6993774083415969,0.005478354037417643,0.8691708982490234,0.0,1.0,0.03502914516668579,0.4157987208752887,0.3334669254475201,0.6617435006666267,0.1111314013112497,0.8434536367205958,0.1584310899015674,0.9725196715892781,0.2633084410285084,0.3619217484476803,0.6096050575388777,0.5949194391018175,0.3997905620403394,0.7391531732985489,0.43858021748580717,0.8301449497201498,0.5211983212642555,0.30706313764899273,1.0,0.4403003036978373,0.9358531607193935,0.5273605352535733,0.9253651023999716,0.5870879614532241,0.9450451600600518,0,0,0,0,0,0,0,0,0,0,0,0,0,0,0,0,0,0,0,0,0,0,0,0,0,0,0,0,0,0,0,0,0,0,0,0,0,0,0,0,0,0,0,0,0,0,0,0,0,0,0,0,0,0,0,0,0,0,0,0,0,0
4af1f4a1-edfb-4ec5-b10e-0a659a681b86,UNKNOWN,0.803045576163298,0.0303708363172911,0.8204083759210127,0.0077113231129012725,0.8332963855779195,0.0075057382398274666,0.8456330254622078,0.007383740713201979,0.7651761683354689,0.00521405867387894,0.7361015914332733,0.0027316432488765983,0.7061026593240407,3.284864909588134e-05,0.8252195774913469,0.014122672581432596,0.6189819222827398,0.0,0.7946421901732312,0.051033266722811645,0.7306518981456482,0.049244535864204395,0.8795602084232946,0.12431079479484526,0.2259810405396523,0.10216576431053179,0.9027572456561085,0.28037354859106967,0.0,0.2899636555313673,0.9529638109243328,0.33810766576239276,0.6466285618858226,0.2992089475446251,0.9683091769771032,0.3596184625298008,0.8034559981561201,0.30462034468342286,1.0,0.3394987060536307,0.8251048525543033,0.28062368050620345,0.9724882700221325,0.3315873048053272,0.7791327588345534,0.2789989463227321,0.7887615451672078,0.45935413912156303,0.3432614971207491,0.45885562868040486,0.8147149137070077,0.6992776584803486,0.39598183240049595,0.7162465199335685,0.8056249032817026,0.8949395546501249,0.36552641580492135,0.9206075274090334,0.7862565736095035,0.9238590779255434,0.32863950198681163,0.951788922635541,0.82678949768247,0.9765147775086204,0.4835492203621064,1.0,0.0,0.8562286562990828,0.2242710324704259,0.6378452253737926,0.44701671673542137,0.5684854971785784,0.619832401431631,0.6333999829163232,0.7506087306492648,0.7194616201252687,0.44471345819378766,0.20918962358384163,0.691206393468543,0.006076907924211231,0.8664684998059536,0.0,1.0,0.05046308967012814,0.422066665708413,0.32750628871065307,0.6758764427706947,0.14257548631824102,0.8575101694671631,0.2103035490467134,0.984841960012074,0.34392928055058253,0.38975895128717425,0.6046697707823802,0.6428322145721637,0.45786520281636617,0.7937065731411076,0.5433132222429473,0.8915640137413577,0.6700113484425091,0.3567768179270098,1.0,0.5308183007287519,0.8824416409394628,0.6436612956547987,0.8611968684574312,0.7276917106265541,0.8891966662424802,0,0,0,0,0,0,0,0,0,0,0,0,0,0,0,0,0,0,0,0,0,0,0,0,0,0,0,0,0,0,0,0,0,0,0,0,0,0,0,0,0,0,0,0,0,0,0,0,0,0,0,0,0,0,0,0,0,0,0,0,0,0
4af1f4a1-edfb-4ec5-b10e-0a659a681b86,UNKNOWN,0.7902020887387248,0.030730521277287367,0.8101198775473047,0.007381152695464136,0.8232473943005391,0.007184058984939524,0.8361856500972553,0.007082143815749928,0.7492008006509207,0.005018733642202761,0.7190384275959945,0.002625255758511425,0.6887909299298561,0.0,0.8184843554409827,0.015004445227468462,0.6075948965997171,0.0016932744077699238,0.7847410965779821,0.05169780201689227,0.7191398235111607,0.050025765572439,0.876643134079227,0.12583436450183463,0.22234368607893176,0.10368419684231797,0.8929904849696398,0.28078467808374485,0.0,0.2888277788664301,0.956528727971973,0.33611138519055983,0.6422202314139104,0.2983410336957738,0.9649548655437925,0.3566516611212135,0.7962002052068344,0.3037018744031219,1.0,0.33732267957732825,0.8181001813907837,0.2805082869585946,0.9584257907361301,0.32970293121499844,0.7718311014670807,0.2784323233901698,0.7894683385688395,0.46126954376228435,0.34268265330843994,0.461567632781167,0.8163663454968182,0.6991401438548711,0.39065276960287487,0.7187942150385179,0.8061604698261942,0.8945598158849847,0.35964711481092015,0.9211758267174823,0.7866593976757214,0.9231641329596065,0.32253586730631734,0.9520947300821249,0.8291478829449245,0.9757085315982882,0.4704584628293622,1.0,0.0,0.845592914140269,0.2264405415632671,0.6160283931745207,0.4486466474557417,0.5853568894772643,0.6232364072567934,0.7042469079818319,0.7505706837853281,0.8518190063120323,0.4308468111014738,0.22733190465393532,0.6860247831460102,0.008780527051044814,0.8646846310455488,0.0,1.0,0.04561046788031275,0.4147542009520462,0.3365691946490349,0.6644139546880291,0.13228571637544526,0.8393487859042421,0.20981656341654295,0.9602752617132737,0.3465455702405594,0.39732926422001286,0.6139384010005632,0.6505379897309086,0.39695588891408173,0.8120495428973483,0.435334581599292,0.9210347931413839,0.5420503499776921,0.3858202552241765,1.0,0.5627401243777749,0.842798943849974,0.6818845110308804,0.8255395946548861,0.77335066098722,0.8805120572251925,0,0,0,0,0,0,0,0,0,0,0,0,0,0,0,0,0,0,0,0,0,0,0,0,0,0,0,0,0,0,0,0,0,0,0,0,0,0,0,0,0,0,0,0,0,0,0,0,0,0,0,0,0,0,0,0,0,0,0,0,0,0
4af1f4a1-edfb-4ec5-b10e-0a659a681b86,UNKNOWN,0.7682743228264721,0.030957377435745483,0.7887714571284709,0.00804838966080794,0.801884884479822,0.007901547128635503,0.81477931067417,0.007856704605137085,0.728772847877976,0.005330825650180449,0.6991294410778811,0.002765324644610285,0.6694942447266716,0.0,0.797530498047505,0.015436081627635288,0.5905234663844953,0.0015750835985110462,0.7637954391794243,0.051564645329906844,0.6991178794253691,0.04948976168889312,0.855511180034199,0.1251047507963095,0.21456014195698564,0.10309946703523026,0.8717469238045209,0.2779213779649676,0.0,0.2863325503337917,0.9368584644282302,0.3355236474303574,0.633303256280784,0.2957641511358491,0.9776999181468514,0.35283671661918536,0.7830876482174529,0.3010619405627477,1.0,0.3354493828571129,0.8027573703440262,0.2781700331042233,0.9606461455712587,0.32853378226901453,0.755469708889319,0.27602150063804887,0.7715802852041846,0.4609428580959281,0.3337204811323047,0.46155641090400973,0.8036414178607424,0.6975852341253584,0.38642779287215745,0.6851775354324203,0.7920040281467593,0.9000682623680097,0.354718620376491,0.92196811934847,0.7740754238644237,0.9295373231417566,0.31827428093642685,0.9524902699755505,0.8126197950571422,0.9772947445258523,0.4644644232033988,1.0,0.0,0.8784836469915626,0.21611992491220297,0.6242223192888428,0.432314099320677,0.5033518902974792,0.6074003993904356,0.505250873177963,0.7367543988335644,0.579210016375776,0.41465469493337004,0.2684109425937138,0.6717262109703631,0.04214190427844553,0.8593277426656168,0.0,1.0,0.023585502294463774,0.38955117975862924,0.3886472529677932,0.6441622830522531,0.19519553958266225,0.8272477687726978,0.23162868981986645,0.9587789550580972,0.3376192556189487,0.3550311518551895,0.6460218332436685,0.6015406770476245,0.47093088950314443,0.7483211530228228,0.5402538835549094,0.8497022535320905,0.65394831595972,0.31812076920082993,1.0,0.46400246699939224,0.8860036866577058,0.5673188447017895,0.8762170102319087,0.6498944639216309,0.9106786587042056,0,0,0,0,0,0,0,0,0,0,0,0,0,0,0,0,0,0,0,0,0,0,0,0,0,0,0,0,0,0,0,0,0,0,0,0,0,0,0,0,0,0,0,0,0,0,0,0,0,0,0,0,0,0,0,0,0,0,0,0,0,0
4af1f4a1-edfb-4ec5-b10e-0a659a681b86,UNKNOWN,0.8041550354531315,0.030880224238256548,0.8259790389103994,0.007723896229001449,0.839887210844933,0.0075268915505323246,0.8534084746559394,0.007479401012231458,0.7629361661228439,0.00525173068065236,0.7317748033363196,0.0027462659468018803,0.7008451294125241,0.0,0.834053422084842,0.014694428283546843,0.6180604713193392,0.0009009648737974157,0.7997273402679803,0.05121645937547205,0.732022978764602,0.049084009300598044,0.8954518476529094,0.12412631494576937,0.224720482558266,0.1024220227684576,0.9164187250903779,0.2746589105697089,0.0,0.28475390546560553,0.9415037361363768,0.3313259921695623,0.6625585886938641,0.29378672809803874,0.9738647596504287,0.34539839273096584,0.8187816007122196,0.2986076422614022,1.0,0.32803535230750863,0.8399007157975674,0.27621820539022657,0.9749200752348633,0.31335623155057696,0.7903571831966117,0.27372068675092115,0.8073744758499877,0.45966280707934837,0.3481845134323416,0.4587256462832422,0.8365078156844065,0.7011814540385667,0.39153111435853577,0.7127656374091288,0.8214960961917437,0.8984395571149862,0.34364737551415286,0.9247314034014812,0.8004055695126221,0.9266226270543312,0.30077695571006935,0.9559762975706636,0.8470758795933501,0.9757808353381056,0.46873708698522454,1.0,0.0,0.8317568289231262,0.21542716770287595,0.5808690021628261,0.4452538156955447,0.4792178446503431,0.6266157577913304,0.49385864195882617,0.757835792323406,0.5348038103121412,0.43415810157568036,0.2435499052094737,0.6864386265225113,0.04805779551947879,0.8679920017982369,0.003814984913620464,1.0,0.0,0.4073870976506826,0.3601238952230915,0.656668914462715,0.2170068890016288,0.8280448373559002,0.2509645937358148,0.9466234892216945,0.3350144188406184,0.3661116339501187,0.6135917598996021,0.6054253398247708,0.4765226562708606,0.747397126279206,0.5143137032388988,0.8482929100560467,0.5889629115377426,0.32141754417166246,0.9691680462470962,0.44786348220659467,0.9200204934447679,0.5378679530976359,0.9392456142693119,0.6113999076180525,1.0,0,0,0,0,0,0,0,0,0,0,0,0,0,0,0,0,0,0,0,0,0,0,0,0,0,0,0,0,0,0,0,0,0,0,0,0,0,0,0,0,0,0,0,0,0,0,0,0,0,0,0,0,0,0,0,0,0,0,0,0,0,0
4af1f4a1-edfb-4ec5-b10e-0a659a681b86,UNKNOWN,0.8128289440663223,0.030986596335363072,0.8340985103220083,0.007190824577032607,0.8480712309361036,0.006800265567430584,0.8613218926326568,0.0065723733537822685,0.7706251286717797,0.005200047493414441,0.7388355162113674,0.002754147229637668,0.7074544834311254,0.0,0.837570204819937,0.013211585568275922,0.6220301584637545,0.0006388705348724945,0.8078539581244573,0.051355811874342835,0.7410395570291819,0.04936167565526351,0.8990938512808708,0.12348491418876865,0.22589877403201397,0.10263380818548311,0.9196512208871568,0.27495108292047044,0.0,0.28572644888307025,0.9448501965497207,0.328424128781107,0.6625341414992444,0.2929813879826056,0.9751657521467604,0.3330625923051411,0.822043120301884,0.2964222535900231,1.0,0.31652659997539634,0.8386295180855506,0.27492198804639745,0.97835144086857,0.3076885294278914,0.7905057001268182,0.2726162457259961,0.8107094369754396,0.45837950491474583,0.34945960934499215,0.4592790655213126,0.84158467628954,0.6998470165071355,0.38894936376923206,0.7164068666336202,0.8283611358303774,0.8990082007076561,0.3439260844136186,0.9274251113150045,0.806285681377942,0.9280778944896609,0.30021739256775953,0.9601261627799486,0.8662600711809203,0.9740531913016801,0.4721435833529845,1.0,0.0,0.8288488114602217,0.19944899310518793,0.5112227145186053,0.4087830026065753,0.40311406367236063,0.5599295541494997,0.4271422651353754,0.6651726593374254,0.4820774298842769,0.4417080950979568,0.2772772663128705,0.6842115635247624,0.12135136269951238,0.8532527011687547,0.045995330182393074,0.9801800428823678,0.0,0.45577427373244767,0.4043901397111577,0.6992295888337677,0.24922367477038845,0.8671231238964097,0.18152044733858733,1.0,0.13225368902811932,0.46058014693517196,0.6429981032288923,0.691394754267216,0.5067500588747529,0.8322568948120743,0.48159730399271233,0.9357473934247036,0.4529011104965013,0.4574986336500462,0.974881931018871,0.6024762465315732,0.948480483704016,0.6866434036828386,0.9710025868379785,0.7468613365004625,1.0,0.9329256672023265,1.0,1.0,0.6632837120748594,0.9027969598364943,0.28151416089111664,0.7246277242771534,0.06245063434371687,0.5501508552910719,0.0,0.7513746379590656,0.7018449445594875,0.5082972370776974,0.32403894900617103,0.3512100970697134,0.14977440789024096,0.21360983731784233,0.06413363571204943,0.6017294831706355,0.871432362892601,0.33132637367722223,0.45133996468716675,0.15331948303730875,0.2253235288041155,0.009380712953007029,0.07218470741362898,0.488825258046073,0.9356613527898251,0.24718308036544076,0.5262104816498817,0.10846758160185026,0.2765827602811677,0.0,0.10599412300372041,0.4101703209959037,0.946674761177497,0.2302286239974025,0.5980407893419448,0.12679373489780504,0.3764201813954449,0.046152229340824726,0.20660073454507313,0,0,0,0,0,0,0,0,0,0,0,0,0,0,0,0,0,0,0,0
4af1f4a1-edfb-4ec5-b10e-0a659a681b86,UNKNOWN,0.8134260452508808,0.030519573514174645,0.8351690323544485,0.0070458695477168595,0.8492965654438049,0.006664514503095297,0.8626491110899311,0.006445504745215801,0.7713239142732462,0.005074177235690007,0.7395226507213162,0.0026944271412514117,0.7081264101591535,0.0,0.8383621779349324,0.01293419118156277,0.6234549359512253,0.0004460355935404921,0.8084787396403347,0.050691573312432306,0.7417567074995847,0.04869097055594759,0.9004709295145485,0.12215643110340155,0.2266949260784596,0.1015194725115946,0.9202941534517419,0.27398052376947096,0.0,0.28397123747188885,0.9468711665736764,0.32579250821575695,0.6556885293930592,0.29074505973725717,0.9757213470018169,0.3310750246270993,0.8206084646809911,0.2941232714543817,1.0,0.31564178834437584,0.8374134833721238,0.27317061080909477,0.9767938915697609,0.305794470446469,0.7891281893358275,0.27051058709674825,0.8186166465329662,0.4573315612457384,0.3539964353044041,0.4579763692860379,0.8436539028342976,0.6984706874244009,0.3885948943848381,0.7155058777167572,0.8260592742953454,0.8985546170728843,0.3450358081547565,0.9246258456272152,0.803051361108033,0.9274824077974307,0.30305180154190614,0.9563853881041878,0.8644742690603484,0.9751936822373677,0.4745352585813695,1.0,0.0,0.5687457207133775,0.2802869562764634,0.24927378274187964,0.5558994336719183,0.09030711498841003,0.7759681953659507,0.016292728822480052,0.9342987341454777,0.0,0.5388884361885838,0.05233266727838147,0.7554000181776584,0.01900663105058136,0.8928121464367088,0.016486800778150915,1.0,0.0038239938145386287,0.5255748684470325,0.28477031972190264,0.7199292951769658,0.276485776078225,0.810718863708305,0.30903862963463236,0.8839191971743143,0.3155206329540391,0.5028763010345595,0.5681712677245917,0.6875573928223322,0.627976481584124,0.7053244868729099,0.6642058342687601,0.7052038248300546,0.6573015303738137,0.47181052611784763,0.8916302199533916,0.6005522247260031,0.9712214578374795,0.577790975732826,0.9952366979200145,0.5379685839917511,1.0,0.9802186625562013,0.9344019515317369,1.0,0.57141247661003,0.8450077653838663,0.21414272698475936,0.6426142293792854,0.03585155818836722,0.4546428339572829,0.0,0.7326485701872515,0.7165560167330131,0.4572970471566044,0.3448522472332074,0.2859766988545851,0.14895941166673743,0.15275334044674677,0.034648178929596596,0.6184558122192019,0.897942988887111,0.3312689452894166,0.5075909228955559,0.14564131417261625,0.27257764816913277,0.0,0.11090846153594952,0.522868348029024,0.9749902847943153,0.2836137915880834,0.5881569193490975,0.1518935717935956,0.3465177110648845,0.054240332388392376,0.19413103608178406,0.44916628242026957,1.0,0.2664292384597074,0.6768428683859044,0.16981554508333846,0.4647019636145137,0.10702746432334626,0.30859901835602394,0.125,0.7827004219409283,0,0,0,0,0,0,0,0,28,0,0,0,0,0,0,0,0,0
4af1f4a1-edfb-4ec5-b10e-0a659a681b86,UNKNOWN,0.8064989917718803,0.030627133005882847,0.8291252759565939,0.007262214787667539,0.8434993408166759,0.0068099696577398,0.857051171745602,0.006497539563611112,0.7641245089473299,0.005261097268506333,0.7321724592540223,0.002753673859391072,0.700478836102348,0.0,0.8325109660092619,0.013032199795290977,0.6148530343553454,0.0004075896775668211,0.8021382884355012,0.05117773025477503,0.7345826024513171,0.048811939714032804,0.895875980160027,0.12212193962946408,0.21914766373424574,0.10166455240443792,0.9201547357819826,0.27404287097306285,0.0,0.2846286106139661,0.9503758790037328,0.3252500026938171,0.6489868585746078,0.29156266710393003,0.9824084980180036,0.3321500209274682,0.8151385841231306,0.2949315587353165,1.0,0.3176573639040784,0.833285712062499,0.2749470977789221,0.9723448029008512,0.3066402446897488,0.7835867131763299,0.27149674617190145,0.8221104093161612,0.4582481136496279,0.34977650017007594,0.458072653288139,0.834685092674728,0.6984172553304713,0.3791457073048184,0.7161426509599961,0.8161989688727632,0.8969814784727392,0.337156641077459,0.9237398685801892,0.792595181403249,0.9253260724006884,0.29321336863799163,0.9544574453429777,0.855264595963975,0.9742517978956928,0.47167637100126947,1.0,0.0,0.5657936137748931,0.2630368841440237,0.23868575629886712,0.5669756148129919,0.0808974551549122,0.8164271524881184,0.026518882766362824,1.0,0.0,0.5777931544822204,0.10019527080978094,0.8286808501313528,0.16034816706326932,0.8403235063830647,0.22770790016681028,0.8323437272176377,0.22711022918626622,0.5530860118719021,0.33611719410867175,0.8045341799698104,0.4170067435627831,0.7872033604748087,0.4880679257812809,0.7363242615459431,0.49048390794601987,0.5274349156636458,0.6128910357258619,0.7638093247444794,0.7152224268920319,0.7046697890179427,0.7629080329825837,0.6233861132626324,0.7374706500857768,0.49261904139826496,0.9162802096591852,0.6937654393303323,0.9808650417816287,0.6174021217042746,1.0,0.5262962716361329,0.9842044097999068,0.9589322679173724,0.9136234569080225,1.0,0.5651870810015853,0.8717626452152929,0.21907926988431983,0.6953329297150744,0.02918107098063933,0.5315107499550825,0.0,0.7848884983271982,0.6998013637144985,0.4960562068228516,0.3667783995772612,0.3245005649804109,0.1522814523368413,0.1991626198401365,0.005339941809754824,0.6673776819539211,0.8913628231818732,0.35970220806436093,0.5017858166052295,0.16103006104513287,0.2553478999942701,0.01197996895375165,0.08081058884198865,0.5598304462706609,0.969419880181574,0.2972469658380571,0.5955841625761599,0.12965768232858785,0.35035589001152345,0.0,0.18237453126293204,0.4681580105877414,1.0,0.27246531565246934,0.6880980575663235,0.14813641615937642,0.4957948953021245,0.05689229267943769,0.345784708825945,0.12611111111111112,0.7805907172995781,0,0,0,0,0,0,0,0,28,0,0,0,0,0,0,0,0,0
4af1f4a1-edfb-4ec5-b10e-0a659a681b86,UNKNOWN,0.8316653085424129,0.03143144372047649,0.8556698234207725,0.008127972139679203,0.8710406530820565,0.007700463727763918,0.8857068982952181,0.007358935106427681,0.7870229800984828,0.005755811763703418,0.7534435255265464,0.0030189345188858315,0.7200462975219152,0.0,0.8609328784154969,0.013432051342870458,0.6302920423959276,0.00042857087457304275,0.8273891582114817,0.052634001641823545,0.7561933880380981,0.04969645176252196,0.9283032003119929,0.12288974330955311,0.22274494389096192,0.10244984764551103,0.963256837775979,0.27595990712163937,0.0,0.2869632485135749,0.9728256034688155,0.3197922821756324,0.6685599957118759,0.29404413714246735,0.9877550856226326,0.33388606182332087,0.8408524087349388,0.2968034057877972,1.0,0.31408568899454964,0.8603083688860671,0.2771265442429903,0.9693301835951375,0.3062054034619602,0.8090250607367323,0.27365553186322855,0.8513504550846591,0.4607768801325911,0.35346444229269086,0.4612236988033111,0.8590084610938328,0.7030788733497232,0.38198290007594954,0.7182857951239445,0.8412903886056384,0.8972170437497154,0.33350212053539063,0.9245312587404154,0.8136130916505152,0.9239629474647808,0.2885812136944201,0.9549534957438542,0.8815749950724926,0.9766126469923727,0.47238018673358784,1.0,0.0,0.5469289852054411,0.24478296165417124,0.2603997403770006,0.5607312319026182,0.11299984647586099,0.8119122556446466,0.053380799146344984,1.0,0.0,0.639111616619854,0.15110119368818184,0.8941866976917834,0.2860504319196446,0.8167761372861416,0.34286196355853754,0.7425181570733359,0.3062213757282896,0.61881997473421,0.35869623045037297,0.8480162881862896,0.5199284972722865,0.7671605506379395,0.5540002158458192,0.684366900946816,0.518046686538669,0.5901376594848731,0.5931959925639595,0.7909998220107575,0.7740595886465099,0.695470824958433,0.788276531935301,0.6043394645562641,0.7277682606323066,0.5376690355153657,0.8363402277325397,0.6914352444747364,1.0,0.5944371849915998,0.9956222819767221,0.5128217372618309,0.9363999653430657,0.945875596487025,0.9780469882562609,1.0,0.6211846147707777,0.9206289661005245,0.2581178762850949,0.776471149935758,0.05671208554442804,0.63288030017674,0.02878246818018593,0.7412893924422099,0.6839780420008246,0.4800764594695752,0.3732011996435649,0.3175762143525201,0.15708581042439718,0.20590344178448627,0.0,0.6188229436384238,0.8733691098431952,0.3438740771875738,0.501903536421551,0.15128027835066488,0.26142454348375427,0.0048622697924561925,0.0894911489712591,0.5183923049443734,0.9580191251379856,0.28737864574319066,0.5955758156113261,0.12648636850770179,0.35493223742834723,0.0,0.18239370120629347,0.44420496389745495,1.0,0.2715044389632955,0.6907393368710849,0.1497686521290228,0.5008511883387198,0.06042241981261973,0.346377129633324,0.12666666666666668,0.7848101265822784,0,0,0,0,0,0,0,0,28,0,0,0,0,0,0,0,0,0
4af1f4a1-edfb-4ec5-b10e-0a659a681b86,UNKNOWN,0.8514266226796013,0.03187411503323905,0.8761190740939362,0.008728966851887305,0.8921205049291834,0.00839211079326097,0.9074824306217912,0.008109518437092364,0.8056749755369155,0.005896513522469344,0.7713224692221377,0.002967446282732493,0.7371298391930197,0.0,0.8830134992902854,0.013849344186109362,0.645795239309783,0.00041412053476825466,0.8472976354891615,0.05360584834782351,0.7740913577953635,0.049994460358273166,0.9524272201069925,0.12313063077529637,0.23175831229685384,0.10269005908427017,0.9881045525730833,0.2765800925185466,0.0,0.2877475944668827,0.9852342556603921,0.3198729856232905,0.6856052012318142,0.2948930793177283,0.9881609118392511,0.33426230162265796,0.8606925461132379,0.29692860781060965,1.0,0.3110693128981276,0.8807228976867493,0.2777208029631393,0.9763379263259787,0.30492568098214745,0.8286160723399936,0.2743669543433576,0.8700547020353651,0.46110317307533166,0.36128407878526997,0.4624468127097638,0.8778520256795054,0.7038177313150896,0.39076936820208286,0.7184842825958743,0.858241301431305,0.8980116377518335,0.34156169034474715,0.9254945506156544,0.8305330541824374,0.925226323748496,0.2961504991772793,0.9563961833427651,0.9019389025298122,0.9765403835351028,0.4900036585598463,1.0,0.0,0.5766629301008873,0.19696804668141346,0.30470427298462943,0.4529942320968354,0.2164342396088639,0.6438868395382474,0.27501282465373433,0.7773687085246758,0.36863913007682125,0.5118897931659718,0.07817180602790391,0.7536892315922841,0.047750460737560084,0.8976233227671199,0.030099937301692855,1.0,0.0,0.5344600579513292,0.2663838909682772,0.7917019719149087,0.2881778858637484,0.8313132591295768,0.347429369407026,0.8302424889919704,0.3600101963913641,0.5347788062795023,0.5191578160722994,0.7633229593299558,0.6723205973438717,0.7121566447814172,0.7278481814324347,0.6511083311843182,0.7011333194003762,0.5132000249873061,0.8156289780175935,0.6599163565944864,0.9845755831259223,0.5916801881095661,1.0,0.5209845318964564,0.9515766407640327,1.0,0.9006578218340435,0.9513565583203221,0.5213635951524676,0.7321300511591906,0.20279246879627671,0.5363761662331569,0.0790715947898093,0.3987706509578241,0.04883999717932445,0.747151676292154,0.6362779171325819,0.4235211421553686,0.3345039136873281,0.2170706586890202,0.13393373427221533,0.06034598435454732,0.01671250264438333,0.6951198379825666,0.829310848519649,0.37010746362561103,0.4503772653550525,0.16039388222455836,0.1936695981544723,0.0,0.0,0.6295281926507428,0.9342500528876666,0.33892586138409736,0.5562493074234136,0.1631477875893864,0.28783382191463425,0.03316416528408591,0.09961417187987952,0.5570531168716915,1.0,0.33617373330572614,0.6946920930419979,0.20652957271367647,0.48352423262514227,0.11686813689726662,0.3212749453494112,0,0,0,0,0,0,0,0,0,0,0,0,0,0,0,0,0,0,0,0
4af1f4a1-edfb-4ec5-b10e-0a659a681b86,UNKNOWN,0.8501580563961526,0.031852955827133475,0.8752896050219643,0.008898722419048419,0.8917892680086759,0.00862057399453599,0.9077743980844609,0.008380194861269206,0.80443961530397,0.005817084336080009,0.7701453045939656,0.0028984996975922744,0.7359715514830459,0.0,0.8858990582951752,0.014052843666208554,0.6467487374860202,0.00042719842414567317,0.8472202580605589,0.05398861453250833,0.7732621126978974,0.04991059800710975,0.9549554893460827,0.12299212272885797,0.23609715635003506,0.10259187760189006,0.9879488547364571,0.2764015147726341,0.0,0.28761851415448203,0.9858553441482024,0.3200064282480157,0.6845053778399174,0.2948993452389288,0.9882709184979677,0.3345542736846598,0.8593883076626083,0.2965598070458666,1.0,0.31204617669279977,0.8795096978205512,0.27773506949376214,0.9783965397084909,0.30559034855907885,0.8273945897325881,0.27442012068302135,0.867399331280265,0.46127686077441715,0.35963716200489787,0.4630680747463876,0.8756445481286798,0.7034177074226926,0.3869513415493882,0.7183356172285049,0.8547488590050037,0.8974723782050384,0.3302531219274757,0.925383671049745,0.8271934681239075,0.9246952883742734,0.28004251626205684,0.956495537902324,0.9023252715165752,0.9763084118693198,0.48537844943507613,1.0,0.0,0.3967173772303411,0.26239990677993874,0.14751165410968595,0.5732360106183476,0.04058509372383962,0.8178403533622947,0.05825640206303954,1.0,0.07349952817706591,0.6806511931075417,0.0,0.9117459097877423,0.23677689182689507,0.8241208729184798,0.3824228898197753,0.7292193912293031,0.3320085677053428,0.6423299189058296,0.19955031196899117,0.8619077704019023,0.4978772128662037,0.7703254326903819,0.5946150607211984,0.6796033777706568,0.5168516512138415,0.5853254873115116,0.4368031874260436,0.7486636030281955,0.7637456915992218,0.647448829105051,0.8049415755058158,0.5687006361540898,0.6928624091095944,0.5009649732902676,0.7006295965289809,0.6135591492212847,0.9925440326464856,0.5209763344852323,1.0,0.4558470098572932,0.8816381825413865,0.9566565349544073,0.832179644026994,1.0,0.46839575358143576,0.8543728167672276,0.13613323335569674,0.6717207276686477,0.0,0.5157038515628545,0.026449346856624176,0.7885786871115547,0.5378428509412368,0.48773215986934626,0.2794143415288685,0.2803438733384748,0.13568806977386638,0.11992378532867577,0.058687398871305106,0.6654330172843986,0.7654193141007932,0.37390282629406163,0.41457989660207584,0.1620786644286168,0.21541181577804966,0.0,0.09627530683925964,0.5626693281313796,0.9164749990133786,0.37171256181100576,0.5259402502071905,0.4415016104885905,0.4658605311969691,0.5339264165494715,0.5103374245234619,0.479040058068321,1.0,0.32733747674998864,0.6518899719799518,0.38727940842897973,0.5680082086901614,0.4741187678628136,0.5799092308299459,0,0,0,0,0,0,0,0,0,0,0,0,0,0,0,0,0,0,0,0
4af1f4a1-edfb-4ec5-b10e-0a659a681b86,UNKNOWN,0.8451543269647813,0.03184347185718458,0.8713184490760276,0.009469607817586094,0.8885033768905976,0.009338120756124111,0.9051468821600195,0.009240314056004293,0.7991680695025981,0.006031136959451919,0.7646182618593567,0.0030194711247703687,0.7300181303122804,0.0,0.8841191270584582,0.014738071705756603,0.641554190130758,0.0006924254604820435,0.8429022833149629,0.0542382123747261,0.7676842995490234,0.049748940973161966,0.9514035571754935,0.12273628878504111,0.22601571554814773,0.1022141496276783,0.9850729902209102,0.2763111450587769,0.0,0.2876998652117285,0.9836799775676793,0.3206074493742069,0.6924533921346284,0.29505506805905557,0.9868147455695873,0.3348459557838336,0.8612387865320701,0.2967064215217509,1.0,0.3151354598739258,0.8808357370993106,0.2779692345937407,0.9756910088807005,0.3061480425628884,0.8273525886557389,0.27480696942905775,0.8617684603058949,0.4622626653862783,0.34654616474087985,0.4636006311058185,0.8720795736449212,0.7032715258607036,0.3733555881170577,0.717955094188066,0.8495307442827053,0.8977546559424119,0.31601756989588825,0.9251019332126453,0.8193998453470068,0.9247429967903418,0.2658373926970029,0.9557397283251171,0.902437223867159,0.9767259080165275,0.4725283375468996,1.0,0.0,0.5029607017414811,0.22246508994842118,0.26679968370142887,0.4709884891181281,0.23261920962136118,0.6646087558183419,0.34732525423417127,0.7996210215121399,0.505915886647419,0.5050863316140395,0.05801504257158094,0.7231923826896465,0.0,0.8792403132469493,0.0017028632376468857,1.0,0.034277938174663014,0.494891653038118,0.25664870630206515,0.7024987419801233,0.16787730557752073,0.846940652912316,0.19175049191783594,0.9627398100389987,0.23773883300538812,0.46576141653038117,0.5338899207414627,0.6475720216379419,0.5583423748138068,0.7127240847905397,0.6073116460398316,0.7552082022895962,0.6267915923426323,0.422424204302428,0.8726107504735284,0.5349147691533527,0.9700325493297045,0.5597174172851931,0.9981739274352232,0.5679118442571393,1.0,0.9278439303507128,0.8423256001613879,1.0,0.47998708896509984,0.8609460859270952,0.14029130522493444,0.6621358457061116,0.0,0.5009865338134465,0.04363122856566472,0.7847521333793716,0.5325075650595118,0.49379766191486213,0.28983498083518255,0.2928624278597149,0.13115997579180957,0.14184284516351797,0.021132136372806132,0.637357075913777,0.761000605204761,0.32976767128693335,0.46623683679644945,0.1390657524786662,0.27574742787976597,0.0,0.16069719588460762,0.5211256350811424,0.9169626790397418,0.29698712573373454,0.5475214847690135,0.3739180190401026,0.45976195279402865,0.4849287229319785,0.48815331853943916,0.43143195383021754,1.0,0.25457505055985796,0.6890925963284245,0.31643072066295075,0.6100431712729474,0.41721896117989443,0.6339899132539842,0.12833333333333333,0.7890295358649789,0,0,0,0,0,0,0,0,28,0,0,0,0,0,0,0,0,0
4af1f4a1-edfb-4ec5-b10e-0a659a681b86,UNKNOWN,0.8455894045351586,0.03200992133777347,0.871936522071333,0.009811169138853864,0.8890781384906599,0.009681098900657383,0.9056398344497882,0.009566430307222635,0.8007417642067752,0.006304442303094994,0.7664820894098358,0.003187792254579813,0.7317078677184548,0.0,0.8840398586360444,0.014649883784545722,0.6436810853660978,0.00047209389378356136,0.8433313662368502,0.05441454665258644,0.7694904513367422,0.0497757319631673,0.9485203782950339,0.12252343226323152,0.22701824688120975,0.10176397046366317,0.9812197254624345,0.2761279461504928,0.0,0.2878883206649225,0.978177597009071,0.32179074254007944,0.6907675249253897,0.29532284191149144,0.9874706555142897,0.33572341860264227,0.8585855908808391,0.2969314700468143,1.0,0.3177473152589452,0.8778482163225033,0.2783071583496669,0.9737732247935825,0.31255768418190816,0.8243274866200139,0.2753284534672785,0.8581283685545689,0.46204776250931634,0.3452956161232808,0.46332392940153894,0.8681829407581999,0.7036451407475959,0.3691668816337973,0.7172399449022899,0.845306708034588,0.8979923621234717,0.3126691025681799,0.9248914016635116,0.8156055143093509,0.9247854383475509,0.2620247116004902,0.9553476586486597,0.8979481338300939,0.9772559224346384,0.4685017203259962,1.0,0.0,0.5263087925027365,0.1907852178305267,0.3201892962337577,0.43820208954253964,0.2670364883856643,0.6387467766280798,0.33199354970148376,0.7695669383209813,0.450162120725555,0.44908032362211003,0.0933135128229034,0.6910540167718724,0.0,0.8688778087273995,0.012474145283650841,1.0,0.051963231917237285,0.41839662908404546,0.24207783866656998,0.6496626720977837,0.23371627664460168,0.812651568633822,0.39410875037551923,0.9234860859624923,0.5794512411990372,0.3679015664184461,0.470799277621815,0.5959346375497352,0.5032752184917766,0.7167065926632659,0.6295394666418047,0.78910433829676,0.7411247967016461,0.30458464655893047,0.7429255625882686,0.4724296470463132,0.8202808020745928,0.570357384438609,0.9131575039969061,0.63969052675731,1.0,0.9270882009052932,0.8350310614653844,1.0,0.5160186928746614,0.8903409991115532,0.2060551858968308,0.7261508193565078,0.052221338738758914,0.5828361307039587,0.014776394246229507,0.8143116141854668,0.5287184565739436,0.555483802391787,0.27359207488668924,0.3976741947322927,0.11561776559032783,0.27473963294914194,0.0,0.6728209488932521,0.7494124479442478,0.3721448870188499,0.435726044754748,0.16025133216879286,0.2446136395270146,0.0,0.11485142812346512,0.5537440110063114,0.9038366469296105,0.3292748228621624,0.5666337626849649,0.37047228066094023,0.45869857019667193,0.4505989495069421,0.44428854605464196,0.45913646181584084,1.0,0.28346165339344553,0.7276334251125108,0.3035770511990021,0.6201637946343579,0.365784370155408,0.5982711810716246,0.12777777777777777,0.790084388185654,0.10055555555555555,0.7932489451476793,0,0,0,0,0,0,28,28,0,0,0,0,0,0,0,0
4af1f4a1-edfb-4ec5-b10e-0a659a681b86,UNKNOWN,0.8477237715046636,0.03201219871101578,0.8732063203528512,0.009809021776517423,0.889753222156072,0.009648546216640186,0.9057347298457344,0.009497568626712336,0.8044546303426158,0.006347185636458164,0.7708664728219031,0.0031787966355675485,0.7361859746544572,0.0,0.882553766355225,0.01461619853892862,0.6472951688078098,0.0005064424596392462,0.8450121436780224,0.05442508012005862,0.77394793904868,0.04969929159591794,0.9430642077519885,0.1220152294998492,0.23181656327617883,0.1014502249654381,0.974883971740443,0.27505928338539115,0.0,0.28744624149008646,0.9726998759431245,0.32138786584307405,0.6860241776730998,0.2949063484110084,0.9883363312362488,0.3355201495017927,0.8527223472852837,0.296515812862488,1.0,0.3186584970926045,0.8722917753697189,0.27794094071319,0.9708809345767581,0.3144806210377412,0.8191097940917389,0.27505371837764614,0.853239925880091,0.4611672154263727,0.3462365624974689,0.4623621403105403,0.8623750319461335,0.7031246020216817,0.3669561977645952,0.7171052927290391,0.8394583223837422,0.896911121047266,0.31186101024042523,0.9253456351396849,0.8090509702695791,0.9231529150687782,0.26107839217683465,0.9555903820399221,0.8913391360555456,0.9766047074400515,0.46600467869971846,1.0,0.0,0.5484406489813478,0.18571456404676584,0.33472985589101056,0.4394961925187227,0.3067898843450833,0.6300710839744079,0.43824448724654186,0.7540094329018537,0.6021660082720309,0.4648034662242465,0.0716528531723435,0.7035470048962965,0.0,0.8764895337352883,0.011197766515946955,1.0,0.05471429004946439,0.43507648683605127,0.242618274512184,0.6704718998739582,0.22665614663308348,0.8173008472226594,0.3859346912983019,0.9051846489788516,0.5518715603863613,0.39186408468329936,0.48627546184315984,0.6085113430120241,0.6732512080485398,0.611992104778048,0.7904430731112583,0.5704874864928459,0.811321293607116,0.34207682704398273,0.785285995562307,0.506375526610405,0.9637826423016025,0.48896797099689915,1.0,0.4391619794406502,0.956849416548703,0.9503524937709401,0.8255757822126806,1.0,0.5381896365553425,0.8797744656441062,0.25475742832098985,0.7322203419129022,0.09700961648394923,0.625417426834008,0.0,0.875883436481206,0.5438410675948627,0.682353731325207,0.34312237198135137,0.5586962960353121,0.2082327646438598,0.46423038768259156,0.07678578233971468,0.7381846047808791,0.753293359925812,0.4316212731614777,0.5255894383820933,0.18729679171763502,0.3622473608658647,0.0,0.21510213544379375,0.6118296535178361,0.9048895438204245,0.3782555989971847,0.6171699335611479,0.3774287277743952,0.48161657287313103,0.4251945789838182,0.4170673534978849,0.5085291050963233,1.0,0.33723243669370423,0.7714862358515733,0.32130718320977975,0.6528268270684333,0.3553068947407247,0.6000377926548863,0.12944444444444445,0.790084388185654,0.10055555555555555,0.7953586497890295,0,0,0,0,0,0,28,28,0,0,0,0,0,0,0,0
7ce4f0e9-e260-4011-b996-c159faae25b8,USE_COMPUTER,0.4910497457756841,0.12175720833134368,0.5013428311776784,0.03362720342478463,0.5125611600130732,0.02729168516107198,0.5233687962578621,0.020218356299512262,0.46063461960126706,0.03623771076811846,0.4373975207785456,0.03117373160961737,0.4101787292783394,0.024032909519012997,0.4903753135571132,0.002519747217666946,0.30918317251536587,0.0,0.49394993359967015,0.18493010156352904,0.441622698570083,0.18796665590919887,0.5379678189387807,0.19297621744998017,0.05561225861790782,0.26381045747654164,0.5951608777254819,0.6102035917550579,0.0,0.922093456650022,0.610159905508814,0.6921451149291754,0.3222942210338042,0.7826205255690695,0.6196122992993145,0.7407078071975471,0.41380842436085374,0.8324574489802786,0.6159659696585658,0.6757620149004283,0.44771430827128844,0.7465665784169729,0.5826999560089196,0.6485869206070032,0.4234878410860143,0.7212595018512565,0.40626357483379233,0.9513448811064787,0.19945593789948796,1.0,0.752259886616093,0.6247562343905884,0.4475951944915996,0.7198977153894497,0.9049120385246026,0.6409971691942443,0.7003409308733264,0.6587770521739326,0.9075725335690557,0.6890168390158296,0.7139707535161837,0.6777269459826626,1.0,0.5665848906824411,0.846026391890196,0.5757180770006086,0.0,0.020050043464423302,0.19319063109610035,0.0,0.41616794996334067,0.09409988266980814,0.5762897594778231,0.2546142354299178,0.6870019560458758,0.4175785090990276,0.4505096571493609,0.02373917545851404,0.69878905143686,0.1540291282889268,0.8663054554887071,0.2746844672876775,1.0,0.38360916220542757,0.363960582631689,0.12982918244132302,0.6031148508614278,0.36341601865882567,0.7577785247867275,0.5602106955732791,0.8809268322379653,0.731493774849537,0.24441071140250342,0.2905115738871445,0.4659820064954487,0.4666303671437461,0.6059586609952806,0.620357857085176,0.7258751253960397,0.7531404827163602,0.11195755459856063,0.48030028453759077,0.22572769406277876,0.6819187999068959,0.30414528206499153,0.8409136791803037,0.3781634873201113,1.0,0,0,0,0,0,0,0,0,0,0,0,0,0,0,0,0,0,0,0,0,0,0,0,0,0,0,0,0,0,0,0,0,0,0,0,0,0,0,0,0,0,0,0.5722222222222222,0.7552742616033755,0.49833333333333335,0.709915611814346,0.33111111111111113,0.919831223628692,0.76,0.6128691983122363,0.7966666666666666,0.6603375527426161,63,59,67,28,28,1,1,0,1,0
7ce4f0e9-e260-4011-b996-c159faae25b8,USE_COMPUTER,0.4288493616553725,0.1116475932908855,0.4367315791790793,0.033310957213662604,0.4463135404919594,0.027693429984811432,0.45502485911038515,0.0214379567215311,0.4011437486101061,0.0346377203648214,0.3807319976053375,0.02950314040967383,0.3569458947003229,0.022930393807778636,0.42680464197274437,0.0021789879648442057,0.2734578151451491,0.0,0.43084433677744804,0.17284592276326471,0.3845490836201548,0.17721004139105037,0.47104915492570865,0.18013957164282465,0.03596147919702797,0.24955826247760898,0.5190635680546604,0.5645478294328989,0.0,0.8632412358011236,0.5455686138162695,0.6380074614101392,0.29177036074589746,0.7237292308220791,0.5622279994145043,0.6827824824086247,0.374733450808763,0.7694158759284718,0.5527408613184115,0.6257326807521716,0.3980054011605308,0.6908498130592091,0.5286163298372917,0.6017369164705177,0.3740866962650565,0.6645983069054184,0.37952578608258575,0.8764567438356534,0.2395009439049179,1.0,0.7065359912431511,0.7363242667109418,0.6047664470305094,0.9199895085102013,0.8222419896018065,0.6810006228576595,0.8599045672053904,0.7549257878576869,0.8160232422240259,0.7014677350905982,0.8768953825232533,0.749186003045347,0.9200971411176421,0.6274958140196171,1.0,0.6656465016797596,0.0,0.05419997923372443,0.19889459047022826,0.00026971582764974297,0.4201787874135691,0.08178103375502799,0.5781454071610015,0.2418669004613431,0.6853322610832695,0.3861605675459976,0.46457431929579845,0.0,0.7074379634746575,0.1371256156924232,0.86720305710702,0.24813733266406127,1.0,0.3449462687979337,0.38625660400456535,0.11122675236953648,0.6083198576349172,0.3421286906986131,0.7503704313774474,0.5305973867669673,0.870582038202392,0.700192118768351,0.2724949197093877,0.2710023537160267,0.47609271346862364,0.4562025117363248,0.6076465496198895,0.6147358228698133,0.7222348152993695,0.7533863467267619,0.14273159519010253,0.45682427122967684,0.253230746339292,0.6679792017763153,0.3274976654425532,0.8292858551558423,0.39858291803134294,1.0,0,0,0,0,0,0,0,0,0,0,0,0,0,0,0,0,0,0,0,0,0,0,0,0,0,0,0,0,0,0,0,0,0,0,0,0,0,0,0,0,0,0,0.5716666666666667,0.7563291139240507,0.49833333333333335,0.7078059071729957,0.33055555555555555,0.919831223628692,0.76,0.6128691983122363,0.7983333333333333,0.6613924050632911,63,59,67,28,28,1,1,0,1,0
7ce4f0e9-e260-4011-b996-c159faae25b8,USE_COMPUTER,0.4048415665090714,0.11049093631944112,0.41122944803168576,0.03264649806742025,0.42012364250247725,0.026731450632886983,0.4280615413771437,0.020236647130377088,0.37761604437472573,0.034661449477064905,0.3583150160963068,0.02979550995857967,0.3358533822883672,0.02372250414149738,0.40171138824430924,0.0,0.2578661040057813,6.796852783382635e-05,0.4065854246876613,0.17201346467249465,0.36245681225675475,0.17810628968377018,0.4452353563114268,0.177602179849486,0.02763221196214224,0.2555207764077074,0.4917819787892885,0.5629126097331646,0.0,0.8689397754800738,0.5114604044471469,0.6281490646233098,0.2813271564330933,0.7184920938079957,0.527139737107014,0.6570897304791948,0.3601824274105823,0.7636147448615019,0.5189480649146189,0.5802379184156262,0.38022101542378617,0.6852501271582835,0.49009081864733145,0.5921027712709055,0.3544752229506404,0.6578936874616635,0.36163052406459745,0.8541563230907182,0.2421044262307988,1.0,0.6623407701871249,0.7045060515201441,0.5955677475816531,0.8552510806222203,0.8405416989350528,0.6604605409366349,0.8664024624948499,0.7082955052567288,0.8511630130425158,0.6945009889956454,0.8847381166459338,0.7114815746367642,0.9438291414752202,0.5987315477647936,1.0,0.6254666289407611,0.0,0.07414965045863949,0.20369257470429575,0.007619272662371452,0.41936098104377423,0.08429401694791695,0.573142668731146,0.23452453073978086,0.6796954581616141,0.3698784837873642,0.48213219580581773,0.0,0.7204938240059123,0.16096373366984493,0.8744929503203105,0.27710673768938204,1.0,0.37993675324969145,0.4038321776736475,0.12020024785888635,0.6281563612223147,0.3779370398208176,0.7661367715990265,0.568402516798347,0.8791149338814589,0.7378175849092651,0.29002774860851566,0.28260249316879793,0.4937159008322617,0.48098386906213314,0.6258119551442539,0.6427865774106539,0.7399237466075889,0.7840435185906733,0.1618146322191467,0.4694858310688349,0.2702673684324321,0.6830617611052596,0.3417204039002347,0.8386057811954039,0.409984093811623,1.0,0,0,0,0,0,0,0,0,0,0,0,0,0,0,0,0,0,0,0,0,0,0,0,0,0,0,0,0,0,0,0,0,0,0,0,0,0,0,0,0,0,0,0.5716666666666667,0.7563291139240507,0.49833333333333335,0.7088607594936709,0.33,0.9208860759493671,0.76,0.6128691983122363,0.7983333333333333,0.6613924050632911,63,59,67,28,28,1,1,0,1,0
7ce4f0e9-e260-4011-b996-c159faae25b8,USE_COMPUTER,0.3640179040706726,0.1133064568469634,0.3694161006163732,0.036186288345061886,0.37721999229166464,0.029685740468497736,0.38417230312626743,0.0226375827497506,0.33745548844841217,0.03823151241848606,0.31854255523275077,0.0332559029573006,0.2983696449378335,0.027115074112255926,0.3615554624177798,0.0,0.23186163448626013,0.0015510178969849807,0.3658240265417979,0.17334640231476736,0.3257987695515391,0.18131190579901574,0.40211275795890733,0.17589531601248756,0.022514901228495206,0.26412795162682917,0.4506881648965879,0.5606076780009082,0.0,0.8688984459651812,0.4599790197443432,0.6191759109044299,0.25221410380260434,0.7123896682340237,0.47367286861271285,0.6526656401229506,0.32261138946766654,0.7514649111540224,0.4505908851423559,0.5763170093757515,0.3414689804609401,0.6752258142295697,0.434015283134512,0.5858724128931978,0.31802124043431707,0.6477713512271374,0.3357237939257347,0.8388137486996563,0.23540085578097705,1.0,0.6422441290327852,0.6752732314688539,0.5772733812591447,0.8013246124337129,0.8245420478971296,0.5648630195973672,0.8704223460531931,0.6443634742397846,0.838471308664192,0.5964140949877548,0.8952496202323506,0.6519945676439814,0.9151775438496152,0.4489544232015871,1.0,0.5017170078702541,0.0,0.059544457908708076,0.2123198386932313,0.0,0.42933182446494145,0.08858233959685252,0.5830525193301348,0.2373995057947308,0.6901202293916836,0.36182153557993185,0.4921607228483771,8.352765113284377e-05,0.7270289825481667,0.1561258356720021,0.8767766717470343,0.26607986382461724,1.0,0.3638907433011773,0.4144240058744146,0.12016465071836945,0.6345485217499319,0.3677773102197979,0.7698649672009408,0.5542496274476924,0.8824667161743731,0.7213232804852198,0.29983061909003794,0.2799872177382357,0.49054247127896894,0.476475892464477,0.618410509196623,0.6373235715664282,0.7311046877701213,0.7773190787912536,0.16940707389648715,0.4655223800318291,0.2705013376617121,0.6825816372052407,0.338672813642609,0.839936341805273,0.4048233090823819,1.0,0,0,0,0,0,0,0,0,0,0,0,0,0,0,0,0,0,0,0,0,0,0,0,0,0,0,0,0,0,0,0,0,0,0,0,0,0,0,0,0,0,0,0.5716666666666667,0.7563291139240507,0.49833333333333335,0.7088607594936709,0.32944444444444443,0.9208860759493671,0.7605555555555555,0.6128691983122363,0.7972222222222223,0.6603375527426161,63,59,67,28,28,1,1,0,1,0
7ce4f0e9-e260-4011-b996-c159faae25b8,USE_COMPUTER,0.36702035898309243,0.11104491222861933,0.3721321478512417,0.03562684441681677,0.37954538528698617,0.029613237959299658,0.38610717771906694,0.02297402570244021,0.3399122577606801,0.03639625754175699,0.3207352523897022,0.03125129419270873,0.3002173380946852,0.024924181907656016,0.36358079146829236,0.0007236642364302559,0.23316987763791847,0.0,0.3685550262252728,0.17267264830943213,0.32801528910371963,0.17846459818036578,0.3973914880320451,0.17045895273237727,0.01994502123966728,0.25925695955698674,0.45508234501105144,0.5499946020997744,0.0,0.8576958856401972,0.46441315303197006,0.5895536249902102,0.25391598751084044,0.7008238255993793,0.47976411386725426,0.610926732481412,0.3263808837601485,0.7376502164168451,0.45510716582846594,0.5643701798552238,0.34502515122018035,0.662414324076574,0.4377440294076005,0.5622021160120348,0.3204379873643846,0.6352090240941999,0.3479742801751778,0.826707427891463,0.24406036864631744,1.0,0.6764753295694491,0.599266330756966,0.5987708367350957,0.7103148747795516,0.8405504191696761,0.5946062704797301,0.8527963087415995,0.6772521940575298,0.8395323757999109,0.6430494814940474,0.8608564468532044,0.7073266112732174,0.9569973490457337,0.5408213934689683,1.0,0.61048154483394,0.0,0.08297224443131458,0.21168885119724196,0.007310329905842695,0.4201678226776692,0.10500053451186264,0.562714758923143,0.2771690459379339,0.6597944619631921,0.44353026201323414,0.49309921938033996,0.0,0.7297041677266431,0.17025259046213193,0.8795887687191449,0.28758658612074334,1.0,0.3873309806276258,0.4166613516270933,0.12092002614307122,0.6435529944205423,0.3699891113212173,0.7810777639196036,0.5581046401390883,0.8920955620672537,0.7184121092862314,0.3013777795130809,0.281496991690421,0.49408648292878,0.47626799336565157,0.6246773690141842,0.6330201584587622,0.7400327244763514,0.7645779308693723,0.16947296714286997,0.4673528476039466,0.27077551964717517,0.6888289581243563,0.3410487498663156,0.8454735807109712,0.40971388758000143,1.0,0,0,0,0,0,0,0,0,0,0,0,0,0,0,0,0,0,0,0,0,0,0,0,0,0,0,0,0,0,0,0,0,0,0,0,0,0,0,0,0,0,0,0.5722222222222222,0.7573839662447257,0.49833333333333335,0.7088607594936709,0.32944444444444443,0.9219409282700421,0.7605555555555555,0.6139240506329114,0,0,63,59,67,28,0,1,1,0,1,0
7ce4f0e9-e260-4011-b996-c159faae25b8,USE_COMPUTER,0.34865782127798445,0.10977960550439417,0.3537062272670379,0.035255878691619134,0.36071440819303413,0.0295505025247398,0.36701460889369747,0.02294841864831264,0.32209373715133816,0.03526529264074406,0.3032089821191816,0.03023150295557325,0.2835567584472001,0.02404886281237895,0.3464267890753767,4.8813069536658205e-05,0.22167760300193023,0.0,0.3507482107358203,0.17141586840833248,0.31076791062450704,0.17816166028590744,0.37884896541537955,0.16517761623234464,0.019380842601083567,0.26539793750834617,0.4482039141519657,0.5397111172811864,0.0,0.8568452136402777,0.4292407904072734,0.5744187206024741,0.24117259402790792,0.6924716183961582,0.456489950791134,0.5977032521010249,0.31233355160195925,0.724485205165399,0.4278953989394596,0.5590976927340467,0.3297274440174402,0.6516795821787202,0.4076054545119146,0.5544666108725533,0.30567988696087,0.6254248916204579,0.3486047707356123,0.8162279747004185,0.24653732238746506,1.0,0.67730908830693,0.5334189963963171,0.5887310248361964,0.6727203395809026,0.8507552676341055,0.4879951809878208,0.8643929092781251,0.5762902369328284,0.8567580881649254,0.5303506300895615,0.8886864673328131,0.5979108238681499,0.9608234434618023,0.40309623624502905,1.0,0.40893857956059637,0.0,0.08553133033637353,0.22252222658690665,0.009501696753622974,0.4404651085717962,0.08607056073785002,0.5939045882147672,0.22704379440312197,0.7018332974302839,0.3765403273925338,0.491908167472617,0.0,0.7296963381813822,0.21404482097921276,0.8785966813885415,0.3713302375455072,1.0,0.5096734104438985,0.4149070923306213,0.12245409747160856,0.6466793903174837,0.37215792223964067,0.7930473501112669,0.5538686847349,0.9125747750048494,0.7115148235858019,0.30445550345010436,0.284406049757439,0.50224385936012,0.483585900700073,0.6307535448981442,0.6399583934022411,0.7437443403959992,0.7686547158879636,0.17853083747030687,0.47029600228292734,0.28659820393776847,0.6889474444926231,0.358545234430667,0.8453100543924733,0.4268554972117464,1.0,0,0,0,0,0,0,0,0,0,0,0,0,0,0,0,0,0,0,0,0,0,0,0,0,0,0,0,0,0,0,0,0,0,0,0,0,0,0,0,0,0,0,0.5716666666666667,0.7584388185654009,0.49833333333333335,0.7088607594936709,0.3283333333333333,0.9219409282700421,0.7605555555555555,0.6139240506329114,0,0,63,59,67,28,0,1,1,0,1,0
7ce4f0e9-e260-4011-b996-c159faae25b8,USE_COMPUTER,0.35296219954225966,0.10853252343918664,0.3598717613465071,0.035754786058411814,0.3668661484542755,0.0306813358518516,0.3734105376431419,0.0247087610953187,0.3274000532103246,0.03525745197876733,0.30857288416532347,0.03034414300764518,0.2889917756776188,0.02432777038418677,0.3546411839056859,0.002193500892585872,0.22712180597309298,0.0,0.35568565475709285,0.16824124789536313,0.3137131963502727,0.1722825452817522,0.3881777943422218,0.17039427662777845,0.021301208770063463,0.25580614849900707,0.45715676968544805,0.535917802057316,0.0,0.8293602411193766,0.44946202034010835,0.576227735379714,0.2466306136987362,0.6733294664946318,0.4664733838945277,0.6272875930281913,0.3196602028646789,0.7027872241002131,0.4418202789025617,0.5610129088153213,0.3375717520226818,0.6387976950033792,0.42203036480193956,0.5499929821950679,0.3136644898001526,0.6135927835545492,0.37814917892774996,0.847674513643571,0.2663587274104397,1.0,0.7203292663996536,0.5447698188166233,0.618362673020531,0.652745032718754,0.8525999366688338,0.6786763010700321,0.8389559036197316,0.746608427340917,0.8406516506270304,0.7349205409741164,0.8356780160519077,0.7891707096550904,0.9760967228588442,0.6717472192300256,1.0,0.7209031943131542,0.0,0.06824863369180435,0.2404740115663585,0.0,0.46341301455755285,0.06070553709657557,0.617454052715952,0.16526475419171735,0.7322594851543186,0.29253131104881247,0.5130192134051912,0.020267555318643365,0.7423995754269709,0.25344214849036895,0.8829086203742644,0.4234193868046976,1.0,0.5773177518600465,0.43041141706591235,0.14646164768703232,0.6658853484905498,0.4075735071785743,0.8159620428455451,0.5956161351848714,0.9420430338144635,0.7575513352038348,0.3117800443043788,0.3089079305135515,0.5147663029250201,0.5199319404206951,0.6470690900505452,0.6725468169774308,0.7655531546961649,0.7946291209664784,0.17645985777515896,0.4916587701289443,0.29406541650670126,0.7013177726733736,0.37004918157493494,0.8559816056441117,0.4424588803005798,1.0,0,0,0,0,0,0,0,0,0,0,0,0,0,0,0,0,0,0,0,0,0,0,0,0,0,0,0,0,0,0,0,0,0,0,0,0,0,0,0,0,0,0,0.5716666666666667,0.7584388185654009,0.49833333333333335,0.7078059071729957,0.76,0.6149789029535865,0.3277777777777778,0.9219409282700421,0,0,63,59,28,67,0,1,1,1,0,0
7ce4f0e9-e260-4011-b996-c159faae25b8,USE_COMPUTER,0.3670278896944585,0.11432049731238096,0.3783470445950793,0.039368144377120634,0.3860908056418508,0.03473001291922331,0.39345356901729595,0.029360432158534323,0.3430047564201432,0.03784272971393932,0.3234557193601739,0.03244794823899009,0.30340633195522554,0.025846446847864944,0.3748576245613041,0.007889709331190186,0.2389788278330701,0.0,0.3714811075023827,0.17456580483652565,0.32361549901186626,0.17547274482751055,0.4064409351877082,0.17232225553364255,0.02521845528782878,0.25786010849221785,0.45083394605471927,0.5300901099825458,0.0,0.8357246011086943,0.47548589171607336,0.5850581822204789,0.2571349294276617,0.6893577097956605,0.4918163960918283,0.638969081637971,0.3300061531456378,0.7239242895112913,0.46825478198621734,0.5792366457929322,0.35202110288253663,0.6576971553022303,0.45394881811596716,0.5640621585617512,0.3286481923356035,0.6295842442162932,0.39741687568345196,0.8562791265398151,0.2767845019988082,1.0,0.7542171388843564,0.602990347612138,0.6562230750009541,0.6699404737414272,0.8620596933587119,0.8673790982875857,0.8355324146568541,0.8739683136162031,0.8820227744848852,0.9299685293937474,0.8384156294952572,0.9109577048583777,0.9861566856580375,0.930617690649975,1.0,0.9377162918446146,0.0,0.06454022355567138,0.24360387324789332,0.0,0.47191452297172454,0.04616792081885361,0.6360240020537201,0.12621321641240144,0.763122487221623,0.23502023254064228,0.5192715057536721,0.08406999554022683,0.750780952706262,0.2921963783152525,0.8893275400776977,0.4674632831999581,1.0,0.6328761611493784,0.44065586684549546,0.1932439343268414,0.6871407123868466,0.4440903643820052,0.8478090894195519,0.6296016626557785,0.9759435077518863,0.7959522924215477,0.3255925660454092,0.33143583978401175,0.5383895695780427,0.5356160320667505,0.6838818726640135,0.6839978104585497,0.8076670795811222,0.8120074758447127,0.18932919458197883,0.49020594556459746,0.31160693461452454,0.7016706157649165,0.3917743384251147,0.8556451023730574,0.466038631073832,1.0,0,0,0,0,0,0,0,0,0,0,0,0,0,0,0,0,0,0,0,0,0,0,0,0,0,0,0,0,0,0,0,0,0,0,0,0,0,0,0,0,0,0,0.5716666666666667,0.7584388185654009,0.5,0.7067510548523207,0.32722222222222225,0.9219409282700421,0.7605555555555555,0.6149789029535865,0,0,63,59,67,28,0,1,1,0,1,0
7ce4f0e9-e260-4011-b996-c159faae25b8,USE_COMPUTER,0.42122840336375555,0.11465060126827493,0.43445863083267533,0.039340309864874155,0.44377650491522413,0.034607789688661246,0.45235242543670323,0.02916442575942325,0.3936275790856081,0.03804123514591784,0.371265819835155,0.03258338531778268,0.34825288722404546,0.026025699364252985,0.43245994836003215,0.00883599594118909,0.27404713238174533,0.0,0.42724638680001237,0.17532156971039928,0.372014604682209,0.17660426156750764,0.46003109449573687,0.17312896795788144,0.034951971125824016,0.2588643929017256,0.5032809528034801,0.5254345942120326,0.0,0.836587908597197,0.5465913059437729,0.5896607011588949,0.29583832744615635,0.7007112116488701,0.5654666045373857,0.655863328533059,0.3695181491708451,0.7541614193605648,0.5390283133274063,0.5942038699423806,0.40288465472289686,0.6864938767185622,0.5224656327490028,0.5762878021603304,0.3789489671816672,0.6543305824687973,0.46339299803813055,0.8405945242842299,0.3298211668003448,1.0,0.8553581457278769,0.5694189567991406,0.7109392949915516,0.731135508226266,0.6690304181225213,0.8265128509467684,0.8400765589810575,0.792844747723472,0.5895222950024057,0.8654440491352493,0.8058152308682436,0.8779251456120257,0.7458574892033423,0.9307953425305762,1.0,0.7874736983212682,0.0,0.025392387429040188,0.29290693073915475,0.0,0.5655028160491529,0.1110965490293159,0.7674490318376466,0.2589201245543396,0.8907995485012102,0.4431464775537644,0.541758110687023,0.12348742442886301,0.7594046732452058,0.3596271136254972,0.8929156581642153,0.5617657980384876,1.0,0.7575063891133876,0.4478920359337181,0.22301439947188184,0.689644619251536,0.48795157622400365,0.858953756283746,0.6972062646075883,0.9910735896481102,0.8859148263835798,0.320101005399367,0.34977440908285584,0.5336875698194005,0.5645505534804589,0.6782119833364364,0.7151414099492996,0.7937243995531559,0.8445289045188566,0.17293887311487618,0.493873974890117,0.30407047104822194,0.7007395110538336,0.38327912632656863,0.8547446903009254,0.4477369786818097,1.0,0,0,0,0,0,0,0,0,0,0,0,0,0,0,0,0,0,0,0,0,0,0,0,0,0,0,0,0,0,0,0,0,0,0,0,0,0,0,0,0,0,0,0.5705555555555556,0.7616033755274262,0.49944444444444447,0.7078059071729957,0.7594444444444445,0.6149789029535865,0.32666666666666666,0.9229957805907173,0,0,63,59,28,73,0,1,1,1,0,0
7ce4f0e9-e260-4011-b996-c159faae25b8,USE_COMPUTER,0.48889846594871,0.11399415652025253,0.5041225867570099,0.04184169394767756,0.5147420885072934,0.0372978770929002,0.5245556498587799,0.03181615918153971,0.4577946604027413,0.040189258144008574,0.4318900244405784,0.035035381596549564,0.40508445029828777,0.02874573457128735,0.5023304831064186,0.01176407203509774,0.31762274875508006,0.0,0.4947478288736908,0.17484663565167136,0.43239309888221333,0.17417478416544868,0.5281465483845975,0.16790548942351197,0.04273773216788635,0.2553054303905835,0.5729007163132056,0.510754400912732,0.0,0.822820483872144,0.6349375250920923,0.5836066428269819,0.34322443071765146,0.6930816879030494,0.6573290039936046,0.654265134735225,0.4251427167780697,0.7510393374020186,0.6266615367277798,0.59230396496965,0.46552346506828574,0.6836853778963914,0.6068944265620487,0.5727774190059685,0.440515101037492,0.6507549312027809,0.5401308838755573,0.8174235106071861,0.3780119315100333,0.9822881992995083,1.0,0.6040202091389327,0.81487635321214,0.7679545723467986,0.6908280918740359,0.8693321222970967,0.7362180141853962,0.8495075284509374,0.5848302894130739,0.8935646815068355,0.6662364326616282,0.8605667330735289,0.7652491248582517,1.0,0.8760524592011382,0.9271393910359386,0.0,0.04239350703477842,0.2860778555235601,0.0,0.559601570287539,0.08724282715499393,0.7630648739196966,0.2216167181920837,0.8781638815598385,0.4040750167003365,0.5508534952415806,0.15333533423328968,0.7665978382058241,0.41061338350836724,0.8996180233545867,0.6016513256859476,1.0,0.7673859587967145,0.4455617821192549,0.24811877270359717,0.683178596155146,0.5089531300401032,0.8554243058443706,0.6935689011694498,0.9922319845918428,0.8497373482333085,0.3072552423600104,0.3586083785666827,0.5164548938131718,0.5754220395989765,0.6756395353439525,0.7130211480769153,0.8064121901273072,0.8226570067164738,0.15135299379447792,0.4716323081637167,0.26332153445858025,0.6981826355082578,0.3469934790564391,0.8557808736395787,0.42062826115681745,1.0,0,0,0,0,0,0,0,0,0,0,0,0,0,0,0,0,0,0,0,0,0,0,0,0,0,0,0,0,0,0,0,0,0,0,0,0,0,0,0,0,0,0,0.5711111111111111,0.759493670886076,0.4988888888888889,0.7067510548523207,0.76,0.6160337552742616,0.32555555555555554,0.9240506329113924,0.32611111111111113,0.9240506329113924,63,59,28,73,67,1,1,1,0,0
7ce4f0e9-e260-4011-b996-c159faae25b8,USE_COMPUTER,0.48414656004800377,0.11236312426321597,0.500891442922651,0.04258952628291241,0.5122155675549286,0.03816014922119896,0.5224985016434384,0.032875759038920524,0.4538762361001459,0.04114748597233019,0.42813364284109534,0.03602466190572088,0.40099701455536313,0.029574235648270674,0.5020785075453081,0.013739010831366211,0.311446440531619,0.0,0.49097675945091485,0.17089598611295054,0.42722115954134443,0.1702686492134534,0.5294230746206218,0.16454227043047714,0.042788996182095924,0.2484046846100693,0.5781444887593326,0.5001206563969818,0.0,0.7963107288410026,0.636845908377345,0.5739205888904914,0.34213061725247534,0.672215406360054,0.6568867355124238,0.6432925625258685,0.42132474792043606,0.7301627683159356,0.6247419692666117,0.5854712025035439,0.4612388714892502,0.6612544381590146,0.6065544560173366,0.5574557907761348,0.43751668264209387,0.6307130967609758,0.5594414422535846,0.7918305146355337,0.3789283880641374,0.951427836456254,1.0,0.6234547308325967,0.8044880620949948,0.7391678155933884,0.725992489553761,0.8736257334567098,0.7079438956143755,0.8424957284799062,0.6217401501103256,0.9019687502113669,0.6401294396956382,0.8497344577433152,0.8311026425305077,1.0,0.8448597038219184,0.9367793207590313,0.0,0.05069339687742187,0.2624287258811971,0.0,0.5256706459046449,0.07794960289770309,0.7182669603616456,0.1953136234703913,0.8414914441149598,0.34580714214708375,0.5462448465054933,0.13775333427915967,0.7595529376227156,0.3656796293132818,0.8895234335395479,0.5469009227597669,0.9865941102492669,0.7118631717417971,0.4529386694899667,0.2471241570805236,0.6960885032771514,0.49791628664715176,0.8653806295899187,0.6813467602069623,1.0,0.8442474938014595,0.31820684560526735,0.37579128507881726,0.5362038877199908,0.5871434210539015,0.6875719470451803,0.7135989561165529,0.817785294614645,0.8198972909796155,0.16223148368303075,0.5068027112401811,0.28366598327254566,0.7180631599672243,0.3661515041399926,0.8600090143041759,0.44316777849058125,1.0,0,0,0,0,0,0,0,0,0,0,0,0,0,0,0,0,0,0,0,0,0,0,0,0,0,0,0,0,0,0,0,0,0,0,0,0,0,0,0,0,0,0,0.5711111111111111,0.760548523206751,0.4988888888888889,0.7056962025316456,0.7605555555555555,0.6160337552742616,0.325,0.9251054852320675,0,0,63,59,28,67,0,1,1,1,0,0
7ce4f0e9-e260-4011-b996-c159faae25b8,USE_COMPUTER,0.47815336780299034,0.10735369800390775,0.4956216764336162,0.041587267274203234,0.5074873405415199,0.03740514069348021,0.5182426853753019,0.03249887726938764,0.4478257572808855,0.04040129798035892,0.4225773061002718,0.03545655708069287,0.3954831259498493,0.028961312619266048,0.4995878806239402,0.014766668786609469,0.30585223572015807,0.0,0.4855944487023621,0.16247779325667086,0.42232531625472447,0.16198796317710726,0.5280834687368727,0.15663897761083542,0.04051861408045101,0.2353060479913268,0.6050415893073363,0.4766994483799236,0.0,0.7514047874610075,0.6220684763954135,0.5504716085033474,0.3398584762469258,0.6340349248076151,0.6435185408909317,0.6138980025309857,0.4200526630661172,0.6887260585595327,0.615358060613047,0.5554108012489922,0.4604958032004995,0.6240660222109045,0.5983357423785153,0.530418216767816,0.4363816577751212,0.5945343285351733,0.5651635812115036,0.7493959447309335,0.3771669435362628,0.8953044842338416,1.0,0.6267864670660036,0.7975370540612232,0.6892629965764807,0.8193227535671983,0.8911463482820808,0.788817748519933,0.8517694552955949,0.7584847783811691,0.9304453616250831,0.7397333248048067,0.8772008576624168,0.9088345021544341,1.0,0.9382825205064644,0.9503083694828103,0.0,0.07942873151765095,0.24704576587876523,0.0,0.5045080513165331,0.08575605794576545,0.6938704163293398,0.22482113123999037,0.8154400937723093,0.3597814103523839,0.5300464221350608,0.08268795397730624,0.7558789986745179,0.3584129565860453,0.8904637054530373,0.5953840063880079,0.9930264482527357,0.8088049479840118,0.43174660725294345,0.1867397794140999,0.6829671085036347,0.4863075226960297,0.8585512616289509,0.6996156079723065,1.0,0.8823538085321646,0.2968993403139943,0.3255814085376089,0.5188387635635668,0.569508717725361,0.6731454563114015,0.7079057269761765,0.8083887250729966,0.81991420651232,0.14363568293454068,0.4809692486377845,0.27274928156219547,0.7065508840222673,0.3589681587442765,0.8558444828571817,0.43781661772364666,1.0,0,0,0,0,0,0,0,0,0,0,0,0,0,0,0,0,0,0,0,0,0,0,0,0,0,0,0,0,0,0,0,0,0,0,0,0,0,0,0,0,0,0,0.5711111111111111,0.7616033755274262,0.49944444444444447,0.7056962025316456,0.7605555555555555,0.6160337552742616,0.325,0.9251054852320675,0.8,0.6687763713080169,63,59,28,67,28,1,1,1,0,0
7ce4f0e9-e260-4011-b996-c159faae25b8,USE_COMPUTER,0.47776954130610333,0.09888207719626295,0.4979950464806538,0.0391251080257657,0.5111154965078508,0.035437856515315495,0.522676083079204,0.03127050602330141,0.4478661324398523,0.037702331921321365,0.4226603027752318,0.03325338983990705,0.39519286701763295,0.0272393614250184,0.5062741847406954,0.015833387619979312,0.30618580791416083,0.0,0.48531033588537303,0.14925491228908938,0.42082971627155946,0.1480598139119013,0.5354639177828352,0.14518886580424992,0.04038733700068073,0.21450513085691167,0.6291357843505693,0.448382253290027,0.0,0.6833242327479602,0.629321728338683,0.5049193952812463,0.34000632993231567,0.5743721924134948,0.6469488265758842,0.5575997157150474,0.42370080543668875,0.6138523304441654,0.6225937262783382,0.5099466648847599,0.46035127384099367,0.556777354574929,0.6052888240895068,0.48497210505160304,0.4323092640358323,0.5350171233594831,0.5755570215762706,0.6945100776984028,0.37641163368179426,0.812038848921802,1.0,0.6412886615280279,0.7972863220386015,0.6479853503408503,0.8012369193569473,0.8693932262754077,0.736662348159101,0.8621911357782175,0.7232216612634859,0.8931690064910053,0.6813456146606505,0.8867249719223875,0.8994951371372534,1.0,0.8682442577326162,0.9883257150296844,0.0,0.07597637402963514,0.22783121745956425,0.0,0.4688374236066996,0.0777207846230498,0.6466013720242256,0.2022034414478958,0.7564112021120938,0.3085045558870649,0.5165378903063219,0.07698976573557535,0.7474311703382058,0.36048624132607876,0.8884759653547919,0.5997050254193879,1.0,0.8148631950367726,0.42611607708085386,0.17405192159370286,0.6820244128271383,0.46004249594234925,0.8535648738898131,0.6843859499686706,0.990009831629221,0.8772045791069785,0.29567166101687453,0.3154524441001,0.5186611038508498,0.5309740812090223,0.6633891816847647,0.6768645648949911,0.7886601570198163,0.7965451335611763,0.14665119075012137,0.4796043980149891,0.274109235676153,0.6971744048876168,0.3549677802206997,0.8522974295905711,0.429321540516111,1.0,0,0,0,0,0,0,0,0,0,0,0,0,0,0,0,0,0,0,0,0,0,0,0,0,0,0,0,0,0,0,0,0,0,0,0,0,0,0,0,0,0,0,0.5716666666666667,0.7616033755274262,0.4988888888888889,0.7056962025316456,0.325,0.9261603375527426,0.7611111111111111,0.6170886075949367,0.7994444444444444,0.6708860759493671,63,59,67,28,28,1,1,0,1,0
7ce4f0e9-e260-4011-b996-c159faae25b8,USE_COMPUTER,0.44139759060335804,0.11586045502482159,0.45926888290166423,0.04720442654502159,0.4714473652485634,0.043333898237391394,0.48206777208780227,0.03874921606069012,0.4131899559346227,0.045122629157037214,0.3901589271579539,0.04009775358884987,0.36487677798477325,0.03279316631603036,0.46713208693327307,0.021453814775515404,0.2822468512004974,0.0,0.44805656536597455,0.1753403726855575,0.38890441880714155,0.17346987460209345,0.49474912754272465,0.17813346344117245,0.036456037361554575,0.24840043997750458,0.5943468866591821,0.522202564520499,0.0,0.7938126814124616,0.5829864474421895,0.5901861053031537,0.30820402379130446,0.6655421837607715,0.5999213638451928,0.6480258762039742,0.3886029911856902,0.7037782366573799,0.5787710689719557,0.5957471359903973,0.4193281184078137,0.6357919972884605,0.5584532179476408,0.5662758753943984,0.3921827630634888,0.6149045078264399,0.5461854511428452,0.8117763066284834,0.36393200852752977,0.956346265318525,0.956802451183414,0.6486491416876526,0.7633031990744699,0.6757981068877636,0.863985784926825,0.9122112107908908,0.7067500119937417,0.9033436563253243,0.794041245798796,0.9390481114753603,0.6964713547891977,0.9310054608591651,1.0,1.0,0.8335250549058271,0.9880337128984867,0.0,0.04704191521743835,0.2278416228663805,0.0,0.4591944807499111,0.09399426800445287,0.6263915055091264,0.23856005251123438,0.7374322761697861,0.39346939609676107,0.510575775763904,0.07138786903928966,0.7397203886959869,0.351952701419294,0.8841279088558717,0.5922577185984501,1.0,0.8206250856553445,0.4265110130440578,0.16216931026108952,0.6744031367923206,0.45089454234199144,0.8445985345502053,0.6801431075398342,0.9802008549303002,0.8872120477698354,0.3028260567027727,0.2959341060948136,0.5213824729939416,0.5096198465537098,0.6648008639588087,0.6564475332462955,0.7852988636633788,0.7837073316166199,0.1605439756476018,0.45558364650129474,0.2913112359253433,0.6810453438355802,0.3761049572120821,0.8431906104911868,0.45321616573136125,1.0,0,0,0,0,0,0,0,0,0,0,0,0,0,0,0,0,0,0,0,0,0,0,0,0,0,0,0,0,0,0,0,0,0,0,0,0,0,0,0,0,0,0,0.5716666666666667,0.760548523206751,0.49944444444444447,0.7078059071729957,0.76,0.6170886075949367,0.3238888888888889,0.9261603375527426,0.8005555555555556,0.6719409282700421,63,59,28,67,28,1,1,1,0,0
7ce4f0e9-e260-4011-b996-c159faae25b8,USE_COMPUTER,0.30339226506433203,0.12151169333026886,0.31566944077886544,0.04992073266847113,0.32389318852075394,0.04591769165522594,0.3311071303771349,0.04124488091511127,0.2844529868155935,0.04771206717537299,0.26871548828656616,0.04245344692687886,0.2514416654913857,0.03475221978614494,0.32300476595140715,0.02380438090136159,0.19487625414454968,0.0,0.30812896545033325,0.18367442195526534,0.26794985263324317,0.18153981915992431,0.341041810208146,0.1879683713477797,0.027140175384855855,0.2569347457020438,0.4188664258014443,0.5448980501940393,0.0,0.8285593073220116,0.41226692382113334,0.6167338057862368,0.20691751279409348,0.6929652977739408,0.41422219457442405,0.6748402379881354,0.26309081448317434,0.7259963611989969,0.39703808988249284,0.6200879405964302,0.2819851775362937,0.6507780154244988,0.3847273962032287,0.5910483898224019,0.2641186987349186,0.632339271714556,0.3865159192927833,0.845713510301379,0.27043001359133817,1.0,0.6935855037104444,0.533024511941162,0.6151521187845229,0.6090700879996441,0.8690105586641862,0.609841532257679,0.8197211844316745,0.7189195214031355,0.8640189083990517,0.6715685450267742,0.8098713943203837,0.7680517140959422,1.0,0.5583857841009938,0.9725097668092874,0.6787638176559511,0.0,0.0955703640551476,0.21200882211808533,0.0,0.4325714867715479,0.04955299736697079,0.5916452378727376,0.14516339853888074,0.705357320982508,0.26636988172564685,0.5042351836821265,0.10368612313533017,0.7348424314269845,0.3581638036202974,0.882469059061571,0.575776131284061,1.0,0.7852927184260232,0.4314135968978736,0.19956383093974178,0.6899133643223969,0.4607076913656425,0.8618443917810031,0.670804816700659,0.9996372242563097,0.8635964870962728,0.3169497122469101,0.3314519813662548,0.5449975797450385,0.5320455905003697,0.6882811359763288,0.6685256449508485,0.8092571339771246,0.784790488123107,0.18138787184513727,0.4838250048280053,0.32503026631204596,0.6962560585578159,0.4129899966294931,0.8512627000089494,0.4917666706216748,1.0,0,0,0,0,0,0,0,0,0,0,0,0,0,0,0,0,0,0,0,0,0,0,0,0,0,0,0,0,0,0,0,0,0,0,0,0,0,0,0,0,0,0,0.5711111111111111,0.7616033755274262,0.49944444444444447,0.7088607594936709,0.7577777777777778,0.6170886075949367,0.3238888888888889,0.9261603375527426,0.3238888888888889,0.9261603375527426,63,59,28,67,73,1,1,1,0,0
7ce4f0e9-e260-4011-b996-c159faae25b8,USE_COMPUTER,0.2918509221747715,0.12021992935441815,0.303473864564789,0.04902120322702706,0.3112957434951116,0.04547673068583035,0.3182093679743653,0.040916549499051554,0.27354978080544823,0.04689825078518504,0.2584560493015791,0.04199210156726833,0.24207843821814945,0.034512067074980494,0.31041581981800115,0.02452872321332545,0.1875402441067816,0.0,0.2963344018056721,0.18405426208227466,0.25785943336405376,0.18159652361972128,0.3284733488477535,0.19071587455514985,0.02693001647116727,0.25818385495257984,0.4072826139587878,0.5225849077023373,0.0,0.830737964363888,0.3960307723911545,0.6186311848177293,0.19821157411220053,0.6927876931804683,0.4010111716428558,0.6829624708129861,0.25247362396865347,0.7221508658865632,0.3775689104334431,0.6214808555552845,0.27060133360385813,0.6465076558561538,0.3695975139584269,0.5985343587218164,0.2533310338368006,0.628859858616683,0.3710341965906876,0.8470588671600762,0.26841749413442567,1.0,0.6555981851715544,0.48567561987952423,0.5958049556556062,0.5668847739340257,0.8737297404669504,0.5258379174893498,0.8476265409369181,0.6489384788262732,0.8825151888765841,0.5946986481904641,0.8507964636946248,0.7095514934951604,1.0,0.42817760988404313,0.9972983429244134,0.551299973331748,0.0,0.10224081273941328,0.20963169409045002,0.0,0.42633881809000396,0.04272243344191511,0.5771452201111682,0.13808593563424815,0.6856251569914753,0.24792588099309343,0.5145075757180959,0.07894488598912909,0.7357858224581452,0.3212585854436728,0.8797781430344771,0.5368809883171097,0.994399377975021,0.7409422972211342,0.44757605162140274,0.19142613891462798,0.6962755629023802,0.4416148037408175,0.86346666360935,0.6540346808937458,1.0,0.8513548045050294,0.337258597921511,0.3365434215679719,0.5626311302239728,0.5152920006113696,0.7061380149190106,0.6556514668093195,0.8254411134747411,0.782100484319326,0.20482397672826116,0.5048634926396837,0.3476854375489214,0.6989052663756293,0.43919883015945643,0.8446142162528777,0.5193507301601861,1.0,0,0,0,0,0,0,0,0,0,0,0,0,0,0,0,0,0,0,0,0,0,0,0,0,0,0,0,0,0,0,0,0,0,0,0,0,0,0,0,0,0,0,0.5711111111111111,0.7616033755274262,0.49944444444444447,0.7056962025316456,0.7583333333333333,0.6181434599156118,0.3233333333333333,0.9261603375527426,0.3233333333333333,0.9261603375527426,63,59,28,73,67,1,1,1,0,0
7ce4f0e9-e260-4011-b996-c159faae25b8,USE_COMPUTER,0.3389349828130353,0.1225375208923103,0.35366995940880736,0.051514803245805,0.3629889461456265,0.04844482999718316,0.37149585782689065,0.044266506806828435,0.3186705984053034,0.048157757752464295,0.30102613103164805,0.04295007392610234,0.2821755145962814,0.03478734573546904,0.36270521286119395,0.028566465751275787,0.21832170945849835,0.0,0.34433941735451684,0.1860904165363834,0.29882415224633174,0.1819305352936383,0.38195442494868403,0.1910517448276586,0.03214789801553122,0.25697293094262735,0.4692177960681148,0.5184721935146891,0.0,0.8265170432203152,0.45031116146326744,0.6156295950376052,0.23091587509078618,0.6865024440857647,0.4637786327735808,0.6791644375703134,0.2950011005811885,0.7116979217869225,0.44086393582277156,0.6195456204068371,0.3154243078035131,0.638972434676483,0.4239137923076126,0.5961306794185698,0.29501014387312263,0.6223780147098973,0.43337068924642685,0.8405091488446814,0.31141530344797486,1.0,0.7654889767609377,0.507921844136991,0.6733456192315651,0.6000012664951972,0.8830099466791179,0.6199968926429238,0.8758947599461296,0.6937539067627344,0.8857856092965041,0.6716177926355192,0.8060542955479686,0.7372389082655865,0.9931600056646176,0.5801615081335932,1.0,0.6620616419876931,0.0,0.11239723763365116,0.21423364528712843,0.0,0.4357247366266177,0.04045927871545336,0.5952654101225993,0.13203728969061948,0.710742350273609,0.22778068895367987,0.5165108456421031,0.08270245217280872,0.7368900430417261,0.32072599649748945,0.8810320246237746,0.5280494600543477,0.9939827833095367,0.7255704042011136,0.45000971608255863,0.20003418241421608,0.699960616093158,0.4541964551174813,0.8674554878720429,0.664560135827621,1.0,0.8591203844097332,0.3420819642489728,0.3489733703563695,0.5665146385513373,0.5275212942791339,0.708639623743404,0.6642005083447226,0.8254924027508463,0.7864115408375997,0.2108249629541879,0.5194367972502146,0.35274211750328893,0.7121668624045073,0.4443819220593523,0.8526067354785568,0.5255769378648727,1.0,0,0,0,0,0,0,0,0,0,0,0,0,0,0,0,0,0,0,0,0,0,0,0,0,0,0,0,0,0,0,0,0,0,0,0,0,0,0,0,0,0,0,0.5711111111111111,0.7616033755274262,0.49944444444444447,0.7056962025316456,0.7588888888888888,0.6181434599156118,0.3238888888888889,0.9261603375527426,0,0,63,59,28,73,0,1,1,1,0,0
7ce4f0e9-e260-4011-b996-c159faae25b8,USE_COMPUTER,0.32128164773174844,0.12103105998473,0.33556957268822846,0.05010052431718779,0.34433715758961764,0.04767415793689944,0.3528284724391746,0.04388978035007685,0.302413236765042,0.04632508101461872,0.28561095663209185,0.04087816387384028,0.26762321599655997,0.032506576096268,0.34589790475959115,0.030512432955414927,0.20535700729513698,0.0,0.3265842464981431,0.18486613963469128,0.28326986564761125,0.17915974690915984,0.366397976178972,0.19006496695540567,0.03067782440430312,0.25488755740209534,0.5906703127168593,0.3470948186326677,0.0,0.8158830327863718,0.7946826469838545,0.33713581555714933,0.21970768842287372,0.6735100923363725,0.8597398381593365,0.3350710153024133,0.28247886400136324,0.6955924833251663,0.8485219641538417,0.3039155317901173,0.3010403413221225,0.6254096491904259,0.8138094657145591,0.33092430890723623,0.28089834923285345,0.609454869743311,0.4225279531407886,0.8267447254355532,0.30646482043250434,1.0,0.7471339512613187,0.4667938531034789,0.6547902101087331,0.60585119350325,0.8639752247686104,0.6746197958134706,0.8350122395373286,0.7665162093248323,0.8451374178550596,0.7656881537110919,0.8108244392536637,0.8374791590114651,0.9990069758783497,0.6722841342092927,1.0,0.6989099356050567,0.0,0.10452274221956806,0.21226214736846516,0.0,0.4355289806910617,0.0498420973977907,0.5938586608970824,0.14914483718674607,0.7027082374223743,0.25641103172531055,0.5268356899277912,0.08389451606094209,0.7465782374171369,0.33337481268872865,0.88970069495837,0.5417713584275681,1.0,0.7322081185952919,0.4546100895448282,0.18811023351907943,0.7066001928432224,0.45292897552000866,0.8716513654316216,0.6703193697153799,0.9992447584824569,0.8678415403339244,0.33997993005897903,0.32681797327605305,0.571241743801337,0.516890141539578,0.7184017581100736,0.6641085146456045,0.8383243694230887,0.796877534916798,0.20317725183219393,0.4905552089251168,0.3478953011093461,0.6964339190257081,0.443875918322882,0.8449048136016621,0.5279258669172266,1.0,0,0,0,0,0,0,0,0,0,0,0,0,0,0,0,0,0,0,0,0,0,0,0,0,0,0,0,0,0,0,0,0,0,0,0,0,0,0,0,0,0,0,0.5716666666666667,0.7616033755274262,0.49944444444444447,0.7067510548523207,0.7583333333333333,0.619198312236287,0.3233333333333333,0.9261603375527426,0.3233333333333333,0.9261603375527426,63,59,28,73,67,1,1,1,0,0
7ce4f0e9-e260-4011-b996-c159faae25b8,USE_COMPUTER,0.3064741844551284,0.12267592876433389,0.32070304551992057,0.04986113788975644,0.32932374208466075,0.04726344130020765,0.3377148633248209,0.04337197318467371,0.28873774448483924,0.04656301365872739,0.2727017649361649,0.04113408911532449,0.25550548536173917,0.03272246581156865,0.33153069948796116,0.02972362126195156,0.19564964492540635,0.0,0.31181372865021045,0.18803291854560283,0.27035316929021835,0.18214408868532495,0.350338185635867,0.19328679166244758,0.029192992925988464,0.2597213325547105,0.47301676976182677,0.3879446438008631,0.0,0.832914828187441,0.46815389493144627,0.5210605175807393,0.21007905520765574,0.6851844073843405,0.48775481859141057,0.6099229468562178,0.270741901572986,0.7063675719312944,0.4601367352923227,0.5632431952572438,0.28858854914921445,0.6353660475135623,0.44885067493427905,0.5440619976114219,0.2691362483178312,0.619435091569096,0.4002662386756675,0.8418289683756143,0.28767299588470485,1.0,0.7043177450733765,0.46361945872767296,0.6267091482160051,0.5563285806824786,0.8610989135304826,0.6520429278252704,0.8220943521378615,0.7348759312611054,0.8526425264873246,0.7387936432196701,0.801931226560846,0.8121874076714692,1.0,0.6350036272542032,0.9914090738015395,0.6970636024806812,0.0,0.10008003030262226,0.2166889628533281,0.0,0.4408590716811325,0.05677994828180736,0.6000421164671477,0.17303230542888806,0.7047677352417097,0.29301511676989034,0.5233380219177639,0.08129486336596797,0.7404723872609155,0.3225648570373098,0.883606347597941,0.5116658655830474,1.0,0.6853111317057577,0.4456834400188273,0.1841487310776926,0.6895635863527009,0.45324667189273715,0.8572991929327735,0.6622633412622072,0.9940369754434413,0.8496179680031005,0.32939533940634025,0.3251642318993644,0.5558393725897379,0.5185700159767883,0.7002662771935942,0.664629709098339,0.8216044445382683,0.7912169231012416,0.19417124774464495,0.49007524721869816,0.3417985868570039,0.695784153531725,0.43746369213905,0.844742383802382,0.5226984562594688,1.0,0,0,0,0,0,0,0,0,0,0,0,0,0,0,0,0,0,0,0,0,0,0,0,0,0,0,0,0,0,0,0,0,0,0,0,0,0,0,0,0,0,0,0.5722222222222222,0.7616033755274262,0.49944444444444447,0.7056962025316456,0.7588888888888888,0.619198312236287,0.3227777777777778,0.9261603375527426,0,0,63,59,28,67,0,1,1,1,0,0
7ce4f0e9-e260-4011-b996-c159faae25b8,USE_COMPUTER,0.30004328851307865,0.1216783515781854,0.31386661507037067,0.048454372114368,0.32225670779478155,0.04574866803922692,0.3305785774179624,0.04172101039897833,0.28249230565365513,0.045439237931209756,0.2666866315709201,0.040062792376795685,0.24967761212851636,0.031832330079417985,0.3246852029319749,0.02799813584783432,0.1906003964470263,0.0,0.30541369415224057,0.1872200243479963,0.2647717203893617,0.18149172591796717,0.34281124921387485,0.19249186047942293,0.029820407462753083,0.2612030484488605,0.4552141472008382,0.4233378556448976,0.0,0.8353610247113735,0.426360720712438,0.5735680102937009,0.2056129067317712,0.6857169945996707,0.4407398351372462,0.6693587308755853,0.26539151658661503,0.7057942096039913,0.4155419080630208,0.6231955222490436,0.2826178496471871,0.6355984474603209,0.40507410158352336,0.5978250370378041,0.26371049712443,0.6198441236088102,0.3942448363008041,0.8427580633460997,0.2787489704015705,1.0,0.6841495200864489,0.461903046383395,0.6209478414160193,0.5374193584664292,0.8615376756456847,0.6336194977266797,0.8316694445757268,0.7241494610888856,0.8570629370472176,0.7153323175251738,0.815194858158609,0.8018253258689305,0.9939960299100417,0.6117068577851318,1.0,0.6931118063174627,0.0,0.09938249491914976,0.22012973299770205,0.0,0.43832827215058195,0.06260943483447483,0.5913653342090446,0.187031447477782,0.6951955875431471,0.3165821927282658,0.5185727960622232,0.0704976100200633,0.7377695624741731,0.3299047200182544,0.8807076658580434,0.536906066635691,0.995731951965012,0.7284408203607611,0.44354573246099827,0.17563130820514458,0.6897617228400088,0.44500090444454693,0.8613487397250333,0.6608250189460443,1.0,0.854998031503045,0.3304155721364073,0.3206167247757509,0.5562558750921155,0.515990343133256,0.702797672856598,0.6670331736072441,0.8259795431282991,0.7987019742901292,0.19765239085087127,0.4919782271231688,0.3440456553228824,0.6970796490518701,0.4393779248202264,0.846373886735168,0.5244209355195832,1.0,0,0,0,0,0,0,0,0,0,0,0,0,0,0,0,0,0,0,0,0,0,0,0,0,0,0,0,0,0,0,0,0,0,0,0,0,0,0,0,0,0,0,0.5722222222222222,0.7616033755274262,0.49944444444444447,0.7056962025316456,0.7588888888888888,0.619198312236287,0.3227777777777778,0.9261603375527426,0,0,63,59,28,67,0,1,1,1,0,0
7ce4f0e9-e260-4011-b996-c159faae25b8,USE_COMPUTER,0.31576822529107357,0.12320185634522142,0.33015702842603684,0.04869497630813974,0.3387428076383156,0.045923459675789646,0.34754292239208634,0.041749735383189164,0.29748507840305416,0.04582346349135915,0.28090733290075987,0.04041174234448375,0.2627967187327608,0.03209442262660978,0.3408919575037365,0.028077504108803084,0.19987472161508602,0.0,0.3210821502898349,0.18969134869076504,0.27886100496820915,0.1840130464213491,0.36001056955073024,0.19410785625760466,0.0306703812642001,0.26845493459124653,0.47498517980593796,0.43844991782393833,0.0,0.8478728482661063,0.45215031466822575,0.5821966092305693,0.21570338657250804,0.6931850254441959,0.46683640859011916,0.6731618211289281,0.278485666480653,0.7152789251964665,0.4377759385324691,0.6249846882609058,0.2967738391675763,0.6439405506008109,0.42640131394486547,0.6013607168748507,0.27697378791625293,0.6280753560844908,0.4111334098910324,0.8559451236315178,0.29005340000026014,1.0,0.7128778824287073,0.46450895740269943,0.644707709587344,0.5319876714709868,0.8641016881126375,0.6343608143838492,0.8326433798343899,0.69644267389458,0.8533347713030903,0.711444249583467,0.8145755736476432,0.7619134374465644,0.9927786956266208,0.6152803666338339,1.0,0.670406245098053,0.0,0.09775117881755531,0.21963153909027813,0.0,0.4402633053132719,0.06472550600824263,0.594259286487079,0.18407513443274137,0.6974913692203024,0.30601422915250737,0.5288669344830148,0.07413726519022483,0.7427281959180404,0.3466932656268891,0.8817455386339047,0.5599315892585276,0.9921979121707827,0.7542565966243032,0.45041998472782807,0.17808860763951248,0.6960247558850298,0.4608815688925982,0.864774877751481,0.6786455893970393,1.0,0.8714047091663116,0.33212968803769455,0.320689436597399,0.5566198119804866,0.5235558091025727,0.7003255217596831,0.6740271600503808,0.8226024982490755,0.8031395224629745,0.19339981839922554,0.4861235830419303,0.3388962404002173,0.6940884808660039,0.43305250033068626,0.8453416017832807,0.5182999933072262,1.0,0,0,0,0,0,0,0,0,0,0,0,0,0,0,0,0,0,0,0,0,0,0,0,0,0,0,0,0,0,0,0,0,0,0,0,0,0,0,0,0,0,0,0.5722222222222222,0.7626582278481012,0.49944444444444447,0.7056962025316456,0.32222222222222224,0.9261603375527426,0.7594444444444445,0.619198312236287,0,0,63,59,67,28,0,1,1,0,1,0
7ce4f0e9-e260-4011-b996-c159faae25b8,USE_COMPUTER,0.3178605308094094,0.12415935737757199,0.33214690508030226,0.04883940946415187,0.34051403728089574,0.0460060482526855,0.34931589219305403,0.041720476786221754,0.29981084620663057,0.04607471229396012,0.28328798968667696,0.040650024913526935,0.26480626143588043,0.03229724960023442,0.34221375426462264,0.028110111800913516,0.20054767203070756,0.0,0.322669271272092,0.19108991675967774,0.2809397011855868,0.1854681339252204,0.3615735009418992,0.19448063152212153,0.029971398317571906,0.27173936909266116,0.4636279021253547,0.45257479033942566,0.0,0.8552205002540398,0.4231072445807605,0.5891271517180467,0.21647137087205423,0.6978750247153479,0.43194208174191995,0.6762372972236517,0.280060611133688,0.7214900940999625,0.4040396944343467,0.6261516696283262,0.2981128557305229,0.6491132900221396,0.394915280271126,0.6037622875984244,0.2781739550491239,0.6331335023434456,0.4116970533992137,0.8632179220447559,0.29042501497596523,1.0,0.7012915586755996,0.44976903161631215,0.6406788770842072,0.5423775471778708,0.8543139531463935,0.64000982967953,0.8112991469742596,0.7011716971156141,0.8429788948136545,0.7161998833053478,0.781768484377547,0.7536716299628661,0.9861921064786068,0.6329483831756902,1.0,0.6991910474864883,0.0,0.08787994928039773,0.22067375080251764,0.0,0.44479760202194873,0.0794296671466403,0.6005189921697491,0.21882201097014373,0.7062023204299226,0.34813908728595205,0.5324354279944524,0.07430756042056197,0.7453825892317829,0.36775114441475454,0.8837057665738024,0.5855087362365768,0.9951851580267325,0.7798974623483367,0.45613782887396426,0.17747980409434228,0.6996682311693888,0.46935989187459554,0.8656048727656775,0.6845516544762914,1.0,0.8709264923956416,0.33821350213151846,0.3203441960202783,0.5643958077587167,0.5331808640958228,0.7126588615618193,0.6939284528849758,0.8394004632841263,0.8329494738199454,0.1987310593971187,0.4877755968030413,0.3429605554345148,0.6928091113801511,0.4371031922924546,0.8437924603544164,0.5224921225344838,1.0,0,0,0,0,0,0,0,0,0,0,0,0,0,0,0,0,0,0,0,0,0,0,0,0,0,0,0,0,0,0,0,0,0,0,0,0,0,0,0,0,0,0,0.5722222222222222,0.7626582278481012,0.49944444444444447,0.7046413502109705,0.7594444444444445,0.620253164556962,0.32166666666666666,0.9261603375527426,0,0,63,59,28,67,0,1,1,1,0,0
7ce4f0e9-e260-4011-b996-c159faae25b8,USE_COMPUTER,0.34956895587024817,0.1244904541228738,0.3651327986580809,0.048773169981082554,0.3741615132504171,0.04587809903522051,0.38381166119422266,0.04148476263691515,0.3299917111680395,0.04610688466194377,0.3119690314683745,0.04069763249795106,0.29155033878457426,0.0323473576976864,0.3757317187932937,0.027901317056706676,0.22043522322977552,0.0,0.3544609111485117,0.19158604519838027,0.30933166989533667,0.18596792171434254,0.39712509853867617,0.193580623242262,0.03259868166605392,0.273105030685772,0.48912380384223286,0.4547499455503942,0.0,0.857995771528882,0.44510988363045345,0.5954994582507434,0.23703500640869504,0.6998009828282596,0.45296379077485593,0.6778391649633639,0.3055715269394892,0.7240530604111938,0.4245587371657587,0.6253836222223977,0.3262075511481662,0.651219230536369,0.4140685809553713,0.6042070460708329,0.30416551434931227,0.6352053811661246,0.44925835698937794,0.8658566579650302,0.3124765964508931,1.0,0.7511788975473931,0.4663250790821153,0.6796089629327047,0.551080826104955,0.8618353931946766,0.6754630677165397,0.8158070499179297,0.7101247196403248,0.8395705932188637,0.752414352172153,0.7844113155840904,0.7646154129637788,1.0,0.6882012425382867,0.9847816888145007,0.7634856766349216,0.0,0.1074427097292951,0.22196036648732273,0.0,0.4505855997737309,0.053393303850620924,0.6089056483701556,0.1666158536585366,0.7179152176661289,0.30231841329402304,0.5344031831943793,0.10845282766014473,0.7447150316798121,0.3727150897882605,0.8808503731511181,0.5822098633074243,0.9887272579231671,0.7739809479138747,0.46304727223639974,0.21173333780041098,0.7049893829239706,0.4787763557580631,0.8673460095435835,0.6860655096935585,1.0,0.8706730769230769,0.35080008399382046,0.34386614401858306,0.5802939140906062,0.5513127624408112,0.7319075810851059,0.7169503260966675,0.8636562810021834,0.8616434378629501,0.21484285441856776,0.49661730545876887,0.3604438387747187,0.7005254400071473,0.4561306382459005,0.8496426337889752,0.543176734140274,1.0,0,0,0,0,0,0,0,0,0,0,0,0,0,0,0,0,0,0,0,0,0,0,0,0,0,0,0,0,0,0,0,0,0,0,0,0,0,0,0,0,0,0,0.5722222222222222,0.7637130801687764,0.49944444444444447,0.7056962025316456,0.7594444444444445,0.620253164556962,0.3211111111111111,0.9272151898734177,0,0,63,59,28,67,0,1,1,1,0,0
7ce4f0e9-e260-4011-b996-c159faae25b8,USE_COMPUTER,0.35955222660274627,0.12445253962801871,0.3755046286898626,0.04867634671418512,0.3846288595819275,0.04577682907657317,0.394501337078293,0.041370887225051264,0.3398197985108613,0.04604159177070864,0.3215293109948609,0.04065497530750345,0.3004748234212098,0.03233302844814507,0.3858234948894959,0.027830746843614494,0.22644946008383865,0.0,0.3640808359564619,0.19146925217239277,0.3181234756411719,0.18570808917537063,0.4075982119128672,0.19337407902285403,0.03272848157932701,0.2731603855512339,0.4920520855067394,0.45694459731928344,0.0,0.8575778080806856,0.445265457825225,0.5998741175816388,0.24390340654925233,0.6994647079566796,0.4498135310195025,0.6802894357396685,0.31383860206252057,0.7245083526108187,0.42152307448400955,0.6243864061633643,0.3361739989221477,0.6523925554313996,0.411476432656526,0.6033980701385439,0.3130292699793629,0.6361661721149734,0.4541242665869974,0.8636573957007756,0.31982814439017765,1.0,0.7075236701179402,0.477986938526313,0.6515328683653054,0.6089500774722646,0.8598984674481747,0.7414523641111765,0.8227630760303409,0.7918817625186186,0.8470660718588829,0.8135805184085588,0.7996561971858115,0.8279542493725902,1.0,0.7898464994229912,0.9896387713238496,0.8628674554932081,0.0,0.09196084828711257,0.20850632406650732,0.0,0.4429204523794396,0.08676220353871252,0.6017579875161854,0.22747295771113063,0.7050969916591993,0.3814179947295771,0.539610587361507,0.1581282469569582,0.7467859325944118,0.43751236039653657,0.8763756186586801,0.6398147822813401,0.9750844048717112,0.8166575479984942,0.46748440618625814,0.25113916426151334,0.716308708216576,0.5429915924206299,0.8764030050544332,0.7440025097251851,1.0,0.9206615635587904,0.35236541777398994,0.36629439076421133,0.6019472275108395,0.6046570460534572,0.7595025315984234,0.7712234910277325,0.8897451093374464,0.9160160622411846,0.2125510208552881,0.49336428661061615,0.3578673446807951,0.7060464299159243,0.45400454833260667,0.8572327770109173,0.5368615409558071,1.0,0,0,0,0,0,0,0,0,0,0,0,0,0,0,0,0,0,0,0,0,0,0,0,0,0,0,0,0,0,0,0,0,0,0,0,0,0,0,0,0,0,0,0.5711111111111111,0.7637130801687764,0.49944444444444447,0.7078059071729957,0.7594444444444445,0.6213080168776371,0.32055555555555554,0.9272151898734177,0,0,63,59,28,67,0,1,1,1,0,0
7ce4f0e9-e260-4011-b996-c159faae25b8,USE_COMPUTER,0.3652928345142139,0.12374254467927928,0.38153742530920387,0.048214038241928735,0.3907992381975609,0.045320894305542155,0.4008799304661706,0.040913678918164276,0.34530432527415605,0.04560745408285078,0.32672615778656583,0.04029303654049784,0.305298528504382,0.03205792889845795,0.3919550291260273,0.0275903282233493,0.22989550397465866,0.0,0.3699338133597728,0.19026886250565933,0.3231643648031925,0.18431928962770278,0.41312063893284623,0.19195412994674882,0.03250939491247803,0.27171097245070647,0.48423576682322284,0.47889943971445326,0.0,0.8530494143452336,0.4505025408831577,0.6180784786777614,0.24885882090550887,0.6956891108138327,0.46490127847551804,0.6851377919985795,0.31917254194863964,0.7220487402041091,0.442204526619404,0.6374809944278779,0.3433629555577558,0.651287313597418,0.42868160830897745,0.6046302596311262,0.31957886399071966,0.6343932061144515,0.4577594662586545,0.858851068879352,0.32413686543443054,1.0,0.7381403126624132,0.4828605097007741,0.6642442427147246,0.6249641088858857,0.8570682391489575,0.7578004730086016,0.8172453900777253,0.7902042087008883,0.8347509495979091,0.8285477850522793,0.7898761402969029,0.8230147625239002,1.0,0.8071521564121236,0.9839944745683856,0.8556188339492803,0.0,0.09608002681751852,0.20885728115199612,0.0,0.44033101289295384,0.07284149314691046,0.5940156503675618,0.1725870450297569,0.7018158482380451,0.29327035460597844,0.5498110370497354,0.15167713935858781,0.7667173107541375,0.44572287436848024,0.8969863406621602,0.6396177111009208,0.9966409076496101,0.7968015931356702,0.4699054232870926,0.24183662202716966,0.7186373603225984,0.5478945363284867,0.8758547590316224,0.7522478073992875,1.0,0.9234283253076405,0.3468918311759176,0.3533919286829077,0.601110584502237,0.5951141584760169,0.7629587799704874,0.7540462522617334,0.8986899763922362,0.8823341586152771,0.20030464883591428,0.47976898737010265,0.34962963709925904,0.7102161217451679,0.4498150146274018,0.8625020267319731,0.5380791437115617,1.0,0,0,0,0,0,0,0,0,0,0,0,0,0,0,0,0,0,0,0,0,0,0,0,0,0,0,0,0,0,0,0,0,0,0,0,0,0,0,0,0,0,0,0.5716666666666667,0.7626582278481012,0.49944444444444447,0.7088607594936709,0.7583333333333333,0.620253164556962,0.32055555555555554,0.9272151898734177,0,0,63,59,28,67,0,1,1,1,0,0
7ce4f0e9-e260-4011-b996-c159faae25b8,USE_COMPUTER,0.36505161447457646,0.12350831028851128,0.38139349301923486,0.04794920124356214,0.3906618562379434,0.04499773615670911,0.4008204566796169,0.04047709744256755,0.3451590811780092,0.04539815734637325,0.3265822075947831,0.040139538685233934,0.30507438648470014,0.031956339142026696,0.3917329958136478,0.027152592131828773,0.22946475207559028,0.0,0.36972975206152164,0.189713705385719,0.32287597407441443,0.18353153187562968,0.4121151870338856,0.19013748684634865,0.03175151977535167,0.2713689357503882,0.46728772814301883,0.49129468987506747,0.0,0.8518401811893095,0.4451906018345393,0.6264058364528673,0.24925331455865213,0.6944545899635864,0.465628312782913,0.6870505776580095,0.3194474078223248,0.7211876066203121,0.44546332791564186,0.6426013815866728,0.34417008883911404,0.6504301984304399,0.4209953925488407,0.6186114632203049,0.3209091070677712,0.6335448716702662,0.44885229604271987,0.8556598980992015,0.32330318088238214,1.0,0.7189705283577134,0.47334945476218165,0.6608219513887378,0.6193426226502324,0.8548575678776715,0.7293385792203626,0.8197684134197977,0.765022501454191,0.8365619988255073,0.8041020181114283,0.7925645701644118,0.7920457311122547,1.0,0.7665184681982592,0.9901850179498919,0.8338412913421379,0.0,0.11069682201907365,0.21212971860233282,0.0,0.44578858590799725,0.06090015352763703,0.6010109021629088,0.1579024543841813,0.710966029468313,0.27668983301296957,0.5448672962519714,0.13838633398229286,0.7592925567359011,0.4058449576667092,0.8928088247141162,0.6048438381086053,0.9912762764383887,0.779715109506777,0.472525060080798,0.2335863315126794,0.7238783141332239,0.517218865377254,0.8801683951056124,0.7202339547155211,1.0,0.8984906545710487,0.35771253071865244,0.352435450478076,0.6104477607808386,0.5774594263087922,0.7683473787165175,0.7367772779097191,0.8973605974610066,0.8746763777356115,0.21815039453587948,0.48608527163690096,0.3696268138781176,0.7044680452597828,0.4669251781245822,0.8557488485427223,0.5502930470162524,1.0,0,0,0,0,0,0,0,0,0,0,0,0,0,0,0,0,0,0,0,0,0,0,0,0,0,0,0,0,0,0,0,0,0,0,0,0,0,0,0,0,0,0,0.5711111111111111,0.7658227848101266,0.49944444444444447,0.7067510548523207,0.7583333333333333,0.620253164556962,0.3194444444444444,0.9282700421940928,0,0,63,59,28,67,0,1,1,1,0,0
7ce4f0e9-e260-4011-b996-c159faae25b8,USE_COMPUTER,0.3105967557457222,0.12210581419122427,0.3245079735663929,0.04590418478879836,0.3324245886297533,0.04293121373191427,0.34118778067250305,0.03828539973279337,0.2935970617677096,0.04342256382062486,0.277734346823242,0.03823737389214677,0.25936799644169733,0.030273145825205152,0.3332911146624196,0.024931414525667068,0.19489019918222922,0.0,0.3147095953132712,0.18853024004229932,0.2747490090263908,0.1823624071100199,0.34562430971741787,0.188092347288118,0.026510887766216754,0.27203951566168405,0.39709947785546856,0.4933824965478568,0.0,0.8545164644016461,0.38069199580215757,0.6311297553014811,0.2116617368324402,0.6959821353020574,0.3957870524560063,0.7029193536362194,0.2716961018555369,0.7225054349242999,0.37444367150800745,0.6556062393342612,0.29259329092862724,0.650677187222565,0.35986822626532133,0.6310529139564465,0.27269150696259986,0.6343246171768764,0.3807529544928164,0.8582356083707668,0.27461234923619987,1.0,0.6233960390774458,0.42431218991887293,0.6000593908471754,0.5552076477263423,0.8310718848631907,0.5847705256725562,0.8275365148114701,0.6829071001860201,0.8322628608943154,0.6689136280412363,0.8161601722942985,0.7387900827096454,0.9670776269144437,0.5371500459904598,1.0,0.6060575221502038,0.0,0.10519917836818533,0.2078902631309567,0.0,0.4364546165690856,0.03366445544443322,0.5933043870907831,0.12132707007441829,0.6980004176035367,0.24592326946605156,0.534864329082448,0.1023908138869246,0.75053700610847,0.36349406786319605,0.8904732903438821,0.5554550964743914,1.0,0.7237857920553142,0.45741842272393174,0.1930223030384663,0.7070693110546281,0.46485110729478846,0.8665650805787475,0.6593163170241663,0.9994140517345074,0.8299199694694189,0.33925237019874727,0.32424318954776576,0.5827755104035685,0.5441374549617807,0.7366317315151378,0.704420760795142,0.8701475650156846,0.8402874588903481,0.19962725218773478,0.4842885364402689,0.350686778612291,0.6991009192847762,0.445563695536068,0.8500763264527281,0.5298666628291309,1.0,0,0,0,0,0,0,0,0,0,0,0,0,0,0,0,0,0,0,0,0,0,0,0,0,0,0,0,0,0,0,0,0,0,0,0,0,0,0,0,0,0,0,0.5716666666666667,0.7637130801687764,0.49944444444444447,0.7025316455696202,0.7583333333333333,0.620253164556962,0.3194444444444444,0.9282700421940928,0,0,63,59,28,67,0,1,1,1,0,0
7ce4f0e9-e260-4011-b996-c159faae25b8,USE_COMPUTER,0.2839276696682795,0.11918409314336945,0.29676005055321575,0.04247696162166487,0.30403024922041116,0.03945676394205197,0.31211457471836745,0.034616549011711004,0.26809242605456557,0.04022877592732422,0.2533463810755313,0.03526531690951358,0.23670858132426906,0.027710115670345085,0.30494878013020565,0.020666202315243794,0.17808994960480995,0.0,0.2878975959367154,0.1857185072896553,0.2507620988873225,0.17981582155587883,0.3140999128287543,0.18400950730262836,0.02414321561242206,0.2692294931195128,0.3638193958351825,0.5006033621813664,0.0,0.854295524282185,0.3498856028060645,0.6304198553515086,0.1936852620384358,0.6953300536361483,0.3637635779540368,0.7051528427594873,0.24919812685475937,0.7219209270067806,0.34205085073254005,0.6552660241135926,0.2679149016225915,0.6495383599087845,0.32968027978364733,0.6308143282760971,0.24972582546048547,0.6331417874146834,0.34843958756264043,0.8579571422847536,0.25093292731628003,1.0,0.5759962326679988,0.4131846719945003,0.567886569494628,0.5552920506013703,0.8137499797111108,0.5614500071581452,0.8345129458647441,0.6783506118061522,0.8238946921212632,0.6528079159097612,0.8336080748011032,0.7427467094632286,0.9427613877182341,0.4893246051797877,1.0,0.5954048726131432,0.0,0.15240314533491897,0.18266452785927595,0.03674318892260175,0.37681116713349183,0.029107026176130264,0.5054279919313668,0.040724480295189235,0.5992050749073716,0.0,0.5006788925249286,0.07166496572590014,0.72581708260325,0.2781631904944661,0.8762765912165336,0.4180344467754695,1.0,0.5343334750305911,0.43255566074968577,0.1796233606573835,0.6719640684388142,0.4168693166922238,0.8260131063658736,0.602519687026899,0.9543083040985161,0.7718364366180135,0.32512945048618075,0.3247919144217404,0.5593782246135627,0.5173900397727567,0.7047921928996732,0.6778515712619604,0.8306629723629918,0.8234979947256494,0.1972226231016888,0.5028778311484993,0.34242200543668116,0.6992415467833288,0.4293824584044527,0.8477666619051799,0.5102224263979003,1.0,0,0,0,0,0,0,0,0,0,0,0,0,0,0,0,0,0,0,0,0,0,0,0,0,0,0,0,0,0,0,0,0,0,0,0,0,0,0,0,0,0,0,0.5716666666666667,0.7647679324894515,0.49944444444444447,0.7088607594936709,0.7588888888888888,0.620253164556962,0.31833333333333336,0.9282700421940928,0,0,63,59,28,67,0,1,1,1,0,0
7ce4f0e9-e260-4011-b996-c159faae25b8,USE_COMPUTER,0.2907250226152775,0.11917002630708383,0.3042333799957681,0.04193555526111498,0.31171680113519135,0.03880198580687847,0.32006209670703545,0.033851839354627135,0.2746074763459688,0.04008897214978569,0.25941991950565213,0.03513606651470084,0.2424981218937639,0.02769397558295641,0.3127388007410033,0.01979897628568579,0.1825573643627172,0.0,0.29488904616373046,0.18535011874545704,0.25614930104125855,0.1793345253386394,0.31929602272140506,0.18141443184832773,0.025260061958279786,0.26874768451388514,0.3701849014540794,0.5019515182834664,0.0,0.8548788244501537,0.35906073374792663,0.6344081595934344,0.19916325121228215,0.6955836117185944,0.3742308223875097,0.7123556494699639,0.2572857228550203,0.7221684532854539,0.35153820141692377,0.6635246663759944,0.2759859261233536,0.649667245424427,0.33885705672463107,0.6387050120268756,0.2578420136375012,0.6331979130230843,0.3554703043883416,0.8533475929435048,0.2581747883546207,1.0,0.592548175429954,0.39891650339106444,0.585745354941754,0.5502464151460743,0.8375320003155262,0.499137151793282,0.857990998713066,0.6422826374683808,0.8499737537537405,0.5876479432160173,0.8584948299618973,0.7095494455623287,0.9663359207510579,0.398996404727285,1.0,0.4850758962098887,0.0,0.09725211873353992,0.21760467081743895,0.006791820926544654,0.42963400470978513,0.04104531736477103,0.5714238352666711,0.12255512501859075,0.6692102770632853,0.19025667170784583,0.5107469706962005,0.0,0.733339657931071,0.19508261637809945,0.8811215347962535,0.3660697837107689,1.0,0.5273903727147148,0.4393590938279577,0.10685565682116831,0.6807016631141809,0.33933582515697325,0.8466448264025433,0.5497323237918155,0.9825961351607341,0.7493244595523408,0.33004250231689397,0.2680483292193966,0.5634063875376862,0.46564888299425233,0.7170033239841498,0.6505428499207713,0.8484672286377786,0.8179985396697548,0.20290049112541628,0.4663545664698138,0.35243285342897757,0.6683832381507299,0.448939329256008,0.8314701779876943,0.535713830314103,1.0,0,0,0,0,0,0,0,0,0,0,0,0,0,0,0,0,0,0,0,0,0,0,0,0,0,0,0,0,0,0,0,0,0,0,0,0,0,0,0,0,0,0,0.5716666666666667,0.7647679324894515,0.49944444444444447,0.7078059071729957,0.31833333333333336,0.9282700421940928,0.7588888888888888,0.620253164556962,0,0,63,59,67,28,0,1,1,0,1,0
7ce4f0e9-e260-4011-b996-c159faae25b8,USE_COMPUTER,0.290470981772452,0.12140706511896904,0.3043624901388018,0.0426012536584511,0.3118764990492603,0.03939244884010305,0.3202526666830573,0.03431659257268707,0.2746167766352181,0.0406755501551008,0.25936424003224884,0.03556119617476443,0.2424450282372795,0.027970895962705706,0.31293633550476324,0.020010106379871363,0.1825664960884945,0.0,0.29402516579436005,0.1889270880189743,0.25475417970973935,0.18206438873927291,0.3180977923951495,0.1842261025008909,0.025068935571414874,0.27215452830078457,0.3638198158120955,0.5350812891768266,0.0,0.8686522295375017,0.33390002049930184,0.6484930978683133,0.20226282151026337,0.7089127755156882,0.34122284193146213,0.7236864334994363,0.26188322856248525,0.7355228152986055,0.32009937568708,0.6717949047488302,0.28041169330338356,0.6632192032901232,0.3107268990826576,0.6479964247950976,0.2626551837575127,0.6452509945729324,0.3507964064014364,0.8499326436069845,0.2524340789589985,1.0,0.5838866137248958,0.40266925265365494,0.5811527867912554,0.5612479334497806,0.8314551473680893,0.47101396783483956,0.8484128606690451,0.6141650552929974,0.8467350750424603,0.5489869668592526,0.8547977304132252,0.6696379812944345,0.9567598386610893,0.3705993141682099,1.0,0.4987427196092979,0.0,0.07664019721936569,0.22831760815531685,0.004112822176906799,0.45640397894184537,0.10277503148669738,0.6148360547794068,0.26895067298073677,0.7183015563415552,0.4333480018349245,0.5149129956438198,0.0,0.7453791411450087,0.19931808976422621,0.8875921968275892,0.3625359076748168,1.0,0.5054370727118013,0.43721024039353906,0.11745617833785256,0.6787044900490161,0.3500626232183315,0.8336625614256665,0.5358271342378002,0.9529431954515714,0.6993752852478841,0.3248436555413495,0.2811905064835166,0.5548265875274918,0.4734192744110908,0.7016068404783606,0.6383214409526666,0.8215863713049979,0.7797857153695937,0.1970492348946522,0.4687111523022349,0.32682446802443443,0.6750526140086914,0.41663944702123756,0.8363310381213734,0.4963678623608817,1.0,0,0,0,0,0,0,0,0,0,0,0,0,0,0,0,0,0,0,0,0,0,0,0,0,0,0,0,0,0,0,0,0,0,0,0,0,0,0,0,0,0,0,0.5722222222222222,0.7647679324894515,0.49944444444444447,0.7067510548523207,0.31833333333333336,0.9282700421940928,0.7588888888888888,0.620253164556962,0.8038888888888889,0.6729957805907173,63,59,67,28,28,1,1,0,1,0
7ce4f0e9-e260-4011-b996-c159faae25b8,USE_COMPUTER,0.2912087951575111,0.12210578922591557,0.3052690177950246,0.04267444996828914,0.3127914713021058,0.03943014855902571,0.32115614727035063,0.034268047391683126,0.27567309385321337,0.04078765064715174,0.2604034099091467,0.03564897594636173,0.2433454060178412,0.028069310401151525,0.313626728221418,0.0199578816790823,0.18289130244299795,0.0,0.2944371026773387,0.18990192471614345,0.25526405622850734,0.18284539154432553,0.31635860267913535,0.18445025128554937,0.024380502121587957,0.27349536619794557,0.3665679973707844,0.54517051355864,0.0,0.8748443079381433,0.33084864347454496,0.6609910816205102,0.2072442188075711,0.7225256572650405,0.33583481051653086,0.7356006786747172,0.26584891573878,0.7495073102905363,0.3118700849049798,0.6810932210146795,0.284213069291386,0.6768366496559597,0.3036388598734759,0.6592240567148296,0.2673545231381756,0.6588662600051268,0.3464898782660997,0.8387481741740761,0.25319368711836365,1.0,0.5886090172256192,0.4104036292117587,0.5805184850830987,0.5671505279057362,0.846794897132491,0.5009034161424677,0.8480125401866158,0.6305371448057417,0.8627337153509209,0.5805007956191686,0.8545332824369667,0.684017595566186,0.977342197998844,0.4174117242008551,1.0,0.5416878962903867,0.0,0.07845954300639808,0.25111795925355246,0.0,0.4942786403803353,0.08389183017525201,0.6697240988766413,0.22977206178898482,0.7897267327775802,0.3843009414474853,0.5187699682614937,0.03127656793403276,0.741158126242872,0.23027032401568073,0.8845266221537408,0.372413030339254,1.0,0.49077544572684284,0.4302429773616214,0.1616832996131206,0.6564402828809609,0.40271653459738516,0.8062370774235181,0.5726457389083589,0.9265015210777923,0.719152149845103,0.31075211041312734,0.32564117746290683,0.5330138411494344,0.5383544610668397,0.6816388131642369,0.7010990815664202,0.8091138240290783,0.8338809376714172,0.17671684247955435,0.5031945758682442,0.2987731289426205,0.7055454574907469,0.3861772878722031,0.8543728096291968,0.4674739573044658,1.0,0,0,0,0,0,0,0,0,0,0,0,0,0,0,0,0,0,0,0,0,0,0,0,0,0,0,0,0,0,0,0,0,0,0,0,0,0,0,0,0,0,0,0.5722222222222222,0.7647679324894515,0.31833333333333336,0.9282700421940928,0.49944444444444447,0.7025316455696202,0.7594444444444445,0.620253164556962,0,0,63,67,59,28,0,1,0,1,1,0
7ce4f0e9-e260-4011-b996-c159faae25b8,USE_COMPUTER,0.29581169980118177,0.1214770887750453,0.3097497971071442,0.04053476860241455,0.3173986065977296,0.03626915983141253,0.32526258856677825,0.03067424734073333,0.2813319595040372,0.03966288365442791,0.2659098698025102,0.035063381447467304,0.24808504866637718,0.028159967653707152,0.31638503538205814,0.019333531591106526,0.1845407365317657,0.0,0.297490491664927,0.1900666409810537,0.25904690034416433,0.18327309910593556,0.31960893867221557,0.18304017063841443,0.02443929568549877,0.2739084664370588,0.3720250102423216,0.5419702818434458,0.0,0.8747236281758478,0.33911885893281146,0.6599715504978663,0.21391560326995188,0.7276188997279571,0.32932373885484706,0.734932326222911,0.27268967272573014,0.7682033011384196,0.3009798580698889,0.6799717555921144,0.2923099979571173,0.6950562617471393,0.2955722471597791,0.6580710885963204,0.27578486324407536,0.671378540988818,0.34972354104128967,0.8357974430607094,0.25647258909145304,1.0,0.5949470469182054,0.41496631326974437,0.585109171426881,0.5693952503102051,0.8439415132737139,0.5191933350229193,0.8525936237501298,0.615614235298771,0.85565738959782,0.5980869980501397,0.8622625986137422,0.667184422212879,0.9701261340510586,0.44259590719778263,1.0,0.5103578748134009,0.0,0.047663859447202514,0.2619663193033713,0.0,0.525529992516575,0.06845013141394533,0.7159563252739821,0.15595582172366998,0.8558693996324195,0.24692454864033808,0.5284852641042819,0.07908940013399068,0.7449890112395984,0.25667645113634413,0.8841195379131005,0.3826663502997612,1.0,0.48792151237696046,0.43287206402096584,0.20989566333980383,0.6434994731568624,0.4831518518200402,0.7798577120296823,0.6726488284403828,0.8946964457485052,0.8376828414615292,0.3046696739412455,0.35626384999914107,0.5184511896309929,0.5804722527614107,0.6602252480361919,0.7446140681634686,0.7883617305816799,0.8824612844210056,0.160499584671298,0.5115813907546425,0.28441436984471685,0.699695514747565,0.36256346381078475,0.8498783562090942,0.43656483257400625,1.0,0,0,0,0,0,0,0,0,0,0,0,0,0,0,0,0,0,0,0,0,0,0,0,0,0,0,0,0,0,0,0,0,0,0,0,0,0,0,0,0,0,0,0.5716666666666667,0.7647679324894515,0.49944444444444447,0.7046413502109705,0.31833333333333336,0.9282700421940928,0.7594444444444445,0.620253164556962,0,0,63,59,67,28,0,1,1,0,1,0
